detection_id,image_id,candidate_id,panorama_id,latitude,longitude,heading,bbox_x,bbox_y,bbox_w,bbox_h,confidence,detector_type,status,detected_at
1d790fd1-bbe,mapillary_1201156206981076,mapillary,1201156206981076,18.474905164111,73.859383824291,263,68,531,172,172,0.362,opencv_hough_v1,candidate,2026-09-08T16:58:44.671891+00:00
0478a9d5-a14,mapillary_1201156206981076,mapillary,1201156206981076,18.474905164111,73.859383824291,263,261,555,172,172,0.362,opencv_hough_v1,candidate,2026-09-08T16:58:44.716591+00:00
db7ce22e-b00,mapillary_1201156206981076,mapillary,1201156206981076,18.474905164111,73.859383824291,263,180,507,178,178,0.36,opencv_hough_v1,candidate,2026-09-08T16:58:44.723986+00:00
f0cc6791-7e5,mapillary_1201156206981076,mapillary,1201156206981076,18.474905164111,73.859383824291,263,0,504,172,172,0.363,opencv_hough_v1,candidate,2026-09-08T16:58:44.732433+00:00
9a67885e-473,mapillary_1201156206981076,mapillary,1201156206981076,18.474905164111,73.859383824291,263,272,506,138,138,0.395,opencv_hough_v1,candidate,2026-09-08T16:58:44.747549+00:00
c78c16f9-768,mapillary_1201156206981076,mapillary,1201156206981076,18.474905164111,73.859383824291,263,158,598,160,160,0.375,opencv_hough_v1,candidate,2026-09-08T16:58:44.771426+00:00
1b7a7bf9-ecf,mapillary_1201156206981076,mapillary,1201156206981076,18.474905164111,73.859383824291,263,94,571,146,146,0.387,opencv_hough_v1,candidate,2026-09-08T16:58:44.778597+00:00
ad7f0804-688,mapillary_1201156206981076,mapillary,1201156206981076,18.474905164111,73.859383824291,263,275,364,196,196,0.352,opencv_hough_v1,candidate,2026-09-08T16:58:44.798777+00:00
95c80239-ad9,mapillary_1201156206981076,mapillary,1201156206981076,18.474905164111,73.859383824291,263,9,613,148,148,0.38,opencv_hough_v1,candidate,2026-09-08T16:58:44.812599+00:00
2bde5851-e36,mapillary_1201156206981076,mapillary,1201156206981076,18.474905164111,73.859383824291,263,300,542,146,146,0.389,opencv_hough_v1,candidate,2026-09-08T16:58:44.833185+00:00
84bea9c8-ed7,mapillary_1201156206981076,mapillary,1201156206981076,18.474905164111,73.859383824291,263,160,497,132,132,0.387,opencv_hough_v1,candidate,2026-09-08T16:58:44.840413+00:00
b6531fe2-eb3,mapillary_1201156206981076,mapillary,1201156206981076,18.474905164111,73.859383824291,263,756,278,164,164,0.367,opencv_hough_v1,candidate,2026-09-08T16:58:44.869598+00:00
9fb00182-e2d,mapillary_1201156206981076,mapillary,1201156206981076,18.474905164111,73.859383824291,263,93,516,144,144,0.391,opencv_hough_v1,candidate,2026-09-08T16:58:44.876832+00:00
ea11eb55-b10,mapillary_1201156206981076,mapillary,1201156206981076,18.474905164111,73.859383824291,263,165,523,140,140,0.397,opencv_hough_v1,candidate,2026-09-08T16:58:44.883673+00:00
067c398f-e06,mapillary_1201156206981076,mapillary,1201156206981076,18.474905164111,73.859383824291,263,218,495,154,154,0.384,opencv_hough_v1,candidate,2026-09-08T16:58:44.891263+00:00
d97a47b2-bee,mapillary_1201156206981076,mapillary,1201156206981076,18.474905164111,73.859383824291,263,792,277,164,164,0.381,opencv_hough_v1,candidate,2026-09-08T16:58:44.939883+00:00
8ee8fa4f-b4d,mapillary_1201156206981076,mapillary,1201156206981076,18.474905164111,73.859383824291,263,55,440,164,164,0.363,opencv_hough_v1,candidate,2026-09-08T16:58:44.947745+00:00
25b8f2be-71e,mapillary_1201156206981076,mapillary,1201156206981076,18.474905164111,73.859383824291,263,53,547,132,132,0.385,opencv_hough_v1,candidate,2026-09-08T16:58:44.955131+00:00
75d61112-8fd,mapillary_1201156206981076,mapillary,1201156206981076,18.474905164111,73.859383824291,263,21,593,124,124,0.375,opencv_hough_v1,candidate,2026-09-08T16:58:44.974254+00:00
331a1e9f-e1d,mapillary_1201156206981076,mapillary,1201156206981076,18.474905164111,73.859383824291,263,60,515,102,102,0.356,opencv_hough_v1,candidate,2026-09-08T16:58:44.981234+00:00
bd53a60e-824,mapillary_1201156206981076,mapillary,1201156206981076,18.474905164111,73.859383824291,263,305,606,154,154,0.378,opencv_hough_v1,candidate,2026-09-08T16:58:45.001525+00:00
f37a69f4-879,mapillary_1201156206981076,mapillary,1201156206981076,18.474905164111,73.859383824291,263,296,441,144,144,0.392,opencv_hough_v1,candidate,2026-09-08T16:58:45.009420+00:00
5d5cac72-cf5,mapillary_1201156206981076,mapillary,1201156206981076,18.474905164111,73.859383824291,263,297,486,120,120,0.379,opencv_hough_v1,candidate,2026-09-08T16:58:45.016812+00:00
1c84bc81-d61,mapillary_1201156206981076,mapillary,1201156206981076,18.474905164111,73.859383824291,263,372,610,152,152,0.389,opencv_hough_v1,candidate,2026-09-08T16:58:45.022954+00:00
26c7ac3a-ca1,mapillary_1201156206981076,mapillary,1201156206981076,18.474905164111,73.859383824291,263,133,559,128,128,0.384,opencv_hough_v1,candidate,2026-09-08T16:58:45.064157+00:00
51dcf2f1-1e8,mapillary_1201156206981076,mapillary,1201156206981076,18.474905164111,73.859383824291,263,266,493,112,112,0.371,opencv_hough_v1,candidate,2026-09-08T16:58:45.072422+00:00
9ae776fe-244,mapillary_1201156206981076,mapillary,1201156206981076,18.474905164111,73.859383824291,263,767,378,168,168,0.36,opencv_hough_v1,candidate,2026-09-08T16:58:45.080701+00:00
4bfebf90-963,mapillary_1201156206981076,mapillary,1201156206981076,18.474905164111,73.859383824291,263,235,586,136,136,0.391,opencv_hough_v1,candidate,2026-09-08T16:58:45.087669+00:00
75182b1b-6cf,mapillary_1201156206981076,mapillary,1201156206981076,18.474905164111,73.859383824291,263,602,286,170,170,0.412,opencv_hough_v1,candidate,2026-09-08T16:58:45.102008+00:00
03bcbb4a-993,mapillary_1201156206981076,mapillary,1201156206981076,18.474905164111,73.859383824291,263,302,264,168,168,0.391,opencv_hough_v1,candidate,2026-09-08T16:58:45.108915+00:00
97310e29-ebe,mapillary_1201156206981076,mapillary,1201156206981076,18.474905164111,73.859383824291,263,627,257,146,146,0.456,opencv_hough_v1,candidate,2026-09-08T16:58:45.116132+00:00
2fe95c9d-666,mapillary_1201156206981076,mapillary,1201156206981076,18.474905164111,73.859383824291,263,651,283,146,146,0.427,opencv_hough_v1,candidate,2026-09-08T16:58:45.124124+00:00
02d449e1-efa,mapillary_1201156206981076,mapillary,1201156206981076,18.474905164111,73.859383824291,263,313,581,132,132,0.385,opencv_hough_v1,candidate,2026-09-08T16:58:45.131509+00:00
afd30435-5db,mapillary_1201156206981076,mapillary,1201156206981076,18.474905164111,73.859383824291,263,329,285,164,164,0.395,opencv_hough_v1,candidate,2026-09-08T16:58:45.145234+00:00
37777613-4c9,mapillary_1201156206981076,mapillary,1201156206981076,18.474905164111,73.859383824291,263,55,625,140,140,0.387,opencv_hough_v1,candidate,2026-09-08T16:58:45.152854+00:00
b9d915ff-f69,mapillary_1201156206981076,mapillary,1201156206981076,18.474905164111,73.859383824291,263,842,321,182,184,0.414,opencv_hough_v1,candidate,2026-09-08T16:58:45.160154+00:00
c9bf0029-c4c,mapillary_1201156206981076,mapillary,1201156206981076,18.474905164111,73.859383824291,263,719,257,180,180,0.353,opencv_hough_v1,candidate,2026-09-08T16:58:45.166859+00:00
ac7a9729-d43,mapillary_1201156206981076,mapillary,1201156206981076,18.474905164111,73.859383824291,263,866,270,154,154,0.429,opencv_hough_v1,candidate,2026-09-08T16:58:45.174870+00:00
7f4054f2-95b,mapillary_1201156206981076,mapillary,1201156206981076,18.474905164111,73.859383824291,263,108,634,136,134,0.385,opencv_hough_v1,candidate,2026-09-08T16:58:45.196751+00:00
85ac5682-e06,mapillary_1201156206981076,mapillary,1201156206981076,18.474905164111,73.859383824291,263,30,566,106,106,0.356,opencv_hough_v1,candidate,2026-09-08T16:58:45.218336+00:00
122e6d06-be7,mapillary_1201156206981076,mapillary,1201156206981076,18.474905164111,73.859383824291,263,805,395,198,198,0.353,opencv_hough_v1,candidate,2026-09-08T16:58:45.248945+00:00
804c8058-efb,mapillary_1201156206981076,mapillary,1201156206981076,18.474905164111,73.859383824291,263,345,510,184,184,0.363,opencv_hough_v1,candidate,2026-09-08T16:58:45.256584+00:00
d3e5d1e9-217,mapillary_1201156206981076,mapillary,1201156206981076,18.474905164111,73.859383824291,263,327,529,110,110,0.365,opencv_hough_v1,candidate,2026-09-08T16:58:45.265246+00:00
f1b54c7a-945,mapillary_1201156206981076,mapillary,1201156206981076,18.474905164111,73.859383824291,263,76,593,102,102,0.356,opencv_hough_v1,candidate,2026-09-08T16:58:45.272186+00:00
bb9022f9-1e1,mapillary_1201156206981076,mapillary,1201156206981076,18.474905164111,73.859383824291,263,0,467,144,144,0.401,opencv_hough_v1,candidate,2026-09-08T16:58:45.288018+00:00
01ca97bc-197,mapillary_1201156206981076,mapillary,1201156206981076,18.474905164111,73.859383824291,263,605,309,184,184,0.389,opencv_hough_v1,candidate,2026-09-08T16:58:45.296112+00:00
67c22433-5d7,mapillary_1201156206981076,mapillary,1201156206981076,18.474905164111,73.859383824291,263,112,420,146,146,0.355,opencv_hough_v1,candidate,2026-09-08T16:58:45.303483+00:00
ac16ac53-72b,mapillary_1201156206981076,mapillary,1201156206981076,18.474905164111,73.859383824291,263,262,451,132,132,0.377,opencv_hough_v1,candidate,2026-09-08T16:58:45.326962+00:00
52f19dc1-9ca,mapillary_1201156206981076,mapillary,1201156206981076,18.474905164111,73.859383824291,263,144,628,130,130,0.382,opencv_hough_v1,candidate,2026-09-08T16:58:45.333502+00:00
dd4948e3-8e0,mapillary_1201156206981076,mapillary,1201156206981076,18.474905164111,73.859383824291,263,385,664,102,102,0.357,opencv_hough_v1,candidate,2026-09-08T16:58:45.340493+00:00
c8ead9d5-15a,mapillary_1201156206981076,mapillary,1201156206981076,18.474905164111,73.859383824291,263,332,378,206,206,0.352,opencv_hough_v1,candidate,2026-09-08T16:58:45.356288+00:00
0386ddf5-ea7,mapillary_1201156206981076,mapillary,1201156206981076,18.474905164111,73.859383824291,263,596,400,170,170,0.376,opencv_hough_v1,candidate,2026-09-08T16:58:45.363867+00:00
3a61fd91-4f3,mapillary_1201156206981076,mapillary,1201156206981076,18.474905164111,73.859383824291,263,695,369,172,172,0.354,opencv_hough_v1,candidate,2026-09-08T16:58:45.379329+00:00
ef195687-369,mapillary_1201156206981076,mapillary,1201156206981076,18.474905164111,73.859383824291,263,524,578,154,154,0.389,opencv_hough_v1,candidate,2026-09-08T16:58:45.387021+00:00
98b616e4-881,mapillary_1201156206981076,mapillary,1201156206981076,18.474905164111,73.859383824291,263,598,262,138,138,0.455,opencv_hough_v1,candidate,2026-09-08T16:58:45.394223+00:00
431be527-2ee,mapillary_1201156206981076,mapillary,1201156206981076,18.474905164111,73.859383824291,263,334,383,146,146,0.404,opencv_hough_v1,candidate,2026-09-08T16:58:45.402333+00:00
418ff088-957,mapillary_1201156206981076,mapillary,1201156206981076,18.474905164111,73.859383824291,263,56,666,112,102,0.354,opencv_hough_v1,candidate,2026-09-08T16:58:45.410027+00:00
cb79e462-c5b,mapillary_1201156206981076,mapillary,1201156206981076,18.474905164111,73.859383824291,263,0,574,110,110,0.358,opencv_hough_v1,candidate,2026-09-08T16:58:45.418316+00:00
1cd59e61-743,mapillary_1201156206981076,mapillary,1201156206981076,18.474905164111,73.859383824291,263,852,354,172,186,0.413,opencv_hough_v1,candidate,2026-09-08T16:58:45.448500+00:00
d195ef39-cc7,mapillary_1201156206981076,mapillary,1201156206981076,18.474905164111,73.859383824291,263,400,594,170,170,0.375,opencv_hough_v1,candidate,2026-09-08T16:58:45.456062+00:00
24998a08-797,mapillary_1201156206981076,mapillary,1201156206981076,18.474905164111,73.859383824291,263,839,316,140,140,0.437,opencv_hough_v1,candidate,2026-09-08T16:58:45.464028+00:00
12bfdb68-22a,mapillary_1201156206981076,mapillary,1201156206981076,18.474905164111,73.859383824291,263,285,257,140,140,0.41,opencv_hough_v1,candidate,2026-09-08T16:58:45.471327+00:00
4bb743d3-48b,mapillary_1201156206981076,mapillary,1201156206981076,18.474905164111,73.859383824291,263,220,521,90,90,0.35,opencv_hough_v1,candidate,2026-09-08T16:58:45.485342+00:00
b9964b48-e48,mapillary_1201156206981076,mapillary,1201156206981076,18.474905164111,73.859383824291,263,853,402,156,156,0.4,opencv_hough_v1,candidate,2026-09-08T16:58:45.499159+00:00
9aebab2b-79b,mapillary_1201156206981076,mapillary,1201156206981076,18.474905164111,73.859383824291,263,0,519,118,118,0.375,opencv_hough_v1,candidate,2026-09-08T16:58:45.506171+00:00
bcf8d157-925,mapillary_1201156206981076,mapillary,1201156206981076,18.474905164111,73.859383824291,263,405,192,226,226,0.491,opencv_hough_v1,candidate,2026-09-08T16:58:45.520953+00:00
f1362659-e68,mapillary_1201156206981076,mapillary,1201156206981076,18.474905164111,73.859383824291,263,707,232,176,176,0.361,opencv_hough_v1,candidate,2026-09-08T16:58:45.534932+00:00
39ba66af-91a,mapillary_1201156206981076,mapillary,1201156206981076,18.474905164111,73.859383824291,263,488,606,168,162,0.373,opencv_hough_v1,candidate,2026-09-08T16:58:45.541841+00:00
4845e332-1b9,mapillary_1201156206981076,mapillary,1201156206981076,18.474905164111,73.859383824291,263,784,260,146,146,0.388,opencv_hough_v1,candidate,2026-09-08T16:58:45.548696+00:00
a5032f50-b47,mapillary_1201156206981076,mapillary,1201156206981076,18.474905164111,73.859383824291,263,0,639,114,114,0.36,opencv_hough_v1,candidate,2026-09-08T16:58:45.571044+00:00
1e63ff1d-447,mapillary_1201156206981076,mapillary,1201156206981076,18.474905164111,73.859383824291,263,282,209,198,198,0.391,opencv_hough_v1,candidate,2026-09-08T16:58:45.578151+00:00
05ff03c1-3de,mapillary_1201156206981076,mapillary,1201156206981076,18.474905164111,73.859383824291,263,762,255,128,128,0.367,opencv_hough_v1,candidate,2026-09-08T16:58:45.585289+00:00
f6b33cd1-f28,mapillary_1201156206981076,mapillary,1201156206981076,18.474905164111,73.859383824291,263,716,348,154,154,0.368,opencv_hough_v1,candidate,2026-09-08T16:58:45.600508+00:00
a2ad20e7-02a,mapillary_1201156206981076,mapillary,1201156206981076,18.474905164111,73.859383824291,263,340,448,118,118,0.381,opencv_hough_v1,candidate,2026-09-08T16:58:45.607634+00:00
fcd05d3b-398,mapillary_1201156206981076,mapillary,1201156206981076,18.474905164111,73.859383824291,263,863,242,108,108,0.35,opencv_hough_v1,candidate,2026-09-08T16:58:45.614771+00:00
e6d7d704-bb5,mapillary_1201156206981076,mapillary,1201156206981076,18.474905164111,73.859383824291,263,339,304,212,212,0.364,opencv_hough_v1,candidate,2026-09-08T16:58:45.622334+00:00
f167f6e1-226,mapillary_1201156206981076,mapillary,1201156206981076,18.474905164111,73.859383824291,263,361,272,116,116,0.379,opencv_hough_v1,candidate,2026-09-08T16:58:45.628622+00:00
4a692da2-af1,mapillary_1201156206981076,mapillary,1201156206981076,18.474905164111,73.859383824291,263,365,614,114,114,0.372,opencv_hough_v1,candidate,2026-09-08T16:58:45.635524+00:00
73ff78d4-528,mapillary_1201156206981076,mapillary,1201156206981076,18.474905164111,73.859383824291,263,904,284,120,138,0.45,opencv_hough_v1,candidate,2026-09-08T16:58:45.648678+00:00
d2073410-61e,mapillary_1201156206981076,mapillary,1201156206981076,18.474905164111,73.859383824291,263,403,304,100,100,0.371,opencv_hough_v1,candidate,2026-09-08T16:58:45.667772+00:00
43c7b201-6a2,mapillary_1201156206981076,mapillary,1201156206981076,18.474905164111,73.859383824291,263,601,311,78,78,0.419,opencv_hough_v1,candidate,2026-09-08T16:58:45.681057+00:00
7654dd4c-9d9,mapillary_1201156206981076,mapillary,1201156206981076,18.474905164111,73.859383824291,263,585,312,148,148,0.446,opencv_hough_v1,candidate,2026-09-08T16:58:45.699707+00:00
9412b906-104,mapillary_1201156206981076,mapillary,1201156206981076,18.474905164111,73.859383824291,263,92,434,120,120,0.356,opencv_hough_v1,candidate,2026-09-08T16:58:45.706433+00:00
e0e8792d-16d,mapillary_1201156206981076,mapillary,1201156206981076,18.474905164111,73.859383824291,263,264,343,140,140,0.421,opencv_hough_v1,candidate,2026-09-08T16:58:45.718787+00:00
8712180e-f53,mapillary_1201156206981076,mapillary,1201156206981076,18.474905164111,73.859383824291,263,361,519,104,104,0.365,opencv_hough_v1,candidate,2026-09-08T16:58:45.723329+00:00
ff161488-dff,mapillary_1201156206981076,mapillary,1201156206981076,18.474905164111,73.859383824291,263,529,539,180,180,0.362,opencv_hough_v1,candidate,2026-09-08T16:58:45.730739+00:00
9e549692-d2c,mapillary_1201156206981076,mapillary,1201156206981076,18.474905164111,73.859383824291,263,717,431,108,108,0.36,opencv_hough_v1,candidate,2026-09-08T16:58:45.737449+00:00
e2f339af-4bd,mapillary_1201156206981076,mapillary,1201156206981076,18.474905164111,73.859383824291,263,843,422,178,178,0.375,opencv_hough_v1,candidate,2026-09-08T16:58:45.750828+00:00
7b46af41-8ad,mapillary_1201156206981076,mapillary,1201156206981076,18.474905164111,73.859383824291,263,0,526,164,164,0.369,opencv_hough_v1,candidate,2026-09-08T16:58:45.756621+00:00
8594923d-018,mapillary_1201156206981076,mapillary,1201156206981076,18.474905164111,73.859383824291,263,662,538,122,122,0.368,opencv_hough_v1,candidate,2026-09-08T16:58:45.763004+00:00
cd12de53-dd1,mapillary_1201156206981076,mapillary,1201156206981076,18.474905164111,73.859383824291,263,895,329,120,120,0.464,opencv_hough_v1,candidate,2026-09-08T16:58:45.768451+00:00
57ab64eb-eb1,mapillary_1201156206981076,mapillary,1201156206981076,18.474905164111,73.859383824291,263,290,323,90,90,0.43,opencv_hough_v1,candidate,2026-09-08T16:58:45.775460+00:00
da71065a-e8e,mapillary_1201156206981076,mapillary,1201156206981076,18.474905164111,73.859383824291,263,813,251,146,146,0.398,opencv_hough_v1,candidate,2026-09-08T16:58:45.780830+00:00
001c9d65-d0e,mapillary_1201156206981076,mapillary,1201156206981076,18.474905164111,73.859383824291,263,373,374,168,168,0.401,opencv_hough_v1,candidate,2026-09-08T16:58:45.786812+00:00
0bb0e6fe-6c5,mapillary_1201156206981076,mapillary,1201156206981076,18.474905164111,73.859383824291,263,593,447,136,136,0.404,opencv_hough_v1,candidate,2026-09-08T16:58:45.793405+00:00
37a8e755-c4b,mapillary_1201156206981076,mapillary,1201156206981076,18.474905164111,73.859383824291,263,562,307,84,84,0.387,opencv_hough_v1,candidate,2026-09-08T16:58:45.798178+00:00
6381a65b-508,mapillary_1201156206981076,mapillary,1201156206981076,18.474905164111,73.859383824291,263,77,663,144,105,0.381,opencv_hough_v1,candidate,2026-09-08T16:58:45.811090+00:00
7ca54303-1e0,mapillary_1201156206981076,mapillary,1201156206981076,18.474905164111,73.859383824291,263,676,256,138,138,0.421,opencv_hough_v1,candidate,2026-09-08T16:58:45.817107+00:00
155190e1-4ba,mapillary_1201156206981076,mapillary,1201156206981076,18.474905164111,73.859383824291,263,413,659,108,108,0.367,opencv_hough_v1,candidate,2026-09-08T16:58:45.822244+00:00
b00ddec2-d89,mapillary_1201156206981076,mapillary,1201156206981076,18.474905164111,73.859383824291,263,688,445,108,108,0.365,opencv_hough_v1,candidate,2026-09-08T16:58:45.827367+00:00
fab82832-d48,mapillary_1201156206981076,mapillary,1201156206981076,18.474905164111,73.859383824291,263,268,683,168,85,0.357,opencv_hough_v1,candidate,2026-09-08T16:58:45.833105+00:00
5ba7f62b-276,mapillary_1201156206981076,mapillary,1201156206981076,18.474905164111,73.859383824291,263,239,685,164,83,0.363,opencv_hough_v1,candidate,2026-09-08T16:58:45.838438+00:00
0272408e-681,mapillary_1201156206981076,mapillary,1201156206981076,18.474905164111,73.859383824291,263,299,313,136,136,0.427,opencv_hough_v1,candidate,2026-09-08T16:58:45.845700+00:00
a5511beb-65c,mapillary_1201156206981076,mapillary,1201156206981076,18.474905164111,73.859383824291,263,670,480,138,138,0.388,opencv_hough_v1,candidate,2026-09-08T16:58:45.862976+00:00
d5632913-28e,mapillary_1201156206981076,mapillary,1201156206981076,18.474905164111,73.859383824291,263,487,233,152,152,0.575,opencv_hough_v1,candidate,2026-09-08T16:58:45.882248+00:00
c644155c-eae,mapillary_1201156206981076,mapillary,1201156206981076,18.474905164111,73.859383824291,263,594,275,88,88,0.396,opencv_hough_v1,candidate,2026-09-08T16:58:45.894560+00:00
3585c87c-9c3,mapillary_1201156206981076,mapillary,1201156206981076,18.474905164111,73.859383824291,263,15,668,132,100,0.375,opencv_hough_v1,candidate,2026-09-08T16:58:45.899577+00:00
8565f00c-579,mapillary_1201156206981076,mapillary,1201156206981076,18.474905164111,73.859383824291,263,357,571,96,96,0.352,opencv_hough_v1,candidate,2026-09-08T16:58:45.904819+00:00
aa9a5a26-d42,mapillary_1201156206981076,mapillary,1201156206981076,18.474905164111,73.859383824291,263,237,667,116,101,0.365,opencv_hough_v1,candidate,2026-09-08T16:58:45.921484+00:00
b575e2d0-a54,mapillary_1201156206981076,mapillary,1201156206981076,18.474905164111,73.859383824291,263,841,463,132,132,0.396,opencv_hough_v1,candidate,2026-09-08T16:58:45.926780+00:00
75f9cae8-e8f,mapillary_1201156206981076,mapillary,1201156206981076,18.474905164111,73.859383824291,263,337,700,124,68,0.374,opencv_hough_v1,candidate,2026-09-08T16:58:45.931317+00:00
e6182c4c-708,mapillary_1201156206981076,mapillary,1201156206981076,18.474905164111,73.859383824291,263,663,471,96,96,0.354,opencv_hough_v1,candidate,2026-09-08T16:58:45.936611+00:00
cfbfe99f-b66,mapillary_1201156206981076,mapillary,1201156206981076,18.474905164111,73.859383824291,263,0,362,150,150,0.36,opencv_hough_v1,candidate,2026-09-08T16:58:45.954647+00:00
045c0881-456,mapillary_1201156206981076,mapillary,1201156206981076,18.474905164111,73.859383824291,263,628,251,90,90,0.394,opencv_hough_v1,candidate,2026-09-08T16:58:45.959808+00:00
be985d54-285,mapillary_1201156206981076,mapillary,1201156206981076,18.474905164111,73.859383824291,263,670,366,114,114,0.388,opencv_hough_v1,candidate,2026-09-08T16:58:45.971838+00:00
b0394b78-f0a,mapillary_1201156206981076,mapillary,1201156206981076,18.474905164111,73.859383824291,263,0,385,154,154,0.362,opencv_hough_v1,candidate,2026-09-08T16:58:45.988228+00:00
5582d92f-671,mapillary_1201156206981076,mapillary,1201156206981076,18.474905164111,73.859383824291,263,544,694,146,74,0.383,opencv_hough_v1,candidate,2026-09-08T16:58:45.994763+00:00
db5f5f72-358,mapillary_1201156206981076,mapillary,1201156206981076,18.474905164111,73.859383824291,263,98,290,120,120,0.384,opencv_hough_v1,candidate,2026-09-08T16:58:46.000928+00:00
de2ee0a2-8b4,mapillary_1201156206981076,mapillary,1201156206981076,18.474905164111,73.859383824291,263,641,566,116,116,0.363,opencv_hough_v1,candidate,2026-09-08T16:58:46.017574+00:00
53a52303-a96,mapillary_1201156206981076,mapillary,1201156206981076,18.474905164111,73.859383824291,263,595,539,108,108,0.368,opencv_hough_v1,candidate,2026-09-08T16:58:46.024019+00:00
0472c91a-163,mapillary_1201156206981076,mapillary,1201156206981076,18.474905164111,73.859383824291,263,22,327,154,154,0.366,opencv_hough_v1,candidate,2026-09-08T16:58:46.040015+00:00
1134040f-5ce,mapillary_1201156206981076,mapillary,1201156206981076,18.474905164111,73.859383824291,263,916,415,106,106,0.451,opencv_hough_v1,candidate,2026-09-08T16:58:46.045426+00:00
5566de10-ae3,mapillary_1201156206981076,mapillary,1201156206981076,18.474905164111,73.859383824291,263,233,270,118,118,0.377,opencv_hough_v1,candidate,2026-09-08T16:58:46.058247+00:00
c16314b5-1ce,mapillary_1201156206981076,mapillary,1201156206981076,18.474905164111,73.859383824291,263,128,270,146,146,0.371,opencv_hough_v1,candidate,2026-09-08T16:58:46.068940+00:00
2053abd6-ae5,mapillary_1201156206981076,mapillary,1201156206981076,18.474905164111,73.859383824291,263,502,304,114,114,0.503,opencv_hough_v1,candidate,2026-09-08T16:58:46.087514+00:00
337594b0-117,mapillary_1201156206981076,mapillary,1201156206981076,18.474905164111,73.859383824291,263,568,211,128,128,0.501,opencv_hough_v1,candidate,2026-09-08T16:58:46.097820+00:00
3947db26-f2f,mapillary_1201156206981076,mapillary,1201156206981076,18.474905164111,73.859383824291,263,955,337,69,76,0.412,opencv_hough_v1,candidate,2026-09-08T16:58:46.135224+00:00
58798f98-e94,mapillary_1201156206981076,mapillary,1201156206981076,18.474905164111,73.859383824291,263,649,405,102,102,0.369,opencv_hough_v1,candidate,2026-09-08T16:58:46.146058+00:00
330a653f-dcd,mapillary_1201156206981076,mapillary,1201156206981076,18.474905164111,73.859383824291,263,825,341,96,96,0.383,opencv_hough_v1,candidate,2026-09-08T16:58:46.157170+00:00
efd580a9-79e,mapillary_1201156206981076,mapillary,1201156206981076,18.474905164111,73.859383824291,263,222,233,128,128,0.358,opencv_hough_v1,candidate,2026-09-08T16:58:46.164383+00:00
c5b603a4-fc3,mapillary_1201156206981076,mapillary,1201156206981076,18.474905164111,73.859383824291,263,396,523,94,94,0.366,opencv_hough_v1,candidate,2026-09-08T16:58:46.170774+00:00
dd9d31fe-02e,mapillary_1201156206981076,mapillary,1201156206981076,18.474905164111,73.859383824291,263,572,285,66,66,0.356,opencv_hough_v1,candidate,2026-09-08T16:58:46.176379+00:00
ec6a4946-2a1,mapillary_1201156206981076,mapillary,1201156206981076,18.474905164111,73.859383824291,263,699,198,124,124,0.392,opencv_hough_v1,candidate,2026-09-08T16:58:46.181074+00:00
29a0f535-6f2,mapillary_1201156206981076,mapillary,1201156206981076,18.474905164111,73.859383824291,263,533,519,148,148,0.402,opencv_hough_v1,candidate,2026-09-08T16:58:46.232032+00:00
8ab20953-444,mapillary_1201156206981076,mapillary,1201156206981076,18.474905164111,73.859383824291,263,964,274,60,118,0.405,opencv_hough_v1,candidate,2026-09-08T16:58:46.237375+00:00
386db13a-25d,mapillary_1201156206981076,mapillary,1201156206981076,18.474905164111,73.859383824291,263,465,717,100,51,0.355,opencv_hough_v1,candidate,2026-09-08T16:58:46.253775+00:00
701ccb6e-a82,mapillary_1201156206981076,mapillary,1201156206981076,18.474905164111,73.859383824291,263,717,252,94,94,0.363,opencv_hough_v1,candidate,2026-09-08T16:58:46.259151+00:00
89dd753a-4e5,mapillary_1201156206981076,mapillary,1201156206981076,18.474905164111,73.859383824291,263,961,275,63,64,0.358,opencv_hough_v1,candidate,2026-09-08T16:58:46.275137+00:00
700fbba3-34e,mapillary_1201156206981076,mapillary,1201156206981076,18.474905164111,73.859383824291,263,571,255,64,64,0.496,opencv_hough_v1,candidate,2026-09-08T16:58:46.280244+00:00
84a2a916-469,mapillary_1201156206981076,mapillary,1201156206981076,18.474905164111,73.859383824291,263,67,318,84,84,0.372,opencv_hough_v1,candidate,2026-09-08T16:58:46.289775+00:00
844e271d-b95,mapillary_1201156206981076,mapillary,1201156206981076,18.474905164111,73.859383824291,263,562,347,66,66,0.409,opencv_hough_v1,candidate,2026-09-08T16:58:46.332234+00:00
fc94ea56-188,mapillary_1201156206981076,mapillary,1201156206981076,18.474905164111,73.859383824291,263,419,513,108,108,0.391,opencv_hough_v1,candidate,2026-09-08T16:58:46.337259+00:00
395cdcae-44e,mapillary_1201156206981076,mapillary,1201156206981076,18.474905164111,73.859383824291,263,412,495,92,92,0.371,opencv_hough_v1,candidate,2026-09-08T16:58:46.342365+00:00
196ab7e8-b8c,mapillary_1201156206981076,mapillary,1201156206981076,18.474905164111,73.859383824291,263,271,349,72,72,0.413,opencv_hough_v1,candidate,2026-09-08T16:58:46.348120+00:00
ae8ff8d0-877,mapillary_377033363649473,mapillary,377033363649473,18.47491675483,73.85923939975,269,265,353,138,138,0.419,opencv_hough_v1,candidate,2026-09-08T16:58:46.833207+00:00
189b951c-7a1,mapillary_377033363649473,mapillary,377033363649473,18.47491675483,73.85923939975,269,687,285,196,196,0.378,opencv_hough_v1,candidate,2026-09-08T16:58:46.845253+00:00
c503dad8-3ad,mapillary_377033363649473,mapillary,377033363649473,18.47491675483,73.85923939975,269,230,618,122,122,0.354,opencv_hough_v1,candidate,2026-09-08T16:58:46.866073+00:00
4bbd561a-8a7,mapillary_377033363649473,mapillary,377033363649473,18.47491675483,73.85923939975,269,99,619,144,144,0.364,opencv_hough_v1,candidate,2026-09-08T16:58:46.901101+00:00
e5aa0429-3f0,mapillary_377033363649473,mapillary,377033363649473,18.47491675483,73.85923939975,269,380,636,130,130,0.359,opencv_hough_v1,candidate,2026-09-08T16:58:46.907071+00:00
bf83601b-e00,mapillary_377033363649473,mapillary,377033363649473,18.47491675483,73.85923939975,269,852,265,158,158,0.356,opencv_hough_v1,candidate,2026-09-08T16:58:46.912379+00:00
35986ab9-794,mapillary_377033363649473,mapillary,377033363649473,18.47491675483,73.85923939975,269,317,279,172,172,0.368,opencv_hough_v1,candidate,2026-09-08T16:58:46.945379+00:00
bf4335a5-046,mapillary_377033363649473,mapillary,377033363649473,18.47491675483,73.85923939975,269,123,317,146,146,0.382,opencv_hough_v1,candidate,2026-09-08T16:58:46.968750+00:00
2841da00-ed0,mapillary_377033363649473,mapillary,377033363649473,18.47491675483,73.85923939975,269,264,608,122,122,0.355,opencv_hough_v1,candidate,2026-09-08T16:58:46.974704+00:00
87cc7794-0d0,mapillary_377033363649473,mapillary,377033363649473,18.47491675483,73.85923939975,269,641,337,172,172,0.386,opencv_hough_v1,candidate,2026-09-08T16:58:46.979455+00:00
ae6190eb-b07,mapillary_377033363649473,mapillary,377033363649473,18.47491675483,73.85923939975,269,890,257,134,136,0.38,opencv_hough_v1,candidate,2026-09-08T16:58:46.996253+00:00
b378d5fb-3c7,mapillary_377033363649473,mapillary,377033363649473,18.47491675483,73.85923939975,269,183,348,112,112,0.383,opencv_hough_v1,candidate,2026-09-08T16:58:47.018382+00:00
5a400a96-34d,mapillary_377033363649473,mapillary,377033363649473,18.47491675483,73.85923939975,269,284,315,156,156,0.39,opencv_hough_v1,candidate,2026-09-08T16:58:47.032867+00:00
e5e9de49-d04,mapillary_377033363649473,mapillary,377033363649473,18.47491675483,73.85923939975,269,320,649,136,119,0.362,opencv_hough_v1,candidate,2026-09-08T16:58:47.037597+00:00
a4581839-436,mapillary_377033363649473,mapillary,377033363649473,18.47491675483,73.85923939975,269,757,209,184,184,0.415,opencv_hough_v1,candidate,2026-09-08T16:58:47.050948+00:00
9fe5ba62-390,mapillary_377033363649473,mapillary,377033363649473,18.47491675483,73.85923939975,269,670,178,198,198,0.444,opencv_hough_v1,candidate,2026-09-08T16:58:47.071915+00:00
5de81389-a28,mapillary_377033363649473,mapillary,377033363649473,18.47491675483,73.85923939975,269,790,247,164,164,0.413,opencv_hough_v1,candidate,2026-09-08T16:58:47.081835+00:00
dd571526-678,mapillary_377033363649473,mapillary,377033363649473,18.47491675483,73.85923939975,269,128,635,144,133,0.367,opencv_hough_v1,candidate,2026-09-08T16:58:47.098266+00:00
70bd5c20-a64,mapillary_377033363649473,mapillary,377033363649473,18.47491675483,73.85923939975,269,179,630,132,132,0.365,opencv_hough_v1,candidate,2026-09-08T16:58:47.103151+00:00
576753b0-cfc,mapillary_377033363649473,mapillary,377033363649473,18.47491675483,73.85923939975,269,448,603,138,138,0.373,opencv_hough_v1,candidate,2026-09-08T16:58:47.118878+00:00
da3802ea-52f,mapillary_377033363649473,mapillary,377033363649473,18.47491675483,73.85923939975,269,663,267,112,112,0.418,opencv_hough_v1,candidate,2026-09-08T16:58:47.124335+00:00
31789390-66c,mapillary_377033363649473,mapillary,377033363649473,18.47491675483,73.85923939975,269,739,367,104,104,0.367,opencv_hough_v1,candidate,2026-09-08T16:58:47.128853+00:00
0d1e4650-2bf,mapillary_377033363649473,mapillary,377033363649473,18.47491675483,73.85923939975,269,650,288,162,162,0.426,opencv_hough_v1,candidate,2026-09-08T16:58:47.134038+00:00
61213dae-a71,mapillary_377033363649473,mapillary,377033363649473,18.47491675483,73.85923939975,269,84,391,136,136,0.351,opencv_hough_v1,candidate,2026-09-08T16:58:47.161668+00:00
f9cb9aca-be6,mapillary_377033363649473,mapillary,377033363649473,18.47491675483,73.85923939975,269,620,323,160,160,0.425,opencv_hough_v1,candidate,2026-09-08T16:58:47.177844+00:00
3cfc9685-452,mapillary_377033363649473,mapillary,377033363649473,18.47491675483,73.85923939975,269,354,334,190,190,0.358,opencv_hough_v1,candidate,2026-09-08T16:58:47.193949+00:00
595573a0-96b,mapillary_377033363649473,mapillary,377033363649473,18.47491675483,73.85923939975,269,489,594,154,154,0.362,opencv_hough_v1,candidate,2026-09-08T16:58:47.204015+00:00
7b121977-5fd,mapillary_377033363649473,mapillary,377033363649473,18.47491675483,73.85923939975,269,252,389,128,128,0.368,opencv_hough_v1,candidate,2026-09-08T16:58:47.211458+00:00
8c5540bf-858,mapillary_377033363649473,mapillary,377033363649473,18.47491675483,73.85923939975,269,457,261,108,108,0.377,opencv_hough_v1,candidate,2026-09-08T16:58:47.234258+00:00
4a7da5c3-c41,mapillary_377033363649473,mapillary,377033363649473,18.47491675483,73.85923939975,269,575,572,144,144,0.368,opencv_hough_v1,candidate,2026-09-08T16:58:47.244986+00:00
01f17b19-de0,mapillary_377033363649473,mapillary,377033363649473,18.47491675483,73.85923939975,269,419,297,108,108,0.38,opencv_hough_v1,candidate,2026-09-08T16:58:47.267091+00:00
a0db514b-00f,mapillary_377033363649473,mapillary,377033363649473,18.47491675483,73.85923939975,269,395,337,180,180,0.375,opencv_hough_v1,candidate,2026-09-08T16:58:47.282866+00:00
b6190643-e3e,mapillary_377033363649473,mapillary,377033363649473,18.47491675483,73.85923939975,269,317,256,140,140,0.368,opencv_hough_v1,candidate,2026-09-08T16:58:47.293354+00:00
fbeb9055-78f,mapillary_377033363649473,mapillary,377033363649473,18.47491675483,73.85923939975,269,702,271,100,100,0.412,opencv_hough_v1,candidate,2026-09-08T16:58:47.303386+00:00
ee778d34-954,mapillary_377033363649473,mapillary,377033363649473,18.47491675483,73.85923939975,269,397,324,144,144,0.416,opencv_hough_v1,candidate,2026-09-08T16:58:47.308908+00:00
735b8d88-575,mapillary_377033363649473,mapillary,377033363649473,18.47491675483,73.85923939975,269,144,378,90,90,0.37,opencv_hough_v1,candidate,2026-09-08T16:58:47.318573+00:00
eb9868da-528,mapillary_377033363649473,mapillary,377033363649473,18.47491675483,73.85923939975,269,781,279,112,112,0.437,opencv_hough_v1,candidate,2026-09-08T16:58:47.331873+00:00
a94d49c5-5eb,mapillary_377033363649473,mapillary,377033363649473,18.47491675483,73.85923939975,269,396,699,128,69,0.355,opencv_hough_v1,candidate,2026-09-08T16:58:47.347255+00:00
f7c1d0bd-51f,mapillary_377033363649473,mapillary,377033363649473,18.47491675483,73.85923939975,269,698,369,120,120,0.398,opencv_hough_v1,candidate,2026-09-08T16:58:47.353129+00:00
e50e23e4-ee3,mapillary_377033363649473,mapillary,377033363649473,18.47491675483,73.85923939975,269,146,298,122,122,0.353,opencv_hough_v1,candidate,2026-09-08T16:58:47.370436+00:00
a5abcac0-a30,mapillary_377033363649473,mapillary,377033363649473,18.47491675483,73.85923939975,269,742,251,120,120,0.494,opencv_hough_v1,candidate,2026-09-08T16:58:47.376154+00:00
1dd97e7f-745,mapillary_377033363649473,mapillary,377033363649473,18.47491675483,73.85923939975,269,210,331,104,104,0.368,opencv_hough_v1,candidate,2026-09-08T16:58:47.399158+00:00
e5f5e679-43a,mapillary_377033363649473,mapillary,377033363649473,18.47491675483,73.85923939975,269,147,688,122,80,0.353,opencv_hough_v1,candidate,2026-09-08T16:58:47.420473+00:00
470685ec-d92,mapillary_377033363649473,mapillary,377033363649473,18.47491675483,73.85923939975,269,862,262,98,98,0.37,opencv_hough_v1,candidate,2026-09-08T16:58:47.431343+00:00
c57c430e-a0e,mapillary_377033363649473,mapillary,377033363649473,18.47491675483,73.85923939975,269,663,238,94,94,0.366,opencv_hough_v1,candidate,2026-09-08T16:58:47.435878+00:00
8c0cf37c-23b,mapillary_377033363649473,mapillary,377033363649473,18.47491675483,73.85923939975,269,719,165,210,210,0.404,opencv_hough_v1,candidate,2026-09-08T16:58:47.448509+00:00
da8f5261-1b7,mapillary_377033363649473,mapillary,377033363649473,18.47491675483,73.85923939975,269,560,544,146,146,0.375,opencv_hough_v1,candidate,2026-09-08T16:58:47.464849+00:00
a3849f5d-52b,mapillary_377033363649473,mapillary,377033363649473,18.47491675483,73.85923939975,269,614,309,118,118,0.448,opencv_hough_v1,candidate,2026-09-08T16:58:47.469731+00:00
873d01b4-21c,mapillary_377033363649473,mapillary,377033363649473,18.47491675483,73.85923939975,269,662,307,88,88,0.398,opencv_hough_v1,candidate,2026-09-08T16:58:47.475134+00:00
9746d709-d79,mapillary_377033363649473,mapillary,377033363649473,18.47491675483,73.85923939975,269,486,183,190,190,0.539,opencv_hough_v1,candidate,2026-09-08T16:58:47.485061+00:00
fcc6c93f-008,mapillary_377033363649473,mapillary,377033363649473,18.47491675483,73.85923939975,269,873,383,140,140,0.357,opencv_hough_v1,candidate,2026-09-08T16:58:47.542965+00:00
3fdbe70a-a6e,mapillary_377033363649473,mapillary,377033363649473,18.47491675483,73.85923939975,269,484,241,104,104,0.466,opencv_hough_v1,candidate,2026-09-08T16:58:47.549981+00:00
10e0655c-e78,mapillary_377033363649473,mapillary,377033363649473,18.47491675483,73.85923939975,269,736,301,80,80,0.434,opencv_hough_v1,candidate,2026-09-08T16:58:47.571424+00:00
5c92b80f-1ed,mapillary_377033363649473,mapillary,377033363649473,18.47491675483,73.85923939975,269,414,334,70,70,0.361,opencv_hough_v1,candidate,2026-09-08T16:58:47.581266+00:00
3aa3247b-321,mapillary_377033363649473,mapillary,377033363649473,18.47491675483,73.85923939975,269,477,337,52,52,0.373,opencv_hough_v1,candidate,2026-09-08T16:58:47.623212+00:00
2ad6f316-fcd,mapillary_377033363649473,mapillary,377033363649473,18.47491675483,73.85923939975,269,639,281,80,80,0.371,opencv_hough_v1,candidate,2026-09-08T16:58:47.628134+00:00
83fa3afd-289,mapillary_377033363649473,mapillary,377033363649473,18.47491675483,73.85923939975,269,451,329,140,140,0.441,opencv_hough_v1,candidate,2026-09-08T16:58:47.686584+00:00
932e9574-18a,mapillary_377033363649473,mapillary,377033363649473,18.47491675483,73.85923939975,269,686,429,54,54,0.371,opencv_hough_v1,candidate,2026-09-08T16:58:47.725203+00:00
3e29b652-58a,mapillary_377033363649473,mapillary,377033363649473,18.47491675483,73.85923939975,269,695,217,92,92,0.411,opencv_hough_v1,candidate,2026-09-08T16:58:47.731287+00:00
889995f6-67c,mapillary_377033363649473,mapillary,377033363649473,18.47491675483,73.85923939975,269,515,275,84,84,0.437,opencv_hough_v1,candidate,2026-09-08T16:58:47.742724+00:00
18dad58f-6f6,mapillary_377033363649473,mapillary,377033363649473,18.47491675483,73.85923939975,269,787,335,52,52,0.441,opencv_hough_v1,candidate,2026-09-08T16:58:47.754616+00:00
e467cec2-64f,mapillary_377033363649473,mapillary,377033363649473,18.47491675483,73.85923939975,269,902,258,82,82,0.385,opencv_hough_v1,candidate,2026-09-08T16:58:47.773188+00:00
a30807f1-df7,mapillary_377033363649473,mapillary,377033363649473,18.47491675483,73.85923939975,269,590,476,114,114,0.359,opencv_hough_v1,candidate,2026-09-08T16:58:47.809622+00:00
32d64c44-2b0,mapillary_368798647892947,mapillary,368798647892947,18.473088569124,73.858181174343,163,86,297,222,222,0.43,opencv_hough_v1,candidate,2026-09-08T16:58:48.044246+00:00
fa5aa060-1b6,mapillary_368798647892947,mapillary,368798647892947,18.473088569124,73.858181174343,163,249,527,228,228,0.356,opencv_hough_v1,candidate,2026-09-08T16:58:48.049861+00:00
17061bad-5e1,mapillary_368798647892947,mapillary,368798647892947,18.473088569124,73.858181174343,163,193,557,212,211,0.37,opencv_hough_v1,candidate,2026-09-08T16:58:48.054429+00:00
e17d78f9-c94,mapillary_368798647892947,mapillary,368798647892947,18.473088569124,73.858181174343,163,147,510,218,218,0.373,opencv_hough_v1,candidate,2026-09-08T16:58:48.060162+00:00
4ceaf7d0-3f6,mapillary_368798647892947,mapillary,368798647892947,18.473088569124,73.858181174343,163,221,544,214,214,0.369,opencv_hough_v1,candidate,2026-09-08T16:58:48.066558+00:00
ed249a5e-915,mapillary_368798647892947,mapillary,368798647892947,18.473088569124,73.858181174343,163,269,384,238,238,0.37,opencv_hough_v1,candidate,2026-09-08T16:58:48.072298+00:00
58587659-de7,mapillary_368798647892947,mapillary,368798647892947,18.473088569124,73.858181174343,163,232,277,170,170,0.424,opencv_hough_v1,candidate,2026-09-08T16:58:48.076759+00:00
88458d78-6a5,mapillary_368798647892947,mapillary,368798647892947,18.473088569124,73.858181174343,163,246,251,152,152,0.427,opencv_hough_v1,candidate,2026-09-08T16:58:48.082087+00:00
48b32534-9e5,mapillary_368798647892947,mapillary,368798647892947,18.473088569124,73.858181174343,163,56,540,218,218,0.367,opencv_hough_v1,candidate,2026-09-08T16:58:48.087010+00:00
dd75ca8d-bd1,mapillary_368798647892947,mapillary,368798647892947,18.473088569124,73.858181174343,163,244,515,198,198,0.387,opencv_hough_v1,candidate,2026-09-08T16:58:48.091704+00:00
cae73229-581,mapillary_368798647892947,mapillary,368798647892947,18.473088569124,73.858181174343,163,299,258,144,144,0.433,opencv_hough_v1,candidate,2026-09-08T16:58:48.096139+00:00
c754f65e-55a,mapillary_368798647892947,mapillary,368798647892947,18.473088569124,73.858181174343,163,112,259,144,144,0.514,opencv_hough_v1,candidate,2026-09-08T16:58:48.100415+00:00
881a602d-2cf,mapillary_368798647892947,mapillary,368798647892947,18.473088569124,73.858181174343,163,184,365,194,194,0.428,opencv_hough_v1,candidate,2026-09-08T16:58:48.105013+00:00
99441249-994,mapillary_368798647892947,mapillary,368798647892947,18.473088569124,73.858181174343,163,56,373,238,238,0.396,opencv_hough_v1,candidate,2026-09-08T16:58:48.109263+00:00
43376891-098,mapillary_368798647892947,mapillary,368798647892947,18.473088569124,73.858181174343,163,231,389,230,230,0.38,opencv_hough_v1,candidate,2026-09-08T16:58:48.114097+00:00
f44ec0c5-7ce,mapillary_368798647892947,mapillary,368798647892947,18.473088569124,73.858181174343,163,175,485,162,162,0.435,opencv_hough_v1,candidate,2026-09-08T16:58:48.119178+00:00
086fb36e-32c,mapillary_368798647892947,mapillary,368798647892947,18.473088569124,73.858181174343,163,281,313,132,132,0.433,opencv_hough_v1,candidate,2026-09-08T16:58:48.124984+00:00
f09a1137-15f,mapillary_368798647892947,mapillary,368798647892947,18.473088569124,73.858181174343,163,230,358,226,226,0.388,opencv_hough_v1,candidate,2026-09-08T16:58:48.130006+00:00
72609e14-651,mapillary_368798647892947,mapillary,368798647892947,18.473088569124,73.858181174343,163,589,324,206,206,0.353,opencv_hough_v1,candidate,2026-09-08T16:58:48.134070+00:00
68c383fc-c6d,mapillary_368798647892947,mapillary,368798647892947,18.473088569124,73.858181174343,163,143,567,180,180,0.404,opencv_hough_v1,candidate,2026-09-08T16:58:48.139624+00:00
dc822c3f-535,mapillary_368798647892947,mapillary,368798647892947,18.473088569124,73.858181174343,163,298,517,168,168,0.418,opencv_hough_v1,candidate,2026-09-08T16:58:48.143903+00:00
7f6960af-496,mapillary_368798647892947,mapillary,368798647892947,18.473088569124,73.858181174343,163,246,314,230,230,0.382,opencv_hough_v1,candidate,2026-09-08T16:58:48.149118+00:00
702a70e6-bf1,mapillary_368798647892947,mapillary,368798647892947,18.473088569124,73.858181174343,163,122,504,178,178,0.415,opencv_hough_v1,candidate,2026-09-08T16:58:48.154132+00:00
f95a9e4c-f03,mapillary_368798647892947,mapillary,368798647892947,18.473088569124,73.858181174343,163,97,536,170,170,0.421,opencv_hough_v1,candidate,2026-09-08T16:58:48.158421+00:00
907aa425-574,mapillary_368798647892947,mapillary,368798647892947,18.473088569124,73.858181174343,163,318,525,188,188,0.397,opencv_hough_v1,candidate,2026-09-08T16:58:48.162602+00:00
350d81e1-19d,mapillary_368798647892947,mapillary,368798647892947,18.473088569124,73.858181174343,163,198,348,230,230,0.386,opencv_hough_v1,candidate,2026-09-08T16:58:48.166999+00:00
708ee6c8-872,mapillary_368798647892947,mapillary,368798647892947,18.473088569124,73.858181174343,163,50,590,218,178,0.366,opencv_hough_v1,candidate,2026-09-08T16:58:48.171558+00:00
20fa20bc-141,mapillary_368798647892947,mapillary,368798647892947,18.473088569124,73.858181174343,163,219,258,144,144,0.44,opencv_hough_v1,candidate,2026-09-08T16:58:48.177171+00:00
8259cd6f-952,mapillary_368798647892947,mapillary,368798647892947,18.473088569124,73.858181174343,163,177,388,218,218,0.399,opencv_hough_v1,candidate,2026-09-08T16:58:48.183340+00:00
f6a1b7eb-4d1,mapillary_368798647892947,mapillary,368798647892947,18.473088569124,73.858181174343,163,24,572,154,154,0.428,opencv_hough_v1,candidate,2026-09-08T16:58:48.187799+00:00
8e9db922-e27,mapillary_368798647892947,mapillary,368798647892947,18.473088569124,73.858181174343,163,85,271,196,196,0.469,opencv_hough_v1,candidate,2026-09-08T16:58:48.192205+00:00
7702b41e-03b,mapillary_368798647892947,mapillary,368798647892947,18.473088569124,73.858181174343,163,16,427,188,188,0.433,opencv_hough_v1,candidate,2026-09-08T16:58:48.197231+00:00
8d4d1d61-072,mapillary_368798647892947,mapillary,368798647892947,18.473088569124,73.858181174343,163,213,317,136,136,0.463,opencv_hough_v1,candidate,2026-09-08T16:58:48.201373+00:00
bd7514d6-0db,mapillary_368798647892947,mapillary,368798647892947,18.473088569124,73.858181174343,163,107,393,204,204,0.422,opencv_hough_v1,candidate,2026-09-08T16:58:48.206466+00:00
e4bb022c-0c1,mapillary_368798647892947,mapillary,368798647892947,18.473088569124,73.858181174343,163,290,293,112,112,0.384,opencv_hough_v1,candidate,2026-09-08T16:58:48.210435+00:00
ea443aca-9d2,mapillary_368798647892947,mapillary,368798647892947,18.473088569124,73.858181174343,163,240,556,130,130,0.433,opencv_hough_v1,candidate,2026-09-08T16:58:48.215319+00:00
46f9d28b-5fc,mapillary_368798647892947,mapillary,368798647892947,18.473088569124,73.858181174343,163,66,309,202,202,0.46,opencv_hough_v1,candidate,2026-09-08T16:58:48.219385+00:00
61221797-a0a,mapillary_368798647892947,mapillary,368798647892947,18.473088569124,73.858181174343,163,300,555,186,186,0.398,opencv_hough_v1,candidate,2026-09-08T16:58:48.223985+00:00
0ae910ec-cee,mapillary_368798647892947,mapillary,368798647892947,18.473088569124,73.858181174343,163,217,470,132,132,0.452,opencv_hough_v1,candidate,2026-09-08T16:58:48.229916+00:00
c735329b-5d7,mapillary_368798647892947,mapillary,368798647892947,18.473088569124,73.858181174343,163,61,257,188,188,0.478,opencv_hough_v1,candidate,2026-09-08T16:58:48.234820+00:00
ab683a23-c43,mapillary_368798647892947,mapillary,368798647892947,18.473088569124,73.858181174343,163,385,289,100,100,0.428,opencv_hough_v1,candidate,2026-09-08T16:58:48.239472+00:00
3e78c1e2-fe4,mapillary_368798647892947,mapillary,368798647892947,18.473088569124,73.858181174343,163,115,526,128,128,0.443,opencv_hough_v1,candidate,2026-09-08T16:58:48.243483+00:00
f900da67-895,mapillary_368798647892947,mapillary,368798647892947,18.473088569124,73.858181174343,163,378,169,190,190,0.361,opencv_hough_v1,candidate,2026-09-08T16:58:48.248595+00:00
d47df3e7-b58,mapillary_368798647892947,mapillary,368798647892947,18.473088569124,73.858181174343,163,148,318,180,180,0.459,opencv_hough_v1,candidate,2026-09-08T16:58:48.252696+00:00
6446d534-fcf,mapillary_368798647892947,mapillary,368798647892947,18.473088569124,73.858181174343,163,212,310,94,94,0.424,opencv_hough_v1,candidate,2026-09-08T16:58:48.257093+00:00
41a0a79d-065,mapillary_368798647892947,mapillary,368798647892947,18.473088569124,73.858181174343,163,255,617,140,140,0.443,opencv_hough_v1,candidate,2026-09-08T16:58:48.261791+00:00
2955dfd7-319,mapillary_368798647892947,mapillary,368798647892947,18.473088569124,73.858181174343,163,288,314,210,210,0.406,opencv_hough_v1,candidate,2026-09-08T16:58:48.266963+00:00
6c66d77c-965,mapillary_368798647892947,mapillary,368798647892947,18.473088569124,73.858181174343,163,586,362,144,144,0.42,opencv_hough_v1,candidate,2026-09-08T16:58:48.271843+00:00
0f8f20a5-0af,mapillary_368798647892947,mapillary,368798647892947,18.473088569124,73.858181174343,163,136,596,122,122,0.427,opencv_hough_v1,candidate,2026-09-08T16:58:48.275865+00:00
a1990e7d-a28,mapillary_368798647892947,mapillary,368798647892947,18.473088569124,73.858181174343,163,574,310,188,188,0.378,opencv_hough_v1,candidate,2026-09-08T16:58:48.281318+00:00
c6c6d0ae-810,mapillary_368798647892947,mapillary,368798647892947,18.473088569124,73.858181174343,163,195,571,156,156,0.427,opencv_hough_v1,candidate,2026-09-08T16:58:48.286050+00:00
c48165e3-03e,mapillary_368798647892947,mapillary,368798647892947,18.473088569124,73.858181174343,163,489,263,132,132,0.408,opencv_hough_v1,candidate,2026-09-08T16:58:48.290970+00:00
3999843f-9ab,mapillary_368798647892947,mapillary,368798647892947,18.473088569124,73.858181174343,163,316,506,114,114,0.42,opencv_hough_v1,candidate,2026-09-08T16:58:48.299623+00:00
1acae84c-a37,mapillary_368798647892947,mapillary,368798647892947,18.473088569124,73.858181174343,163,9,370,230,230,0.413,opencv_hough_v1,candidate,2026-09-08T16:58:48.304164+00:00
aea53656-5b6,mapillary_368798647892947,mapillary,368798647892947,18.473088569124,73.858181174343,163,486,191,146,146,0.409,opencv_hough_v1,candidate,2026-09-08T16:58:48.308745+00:00
a3c47ce4-4c5,mapillary_368798647892947,mapillary,368798647892947,18.473088569124,73.858181174343,163,171,274,128,128,0.485,opencv_hough_v1,candidate,2026-09-08T16:58:48.313115+00:00
c03c4481-fc4,mapillary_368798647892947,mapillary,368798647892947,18.473088569124,73.858181174343,163,547,300,108,108,0.404,opencv_hough_v1,candidate,2026-09-08T16:58:48.317232+00:00
27b97e41-d46,mapillary_368798647892947,mapillary,368798647892947,18.473088569124,73.858181174343,163,586,262,106,106,0.365,opencv_hough_v1,candidate,2026-09-08T16:58:48.321730+00:00
543d1ef6-1b1,mapillary_368798647892947,mapillary,368798647892947,18.473088569124,73.858181174343,163,335,400,222,222,0.381,opencv_hough_v1,candidate,2026-09-08T16:58:48.326069+00:00
148fc91a-d3a,mapillary_368798647892947,mapillary,368798647892947,18.473088569124,73.858181174343,163,0,458,166,166,0.449,opencv_hough_v1,candidate,2026-09-08T16:58:48.330831+00:00
d64a7478-b5b,mapillary_368798647892947,mapillary,368798647892947,18.473088569124,73.858181174343,163,296,525,96,96,0.397,opencv_hough_v1,candidate,2026-09-08T16:58:48.335051+00:00
0b28fad5-ed8,mapillary_368798647892947,mapillary,368798647892947,18.473088569124,73.858181174343,163,0,592,170,170,0.41,opencv_hough_v1,candidate,2026-09-08T16:58:48.340791+00:00
b609a353-a31,mapillary_368798647892947,mapillary,368798647892947,18.473088569124,73.858181174343,163,349,217,164,164,0.406,opencv_hough_v1,candidate,2026-09-08T16:58:48.345765+00:00
d3cca0d3-900,mapillary_368798647892947,mapillary,368798647892947,18.473088569124,73.858181174343,163,0,299,164,164,0.513,opencv_hough_v1,candidate,2026-09-08T16:58:48.350110+00:00
8b80d2bd-6f2,mapillary_368798647892947,mapillary,368798647892947,18.473088569124,73.858181174343,163,203,367,132,132,0.483,opencv_hough_v1,candidate,2026-09-08T16:58:48.354900+00:00
ac876e1b-7c9,mapillary_368798647892947,mapillary,368798647892947,18.473088569124,73.858181174343,163,0,422,190,190,0.434,opencv_hough_v1,candidate,2026-09-08T16:58:48.359177+00:00
f8be6e4d-455,mapillary_368798647892947,mapillary,368798647892947,18.473088569124,73.858181174343,163,616,261,116,116,0.381,opencv_hough_v1,candidate,2026-09-08T16:58:48.364014+00:00
27ec8e07-f4e,mapillary_368798647892947,mapillary,368798647892947,18.473088569124,73.858181174343,163,119,635,148,133,0.429,opencv_hough_v1,candidate,2026-09-08T16:58:48.368185+00:00
eae465a2-f20,mapillary_368798647892947,mapillary,368798647892947,18.473088569124,73.858181174343,163,291,372,180,180,0.441,opencv_hough_v1,candidate,2026-09-08T16:58:48.372965+00:00
7730e8b7-247,mapillary_368798647892947,mapillary,368798647892947,18.473088569124,73.858181174343,163,577,195,174,174,0.368,opencv_hough_v1,candidate,2026-09-08T16:58:48.377199+00:00
100f1019-687,mapillary_368798647892947,mapillary,368798647892947,18.473088569124,73.858181174343,163,423,215,144,144,0.391,opencv_hough_v1,candidate,2026-09-08T16:58:48.382370+00:00
633aa9ba-177,mapillary_368798647892947,mapillary,368798647892947,18.473088569124,73.858181174343,163,248,455,124,124,0.448,opencv_hough_v1,candidate,2026-09-08T16:58:48.386880+00:00
7bb2e21b-057,mapillary_368798647892947,mapillary,368798647892947,18.473088569124,73.858181174343,163,311,618,138,138,0.442,opencv_hough_v1,candidate,2026-09-08T16:58:48.391547+00:00
27296731-4b6,mapillary_368798647892947,mapillary,368798647892947,18.473088569124,73.858181174343,163,0,598,102,102,0.402,opencv_hough_v1,candidate,2026-09-08T16:58:48.395785+00:00
bca1717d-8e0,mapillary_368798647892947,mapillary,368798647892947,18.473088569124,73.858181174343,163,147,515,100,100,0.419,opencv_hough_v1,candidate,2026-09-08T16:58:48.400061+00:00
95c2107d-d55,mapillary_368798647892947,mapillary,368798647892947,18.473088569124,73.858181174343,163,215,250,88,88,0.442,opencv_hough_v1,candidate,2026-09-08T16:58:48.404730+00:00
5d75b60b-44d,mapillary_368798647892947,mapillary,368798647892947,18.473088569124,73.858181174343,163,305,263,88,88,0.357,opencv_hough_v1,candidate,2026-09-08T16:58:48.408831+00:00
62dec7ab-303,mapillary_368798647892947,mapillary,368798647892947,18.473088569124,73.858181174343,163,171,261,80,80,0.429,opencv_hough_v1,candidate,2026-09-08T16:58:48.413822+00:00
f9743b5d-82f,mapillary_368798647892947,mapillary,368798647892947,18.473088569124,73.858181174343,163,25,267,188,188,0.494,opencv_hough_v1,candidate,2026-09-08T16:58:48.418150+00:00
c28834f8-bc3,mapillary_368798647892947,mapillary,368798647892947,18.473088569124,73.858181174343,163,379,545,124,124,0.432,opencv_hough_v1,candidate,2026-09-08T16:58:48.423354+00:00
8f14d23e-09f,mapillary_368798647892947,mapillary,368798647892947,18.473088569124,73.858181174343,163,91,541,120,120,0.43,opencv_hough_v1,candidate,2026-09-08T16:58:48.427775+00:00
df65293a-0e0,mapillary_368798647892947,mapillary,368798647892947,18.473088569124,73.858181174343,163,346,253,98,98,0.403,opencv_hough_v1,candidate,2026-09-08T16:58:48.432585+00:00
1054cc4b-10c,mapillary_368798647892947,mapillary,368798647892947,18.473088569124,73.858181174343,163,314,165,186,186,0.406,opencv_hough_v1,candidate,2026-09-08T16:58:48.443107+00:00
848a9319-552,mapillary_368798647892947,mapillary,368798647892947,18.473088569124,73.858181174343,163,474,291,104,104,0.397,opencv_hough_v1,candidate,2026-09-08T16:58:48.447873+00:00
3bdd492b-2d5,mapillary_368798647892947,mapillary,368798647892947,18.473088569124,73.858181174343,163,93,320,122,122,0.541,opencv_hough_v1,candidate,2026-09-08T16:58:48.451899+00:00
a9b5f2b8-b2a,mapillary_368798647892947,mapillary,368798647892947,18.473088569124,73.858181174343,163,167,637,100,100,0.397,opencv_hough_v1,candidate,2026-09-08T16:58:48.457304+00:00
e7cd5516-c94,mapillary_368798647892947,mapillary,368798647892947,18.473088569124,73.858181174343,163,349,323,78,78,0.415,opencv_hough_v1,candidate,2026-09-08T16:58:48.461469+00:00
356be67c-a80,mapillary_368798647892947,mapillary,368798647892947,18.473088569124,73.858181174343,163,157,315,124,124,0.497,opencv_hough_v1,candidate,2026-09-08T16:58:48.465776+00:00
ce3097c2-709,mapillary_368798647892947,mapillary,368798647892947,18.473088569124,73.858181174343,163,91,249,84,84,0.459,opencv_hough_v1,candidate,2026-09-08T16:58:48.470394+00:00
9087734a-e63,mapillary_368798647892947,mapillary,368798647892947,18.473088569124,73.858181174343,163,0,302,142,142,0.541,opencv_hough_v1,candidate,2026-09-08T16:58:48.480407+00:00
e71bdc45-367,mapillary_368798647892947,mapillary,368798647892947,18.473088569124,73.858181174343,163,261,659,128,109,0.428,opencv_hough_v1,candidate,2026-09-08T16:58:48.484413+00:00
d74a0cb6-5df,mapillary_368798647892947,mapillary,368798647892947,18.473088569124,73.858181174343,163,263,548,70,70,0.367,opencv_hough_v1,candidate,2026-09-08T16:58:48.489247+00:00
8bcad72a-8da,mapillary_368798647892947,mapillary,368798647892947,18.473088569124,73.858181174343,163,303,661,96,96,0.398,opencv_hough_v1,candidate,2026-09-08T16:58:48.493479+00:00
ab2e7a87-4d9,mapillary_368798647892947,mapillary,368798647892947,18.473088569124,73.858181174343,163,371,192,132,132,0.401,opencv_hough_v1,candidate,2026-09-08T16:58:48.499072+00:00
92751612-472,mapillary_368798647892947,mapillary,368798647892947,18.473088569124,73.858181174343,163,647,255,120,120,0.359,opencv_hough_v1,candidate,2026-09-08T16:58:48.504122+00:00
e409701d-9c4,mapillary_368798647892947,mapillary,368798647892947,18.473088569124,73.858181174343,163,64,656,94,94,0.392,opencv_hough_v1,candidate,2026-09-08T16:58:48.508152+00:00
dc3f5cb5-b3a,mapillary_368798647892947,mapillary,368798647892947,18.473088569124,73.858181174343,163,137,257,88,88,0.449,opencv_hough_v1,candidate,2026-09-08T16:58:48.513082+00:00
32aab56f-b9b,mapillary_368798647892947,mapillary,368798647892947,18.473088569124,73.858181174343,163,250,248,90,90,0.412,opencv_hough_v1,candidate,2026-09-08T16:58:48.517191+00:00
24eccc80-c60,mapillary_368798647892947,mapillary,368798647892947,18.473088569124,73.858181174343,163,269,398,70,70,0.427,opencv_hough_v1,candidate,2026-09-08T16:58:48.521847+00:00
eb8e3290-33f,mapillary_368798647892947,mapillary,368798647892947,18.473088569124,73.858181174343,163,254,659,66,66,0.364,opencv_hough_v1,candidate,2026-09-08T16:58:48.525794+00:00
79d1ad85-a1e,mapillary_368798647892947,mapillary,368798647892947,18.473088569124,73.858181174343,163,0,442,146,146,0.497,opencv_hough_v1,candidate,2026-09-08T16:58:48.530649+00:00
8dfbed2e-71b,mapillary_368798647892947,mapillary,368798647892947,18.473088569124,73.858181174343,163,602,322,82,82,0.393,opencv_hough_v1,candidate,2026-09-08T16:58:48.534631+00:00
9cfb4c46-3b4,mapillary_368798647892947,mapillary,368798647892947,18.473088569124,73.858181174343,163,190,514,74,74,0.413,opencv_hough_v1,candidate,2026-09-08T16:58:48.538982+00:00
a19ef04c-96f,mapillary_368798647892947,mapillary,368798647892947,18.473088569124,73.858181174343,163,423,599,72,72,0.379,opencv_hough_v1,candidate,2026-09-08T16:58:48.542951+00:00
b07f2a2c-a84,mapillary_368798647892947,mapillary,368798647892947,18.473088569124,73.858181174343,163,667,318,66,66,0.394,opencv_hough_v1,candidate,2026-09-08T16:58:48.547721+00:00
307020c4-471,mapillary_368798647892947,mapillary,368798647892947,18.473088569124,73.858181174343,163,409,516,108,108,0.416,opencv_hough_v1,candidate,2026-09-08T16:58:48.551675+00:00
dc016b79-599,mapillary_368798647892947,mapillary,368798647892947,18.473088569124,73.858181174343,163,284,205,108,108,0.479,opencv_hough_v1,candidate,2026-09-08T16:58:48.557936+00:00
6e9a93bb-fb8,mapillary_368798647892947,mapillary,368798647892947,18.473088569124,73.858181174343,163,368,631,84,84,0.387,opencv_hough_v1,candidate,2026-09-08T16:58:48.567311+00:00
bc838f70-cfb,mapillary_368798647892947,mapillary,368798647892947,18.473088569124,73.858181174343,163,132,688,158,80,0.418,opencv_hough_v1,candidate,2026-09-08T16:58:48.572260+00:00
a8b8061b-164,mapillary_368798647892947,mapillary,368798647892947,18.473088569124,73.858181174343,163,89,578,104,104,0.421,opencv_hough_v1,candidate,2026-09-08T16:58:48.576503+00:00
63f1f653-3e9,mapillary_368798647892947,mapillary,368798647892947,18.473088569124,73.858181174343,163,220,674,82,82,0.379,opencv_hough_v1,candidate,2026-09-08T16:58:48.582257+00:00
baaf84e4-674,mapillary_368798647892947,mapillary,368798647892947,18.473088569124,73.858181174343,163,36,567,76,76,0.357,opencv_hough_v1,candidate,2026-09-08T16:58:48.586308+00:00
0c5526f9-a2a,mapillary_368798647892947,mapillary,368798647892947,18.473088569124,73.858181174343,163,24,494,118,118,0.444,opencv_hough_v1,candidate,2026-09-08T16:58:48.591226+00:00
b8b3cd0c-3c5,mapillary_368798647892947,mapillary,368798647892947,18.473088569124,73.858181174343,163,289,365,78,78,0.391,opencv_hough_v1,candidate,2026-09-08T16:58:48.595621+00:00
270db99f-0b9,mapillary_368798647892947,mapillary,368798647892947,18.473088569124,73.858181174343,163,361,682,78,78,0.377,opencv_hough_v1,candidate,2026-09-08T16:58:48.599832+00:00
bb5e3070-67b,mapillary_368798647892947,mapillary,368798647892947,18.473088569124,73.858181174343,163,384,525,78,78,0.387,opencv_hough_v1,candidate,2026-09-08T16:58:48.604273+00:00
e041f451-6ee,mapillary_368798647892947,mapillary,368798647892947,18.473088569124,73.858181174343,163,285,530,50,50,0.353,opencv_hough_v1,candidate,2026-09-08T16:58:48.608376+00:00
a1973e32-0aa,mapillary_368798647892947,mapillary,368798647892947,18.473088569124,73.858181174343,163,576,357,100,100,0.401,opencv_hough_v1,candidate,2026-09-08T16:58:48.613086+00:00
93d44c20-b99,mapillary_368798647892947,mapillary,368798647892947,18.473088569124,73.858181174343,163,478,331,96,96,0.417,opencv_hough_v1,candidate,2026-09-08T16:58:48.617033+00:00
09ddf102-f05,mapillary_368798647892947,mapillary,368798647892947,18.473088569124,73.858181174343,163,355,487,96,96,0.409,opencv_hough_v1,candidate,2026-09-08T16:58:48.622032+00:00
ac5cbe7b-03c,mapillary_368798647892947,mapillary,368798647892947,18.473088569124,73.858181174343,163,0,501,88,88,0.445,opencv_hough_v1,candidate,2026-09-08T16:58:48.625816+00:00
38f769fe-99e,mapillary_368798647892947,mapillary,368798647892947,18.473088569124,73.858181174343,163,470,358,52,52,0.387,opencv_hough_v1,candidate,2026-09-08T16:58:48.630455+00:00
d70076b3-527,mapillary_368798647892947,mapillary,368798647892947,18.473088569124,73.858181174343,163,318,514,44,44,0.357,opencv_hough_v1,candidate,2026-09-08T16:58:48.634421+00:00
ad859aa5-532,mapillary_368798647892947,mapillary,368798647892947,18.473088569124,73.858181174343,163,0,344,110,110,0.538,opencv_hough_v1,candidate,2026-09-08T16:58:48.639334+00:00
963daccf-9b9,mapillary_368798647892947,mapillary,368798647892947,18.473088569124,73.858181174343,163,222,654,62,62,0.359,opencv_hough_v1,candidate,2026-09-08T16:58:48.643466+00:00
ebd3c5c1-969,mapillary_368798647892947,mapillary,368798647892947,18.473088569124,73.858181174343,163,525,387,96,96,0.407,opencv_hough_v1,candidate,2026-09-08T16:58:48.652182+00:00
81014b0a-66b,mapillary_368798647892947,mapillary,368798647892947,18.473088569124,73.858181174343,163,98,630,72,72,0.375,opencv_hough_v1,candidate,2026-09-08T16:58:48.656540+00:00
061c5673-089,mapillary_368798647892947,mapillary,368798647892947,18.473088569124,73.858181174343,163,243,221,74,74,0.437,opencv_hough_v1,candidate,2026-09-08T16:58:48.660391+00:00
3088952f-5f8,mapillary_368798647892947,mapillary,368798647892947,18.473088569124,73.858181174343,163,385,310,42,42,0.398,opencv_hough_v1,candidate,2026-09-08T16:58:48.669954+00:00
51cb498e-328,mapillary_368798647892947,mapillary,368798647892947,18.473088569124,73.858181174343,163,542,336,58,58,0.377,opencv_hough_v1,candidate,2026-09-08T16:58:48.674564+00:00
dd738dd5-7d3,mapillary_368798647892947,mapillary,368798647892947,18.473088569124,73.858181174343,163,206,493,50,50,0.376,opencv_hough_v1,candidate,2026-09-08T16:58:48.679072+00:00
40d8bc84-33f,mapillary_368798647892947,mapillary,368798647892947,18.473088569124,73.858181174343,163,579,402,62,62,0.364,opencv_hough_v1,candidate,2026-09-08T16:58:48.688379+00:00
5912b0f4-488,mapillary_4512042082145388,mapillary,4512042082145388,18.471555423225,73.863463381744,336,38,284,238,238,0.434,opencv_hough_v1,candidate,2026-09-08T16:58:49.374306+00:00
f3186905-628,mapillary_4512042082145388,mapillary,4512042082145388,18.471555423225,73.863463381744,336,101,262,238,238,0.43,opencv_hough_v1,candidate,2026-09-08T16:58:49.383655+00:00
afdfe702-bcc,mapillary_4512042082145388,mapillary,4512042082145388,18.471555423225,73.863463381744,336,239,313,238,238,0.454,opencv_hough_v1,candidate,2026-09-08T16:58:49.394123+00:00
006291fe-cb4,mapillary_4512042082145388,mapillary,4512042082145388,18.471555423225,73.863463381744,336,0,256,236,236,0.429,opencv_hough_v1,candidate,2026-09-08T16:58:49.401641+00:00
3146c1ee-0f2,mapillary_4512042082145388,mapillary,4512042082145388,18.471555423225,73.863463381744,336,71,273,238,238,0.43,opencv_hough_v1,candidate,2026-09-08T16:58:49.408249+00:00
2a415e02-ca9,mapillary_4512042082145388,mapillary,4512042082145388,18.471555423225,73.863463381744,336,534,257,236,236,0.56,opencv_hough_v1,candidate,2026-09-08T16:58:49.416054+00:00
754978fd-5fc,mapillary_4512042082145388,mapillary,4512042082145388,18.471555423225,73.863463381744,336,358,310,238,238,0.451,opencv_hough_v1,candidate,2026-09-08T16:58:49.422671+00:00
58c76963-c36,mapillary_4512042082145388,mapillary,4512042082145388,18.471555423225,73.863463381744,336,204,298,236,236,0.456,opencv_hough_v1,candidate,2026-09-08T16:58:49.429617+00:00
66b4c4eb-c8a,mapillary_4512042082145388,mapillary,4512042082145388,18.471555423225,73.863463381744,336,262,342,238,238,0.453,opencv_hough_v1,candidate,2026-09-08T16:58:49.435992+00:00
d352ebc3-d25,mapillary_4512042082145388,mapillary,4512042082145388,18.471555423225,73.863463381744,336,310,318,238,238,0.447,opencv_hough_v1,candidate,2026-09-08T16:58:49.441901+00:00
824d4a42-d23,mapillary_4512042082145388,mapillary,4512042082145388,18.471555423225,73.863463381744,336,55,258,222,222,0.454,opencv_hough_v1,candidate,2026-09-08T16:58:49.449578+00:00
6d82ddee-016,mapillary_4512042082145388,mapillary,4512042082145388,18.471555423225,73.863463381744,336,218,258,202,202,0.428,opencv_hough_v1,candidate,2026-09-08T16:58:49.456420+00:00
22ca0601-9eb,mapillary_4512042082145388,mapillary,4512042082145388,18.471555423225,73.863463381744,336,257,268,196,196,0.443,opencv_hough_v1,candidate,2026-09-08T16:58:49.463946+00:00
ada6c121-d82,mapillary_4512042082145388,mapillary,4512042082145388,18.471555423225,73.863463381744,336,278,319,226,226,0.452,opencv_hough_v1,candidate,2026-09-08T16:58:49.470497+00:00
089f1dfd-d9f,mapillary_4512042082145388,mapillary,4512042082145388,18.471555423225,73.863463381744,336,184,258,198,198,0.434,opencv_hough_v1,candidate,2026-09-08T16:58:49.476487+00:00
30603ce9-bd3,mapillary_4512042082145388,mapillary,4512042082145388,18.471555423225,73.863463381744,336,216,337,238,238,0.462,opencv_hough_v1,candidate,2026-09-08T16:58:49.482865+00:00
61baa2cf-923,mapillary_4512042082145388,mapillary,4512042082145388,18.471555423225,73.863463381744,336,572,255,238,238,0.551,opencv_hough_v1,candidate,2026-09-08T16:58:49.489361+00:00
20c0fbfe-79a,mapillary_4512042082145388,mapillary,4512042082145388,18.471555423225,73.863463381744,336,504,285,176,176,0.626,opencv_hough_v1,candidate,2026-09-08T16:58:49.495983+00:00
3904f2e0-ce6,mapillary_4512042082145388,mapillary,4512042082145388,18.471555423225,73.863463381744,336,25,396,234,234,0.379,opencv_hough_v1,candidate,2026-09-08T16:58:49.502139+00:00
8dd2f472-bd4,mapillary_4512042082145388,mapillary,4512042082145388,18.471555423225,73.863463381744,336,512,276,218,218,0.579,opencv_hough_v1,candidate,2026-09-08T16:58:49.507425+00:00
35f3db22-59e,mapillary_4512042082145388,mapillary,4512042082145388,18.471555423225,73.863463381744,336,109,273,176,176,0.507,opencv_hough_v1,candidate,2026-09-08T16:58:49.513629+00:00
87161cc1-610,mapillary_4512042082145388,mapillary,4512042082145388,18.471555423225,73.863463381744,336,537,291,238,238,0.55,opencv_hough_v1,candidate,2026-09-08T16:58:49.519708+00:00
8b8787b0-616,mapillary_4512042082145388,mapillary,4512042082145388,18.471555423225,73.863463381744,336,392,330,238,238,0.459,opencv_hough_v1,candidate,2026-09-08T16:58:49.525288+00:00
3e69272e-272,mapillary_4512042082145388,mapillary,4512042082145388,18.471555423225,73.863463381744,336,399,305,194,194,0.492,opencv_hough_v1,candidate,2026-09-08T16:58:49.531479+00:00
d393bd4f-f5b,mapillary_4512042082145388,mapillary,4512042082145388,18.471555423225,73.863463381744,336,163,294,186,186,0.477,opencv_hough_v1,candidate,2026-09-08T16:58:49.538185+00:00
f8611ef1-bb6,mapillary_4512042082145388,mapillary,4512042082145388,18.471555423225,73.863463381744,336,9,304,214,214,0.452,opencv_hough_v1,candidate,2026-09-08T16:58:49.546016+00:00
ae9f1582-971,mapillary_4512042082145388,mapillary,4512042082145388,18.471555423225,73.863463381744,336,524,349,238,238,0.528,opencv_hough_v1,candidate,2026-09-08T16:58:49.552811+00:00
6d33b21d-013,mapillary_4512042082145388,mapillary,4512042082145388,18.471555423225,73.863463381744,336,181,357,222,222,0.481,opencv_hough_v1,candidate,2026-09-08T16:58:49.558426+00:00
78bc3880-e9e,mapillary_4512042082145388,mapillary,4512042082145388,18.471555423225,73.863463381744,336,389,281,176,176,0.483,opencv_hough_v1,candidate,2026-09-08T16:58:49.564923+00:00
a5e65435-86e,mapillary_4512042082145388,mapillary,4512042082145388,18.471555423225,73.863463381744,336,68,330,202,202,0.464,opencv_hough_v1,candidate,2026-09-08T16:58:49.571610+00:00
08984c1c-759,mapillary_4512042082145388,mapillary,4512042082145388,18.471555423225,73.863463381744,336,312,349,238,238,0.453,opencv_hough_v1,candidate,2026-09-08T16:58:49.577887+00:00
322bbb87-fd8,mapillary_4512042082145388,mapillary,4512042082145388,18.471555423225,73.863463381744,336,509,307,238,238,0.551,opencv_hough_v1,candidate,2026-09-08T16:58:49.583683+00:00
dc18eb7f-517,mapillary_4512042082145388,mapillary,4512042082145388,18.471555423225,73.863463381744,336,50,378,226,226,0.398,opencv_hough_v1,candidate,2026-09-08T16:58:49.589916+00:00
d75e58e7-094,mapillary_4512042082145388,mapillary,4512042082145388,18.471555423225,73.863463381744,336,11,258,172,172,0.497,opencv_hough_v1,candidate,2026-09-08T16:58:49.597510+00:00
b38f1547-774,mapillary_4512042082145388,mapillary,4512042082145388,18.471555423225,73.863463381744,336,598,274,238,238,0.54,opencv_hough_v1,candidate,2026-09-08T16:58:49.604321+00:00
8759cc21-0ef,mapillary_4512042082145388,mapillary,4512042082145388,18.471555423225,73.863463381744,336,55,256,164,164,0.512,opencv_hough_v1,candidate,2026-09-08T16:58:49.610401+00:00
667d8703-ba0,mapillary_4512042082145388,mapillary,4512042082145388,18.471555423225,73.863463381744,336,496,363,238,238,0.521,opencv_hough_v1,candidate,2026-09-08T16:58:49.616098+00:00
b8a324ea-ca0,mapillary_4512042082145388,mapillary,4512042082145388,18.471555423225,73.863463381744,336,245,374,238,238,0.446,opencv_hough_v1,candidate,2026-09-08T16:58:49.622570+00:00
8749ed18-65c,mapillary_4512042082145388,mapillary,4512042082145388,18.471555423225,73.863463381744,336,723,270,238,238,0.442,opencv_hough_v1,candidate,2026-09-08T16:58:49.629276+00:00
6dd69555-4ff,mapillary_4512042082145388,mapillary,4512042082145388,18.471555423225,73.863463381744,336,56,414,238,238,0.363,opencv_hough_v1,candidate,2026-09-08T16:58:49.635376+00:00
6cc049bd-b1b,mapillary_4512042082145388,mapillary,4512042082145388,18.471555423225,73.863463381744,336,419,272,138,138,0.514,opencv_hough_v1,candidate,2026-09-08T16:58:49.640699+00:00
98da4efb-9f5,mapillary_4512042082145388,mapillary,4512042082145388,18.471555423225,73.863463381744,336,399,388,238,238,0.426,opencv_hough_v1,candidate,2026-09-08T16:58:49.647553+00:00
1ca2d9ec-c7c,mapillary_4512042082145388,mapillary,4512042082145388,18.471555423225,73.863463381744,336,587,325,238,238,0.531,opencv_hough_v1,candidate,2026-09-08T16:58:49.655359+00:00
6890c726-25f,mapillary_4512042082145388,mapillary,4512042082145388,18.471555423225,73.863463381744,336,13,457,184,184,0.424,opencv_hough_v1,candidate,2026-09-08T16:58:49.661560+00:00
d74594be-fe7,mapillary_4512042082145388,mapillary,4512042082145388,18.471555423225,73.863463381744,336,91,261,156,156,0.523,opencv_hough_v1,candidate,2026-09-08T16:58:49.667841+00:00
55eea475-814,mapillary_4512042082145388,mapillary,4512042082145388,18.471555423225,73.863463381744,336,671,309,238,238,0.485,opencv_hough_v1,candidate,2026-09-08T16:58:49.673925+00:00
b5cad7ca-745,mapillary_4512042082145388,mapillary,4512042082145388,18.471555423225,73.863463381744,336,542,277,146,146,0.679,opencv_hough_v1,candidate,2026-09-08T16:58:49.680065+00:00
2a6af4c4-c0e,mapillary_4512042082145388,mapillary,4512042082145388,18.471555423225,73.863463381744,336,334,316,176,176,0.467,opencv_hough_v1,candidate,2026-09-08T16:58:49.686352+00:00
41d0e9a1-fe5,mapillary_4512042082145388,mapillary,4512042082145388,18.471555423225,73.863463381744,336,447,286,140,140,0.55,opencv_hough_v1,candidate,2026-09-08T16:58:49.691505+00:00
743c3b25-331,mapillary_4512042082145388,mapillary,4512042082145388,18.471555423225,73.863463381744,336,453,381,238,238,0.476,opencv_hough_v1,candidate,2026-09-08T16:58:49.699203+00:00
f223979e-217,mapillary_4512042082145388,mapillary,4512042082145388,18.471555423225,73.863463381744,336,137,257,168,168,0.499,opencv_hough_v1,candidate,2026-09-08T16:58:49.705961+00:00
0790833e-1db,mapillary_4512042082145388,mapillary,4512042082145388,18.471555423225,73.863463381744,336,306,277,154,154,0.473,opencv_hough_v1,candidate,2026-09-08T16:58:49.712128+00:00
4ac6c79e-bd5,mapillary_4512042082145388,mapillary,4512042082145388,18.471555423225,73.863463381744,336,287,269,128,128,0.432,opencv_hough_v1,candidate,2026-09-08T16:58:49.717894+00:00
575d0a6e-84a,mapillary_4512042082145388,mapillary,4512042082145388,18.471555423225,73.863463381744,336,567,262,164,164,0.659,opencv_hough_v1,candidate,2026-09-08T16:58:49.723606+00:00
9c78f0da-6c9,mapillary_4512042082145388,mapillary,4512042082145388,18.471555423225,73.863463381744,336,365,298,140,140,0.488,opencv_hough_v1,candidate,2026-09-08T16:58:49.729656+00:00
27e9bc63-a80,mapillary_4512042082145388,mapillary,4512042082145388,18.471555423225,73.863463381744,336,186,391,238,238,0.435,opencv_hough_v1,candidate,2026-09-08T16:58:49.735727+00:00
bca3643e-96c,mapillary_4512042082145388,mapillary,4512042082145388,18.471555423225,73.863463381744,336,545,412,238,238,0.466,opencv_hough_v1,candidate,2026-09-08T16:58:49.742861+00:00
a227ba82-e3c,mapillary_4512042082145388,mapillary,4512042082145388,18.471555423225,73.863463381744,336,719,348,210,210,0.495,opencv_hough_v1,candidate,2026-09-08T16:58:49.756004+00:00
8f9a0461-afe,mapillary_4512042082145388,mapillary,4512042082145388,18.471555423225,73.863463381744,336,676,375,238,238,0.457,opencv_hough_v1,candidate,2026-09-08T16:58:49.762324+00:00
87b23152-71d,mapillary_4512042082145388,mapillary,4512042082145388,18.471555423225,73.863463381744,336,118,410,202,202,0.423,opencv_hough_v1,candidate,2026-09-08T16:58:49.768507+00:00
403e17e3-8e7,mapillary_4512042082145388,mapillary,4512042082145388,18.471555423225,73.863463381744,336,401,378,198,198,0.479,opencv_hough_v1,candidate,2026-09-08T16:58:49.774139+00:00
a59d79dc-d0d,mapillary_4512042082145388,mapillary,4512042082145388,18.471555423225,73.863463381744,336,405,427,236,236,0.41,opencv_hough_v1,candidate,2026-09-08T16:58:49.781018+00:00
b742778d-79c,mapillary_4512042082145388,mapillary,4512042082145388,18.471555423225,73.863463381744,336,213,374,218,218,0.496,opencv_hough_v1,candidate,2026-09-08T16:58:49.803046+00:00
3edf6212-70b,mapillary_4512042082145388,mapillary,4512042082145388,18.471555423225,73.863463381744,336,63,374,144,144,0.515,opencv_hough_v1,candidate,2026-09-08T16:58:49.808526+00:00
d6dd8d3a-c78,mapillary_4512042082145388,mapillary,4512042082145388,18.471555423225,73.863463381744,336,1,407,160,160,0.501,opencv_hough_v1,candidate,2026-09-08T16:58:49.814461+00:00
c53bdc49-d28,mapillary_4512042082145388,mapillary,4512042082145388,18.471555423225,73.863463381744,336,554,318,238,238,0.54,opencv_hough_v1,candidate,2026-09-08T16:58:49.820805+00:00
55201697-fb3,mapillary_4512042082145388,mapillary,4512042082145388,18.471555423225,73.863463381744,336,690,249,160,160,0.545,opencv_hough_v1,candidate,2026-09-08T16:58:49.826791+00:00
a26dbd0d-c86,mapillary_4512042082145388,mapillary,4512042082145388,18.471555423225,73.863463381744,336,563,364,238,238,0.513,opencv_hough_v1,candidate,2026-09-08T16:58:49.832434+00:00
e919b44b-826,mapillary_4512042082145388,mapillary,4512042082145388,18.471555423225,73.863463381744,336,381,376,178,178,0.512,opencv_hough_v1,candidate,2026-09-08T16:58:49.838546+00:00
be4002ef-177,mapillary_4512042082145388,mapillary,4512042082145388,18.471555423225,73.863463381744,336,479,375,164,164,0.597,opencv_hough_v1,candidate,2026-09-08T16:58:49.846877+00:00
b1c71944-af1,mapillary_4512042082145388,mapillary,4512042082145388,18.471555423225,73.863463381744,336,414,257,114,114,0.48,opencv_hough_v1,candidate,2026-09-08T16:58:49.853792+00:00
3932f45c-27f,mapillary_4512042082145388,mapillary,4512042082145388,18.471555423225,73.863463381744,336,232,264,138,138,0.464,opencv_hough_v1,candidate,2026-09-08T16:58:49.860453+00:00
c067bfd6-add,mapillary_4512042082145388,mapillary,4512042082145388,18.471555423225,73.863463381744,336,734,369,238,238,0.454,opencv_hough_v1,candidate,2026-09-08T16:58:49.866247+00:00
d607b1d2-347,mapillary_4512042082145388,mapillary,4512042082145388,18.471555423225,73.863463381744,336,758,318,228,228,0.447,opencv_hough_v1,candidate,2026-09-08T16:58:49.872827+00:00
f1e43bed-524,mapillary_4512042082145388,mapillary,4512042082145388,18.471555423225,73.863463381744,336,686,280,220,220,0.504,opencv_hough_v1,candidate,2026-09-08T16:58:49.879112+00:00
70229cfe-e6d,mapillary_4512042082145388,mapillary,4512042082145388,18.471555423225,73.863463381744,336,298,384,202,202,0.493,opencv_hough_v1,candidate,2026-09-08T16:58:49.885511+00:00
b3790666-1d9,mapillary_4512042082145388,mapillary,4512042082145388,18.471555423225,73.863463381744,336,720,420,194,194,0.484,opencv_hough_v1,candidate,2026-09-08T16:58:49.891479+00:00
281dff33-b74,mapillary_4512042082145388,mapillary,4512042082145388,18.471555423225,73.863463381744,336,464,145,238,238,0.558,opencv_hough_v1,candidate,2026-09-08T16:58:49.899247+00:00
6aad9287-036,mapillary_4512042082145388,mapillary,4512042082145388,18.471555423225,73.863463381744,336,129,346,152,152,0.525,opencv_hough_v1,candidate,2026-09-08T16:58:49.912527+00:00
5ee71cde-e2e,mapillary_4512042082145388,mapillary,4512042082145388,18.471555423225,73.863463381744,336,555,240,156,156,0.657,opencv_hough_v1,candidate,2026-09-08T16:58:49.919759+00:00
1bd416d6-868,mapillary_4512042082145388,mapillary,4512042082145388,18.471555423225,73.863463381744,336,430,410,238,238,0.433,opencv_hough_v1,candidate,2026-09-08T16:58:49.925454+00:00
6f470e13-de6,mapillary_4512042082145388,mapillary,4512042082145388,18.471555423225,73.863463381744,336,647,303,220,220,0.537,opencv_hough_v1,candidate,2026-09-08T16:58:49.931431+00:00
a010e825-eab,mapillary_4512042082145388,mapillary,4512042082145388,18.471555423225,73.863463381744,336,3,348,144,144,0.503,opencv_hough_v1,candidate,2026-09-08T16:58:49.938556+00:00
688d4064-edf,mapillary_4512042082145388,mapillary,4512042082145388,18.471555423225,73.863463381744,336,0,262,238,238,0.405,opencv_hough_v1,candidate,2026-09-08T16:58:49.945780+00:00
67762f34-25d,mapillary_4512042082145388,mapillary,4512042082145388,18.471555423225,73.863463381744,336,224,157,206,206,0.48,opencv_hough_v1,candidate,2026-09-08T16:58:49.952835+00:00
92f61147-59e,mapillary_4512042082145388,mapillary,4512042082145388,18.471555423225,73.863463381744,336,383,171,198,198,0.538,opencv_hough_v1,candidate,2026-09-08T16:58:49.958324+00:00
4b668191-5a2,mapillary_4512042082145388,mapillary,4512042082145388,18.471555423225,73.863463381744,336,0,266,156,156,0.504,opencv_hough_v1,candidate,2026-09-08T16:58:49.964343+00:00
29c63dcd-b6e,mapillary_4512042082145388,mapillary,4512042082145388,18.471555423225,73.863463381744,336,228,317,136,136,0.52,opencv_hough_v1,candidate,2026-09-08T16:58:49.970430+00:00
3e23be41-26d,mapillary_4512042082145388,mapillary,4512042082145388,18.471555423225,73.863463381744,336,440,385,196,196,0.511,opencv_hough_v1,candidate,2026-09-08T16:58:49.976859+00:00
941ab0b5-0ce,mapillary_4512042082145388,mapillary,4512042082145388,18.471555423225,73.863463381744,336,488,319,124,124,0.6,opencv_hough_v1,candidate,2026-09-08T16:58:49.982319+00:00
4fc728bd-d0a,mapillary_4512042082145388,mapillary,4512042082145388,18.471555423225,73.863463381744,336,522,272,106,106,0.619,opencv_hough_v1,candidate,2026-09-08T16:58:49.988869+00:00
829735c9-0eb,mapillary_4512042082145388,mapillary,4512042082145388,18.471555423225,73.863463381744,336,472,410,238,238,0.462,opencv_hough_v1,candidate,2026-09-08T16:58:49.995289+00:00
17cdcf44-9e8,mapillary_4512042082145388,mapillary,4512042082145388,18.471555423225,73.863463381744,336,451,343,164,164,0.574,opencv_hough_v1,candidate,2026-09-08T16:58:50.003414+00:00
0d5c9161-317,mapillary_4512042082145388,mapillary,4512042082145388,18.471555423225,73.863463381744,336,186,276,136,136,0.51,opencv_hough_v1,candidate,2026-09-08T16:58:50.010249+00:00
f1b3b01c-524,mapillary_4512042082145388,mapillary,4512042082145388,18.471555423225,73.863463381744,336,270,241,130,130,0.448,opencv_hough_v1,candidate,2026-09-08T16:58:50.015728+00:00
fc354ec6-b0e,mapillary_4512042082145388,mapillary,4512042082145388,18.471555423225,73.863463381744,336,386,273,120,120,0.476,opencv_hough_v1,candidate,2026-09-08T16:58:50.022957+00:00
671d7153-4eb,mapillary_4512042082145388,mapillary,4512042082145388,18.471555423225,73.863463381744,336,302,332,138,138,0.524,opencv_hough_v1,candidate,2026-09-08T16:58:50.036926+00:00
f7752383-72d,mapillary_4512042082145388,mapillary,4512042082145388,18.471555423225,73.863463381744,336,666,271,152,152,0.563,opencv_hough_v1,candidate,2026-09-08T16:58:50.043399+00:00
606b0a7b-ce5,mapillary_4512042082145388,mapillary,4512042082145388,18.471555423225,73.863463381744,336,141,395,128,128,0.515,opencv_hough_v1,candidate,2026-09-08T16:58:50.048828+00:00
11a69717-49c,mapillary_4512042082145388,mapillary,4512042082145388,18.471555423225,73.863463381744,336,0,426,238,238,0.378,opencv_hough_v1,candidate,2026-09-08T16:58:50.055607+00:00
d6722d16-2af,mapillary_4512042082145388,mapillary,4512042082145388,18.471555423225,73.863463381744,336,547,491,236,236,0.393,opencv_hough_v1,candidate,2026-09-08T16:58:50.061789+00:00
82646e4d-467,mapillary_4512042082145388,mapillary,4512042082145388,18.471555423225,73.863463381744,336,592,309,190,190,0.617,opencv_hough_v1,candidate,2026-09-08T16:58:50.067928+00:00
0f97f74b-726,mapillary_4512042082145388,mapillary,4512042082145388,18.471555423225,73.863463381744,336,804,248,186,186,0.438,opencv_hough_v1,candidate,2026-09-08T16:58:50.073311+00:00
c3bd6fde-982,mapillary_4512042082145388,mapillary,4512042082145388,18.471555423225,73.863463381744,336,730,330,180,180,0.531,opencv_hough_v1,candidate,2026-09-08T16:58:50.079252+00:00
f4692531-ba5,mapillary_4512042082145388,mapillary,4512042082145388,18.471555423225,73.863463381744,336,131,256,102,102,0.509,opencv_hough_v1,candidate,2026-09-08T16:58:50.084951+00:00
afaee94d-223,mapillary_4512042082145388,mapillary,4512042082145388,18.471555423225,73.863463381744,336,161,409,178,178,0.484,opencv_hough_v1,candidate,2026-09-08T16:58:50.090822+00:00
e0f4fce3-81f,mapillary_4512042082145388,mapillary,4512042082145388,18.471555423225,73.863463381744,336,572,429,238,238,0.445,opencv_hough_v1,candidate,2026-09-08T16:58:50.098286+00:00
87d72f3d-7b2,mapillary_4512042082145388,mapillary,4512042082145388,18.471555423225,73.863463381744,336,692,301,144,144,0.575,opencv_hough_v1,candidate,2026-09-08T16:58:50.105088+00:00
048239b6-174,mapillary_4512042082145388,mapillary,4512042082145388,18.471555423225,73.863463381744,336,526,431,204,204,0.491,opencv_hough_v1,candidate,2026-09-08T16:58:50.111646+00:00
5feacf80-886,mapillary_4512042082145388,mapillary,4512042082145388,18.471555423225,73.863463381744,336,50,483,162,162,0.419,opencv_hough_v1,candidate,2026-09-08T16:58:50.117369+00:00
2bef73ec-ed0,mapillary_4512042082145388,mapillary,4512042082145388,18.471555423225,73.863463381744,336,380,255,102,102,0.483,opencv_hough_v1,candidate,2026-09-08T16:58:50.122821+00:00
a5c92bd4-739,mapillary_4512042082145388,mapillary,4512042082145388,18.471555423225,73.863463381744,336,193,349,140,140,0.549,opencv_hough_v1,candidate,2026-09-08T16:58:50.129392+00:00
41007983-47d,mapillary_4512042082145388,mapillary,4512042082145388,18.471555423225,73.863463381744,336,652,528,168,168,0.431,opencv_hough_v1,candidate,2026-09-08T16:58:50.135410+00:00
22879a30-187,mapillary_4512042082145388,mapillary,4512042082145388,18.471555423225,73.863463381744,336,3,480,132,132,0.494,opencv_hough_v1,candidate,2026-09-08T16:58:50.140720+00:00
382dca63-7b2,mapillary_4512042082145388,mapillary,4512042082145388,18.471555423225,73.863463381744,336,243,428,212,212,0.47,opencv_hough_v1,candidate,2026-09-08T16:58:50.148218+00:00
4f69ea53-416,mapillary_4512042082145388,mapillary,4512042082145388,18.471555423225,73.863463381744,336,747,266,168,168,0.517,opencv_hough_v1,candidate,2026-09-08T16:58:50.154939+00:00
bc3d9b32-f55,mapillary_4512042082145388,mapillary,4512042082145388,18.471555423225,73.863463381744,336,164,240,122,122,0.482,opencv_hough_v1,candidate,2026-09-08T16:58:50.161140+00:00
cee926e9-f2d,mapillary_4512042082145388,mapillary,4512042082145388,18.471555423225,73.863463381744,336,65,256,104,104,0.504,opencv_hough_v1,candidate,2026-09-08T16:58:50.167141+00:00
298be922-9d8,mapillary_4512042082145388,mapillary,4512042082145388,18.471555423225,73.863463381744,336,777,355,238,238,0.437,opencv_hough_v1,candidate,2026-09-08T16:58:50.172826+00:00
4355863c-980,mapillary_4512042082145388,mapillary,4512042082145388,18.471555423225,73.863463381744,336,396,499,230,230,0.353,opencv_hough_v1,candidate,2026-09-08T16:58:50.179087+00:00
15e94431-4a9,mapillary_4512042082145388,mapillary,4512042082145388,18.471555423225,73.863463381744,336,520,468,238,238,0.41,opencv_hough_v1,candidate,2026-09-08T16:58:50.186016+00:00
f0e0b80e-4de,mapillary_4512042082145388,mapillary,4512042082145388,18.471555423225,73.863463381744,336,723,451,194,194,0.467,opencv_hough_v1,candidate,2026-09-08T16:58:50.191982+00:00
d855c8b8-786,mapillary_4512042082145388,mapillary,4512042082145388,18.471555423225,73.863463381744,336,396,434,194,194,0.443,opencv_hough_v1,candidate,2026-09-08T16:58:50.198686+00:00
b1a94792-63a,mapillary_4512042082145388,mapillary,4512042082145388,18.471555423225,73.863463381744,336,326,258,110,110,0.444,opencv_hough_v1,candidate,2026-09-08T16:58:50.205597+00:00
181589cc-71d,mapillary_4512042082145388,mapillary,4512042082145388,18.471555423225,73.863463381744,336,45,429,136,136,0.521,opencv_hough_v1,candidate,2026-09-08T16:58:50.218435+00:00
0aaed4a4-4ec,mapillary_4512042082145388,mapillary,4512042082145388,18.471555423225,73.863463381744,336,585,478,206,206,0.446,opencv_hough_v1,candidate,2026-09-08T16:58:50.230234+00:00
2bbdd3c6-5ce,mapillary_4512042082145388,mapillary,4512042082145388,18.471555423225,73.863463381744,336,787,265,152,152,0.513,opencv_hough_v1,candidate,2026-09-08T16:58:50.243806+00:00
a2c479cc-90b,mapillary_4512042082145388,mapillary,4512042082145388,18.471555423225,73.863463381744,336,36,256,102,102,0.497,opencv_hough_v1,candidate,2026-09-08T16:58:50.250138+00:00
0f2e838a-96d,mapillary_4512042082145388,mapillary,4512042082145388,18.471555423225,73.863463381744,336,723,500,180,180,0.448,opencv_hough_v1,candidate,2026-09-08T16:58:50.256239+00:00
a18abad4-c25,mapillary_4512042082145388,mapillary,4512042082145388,18.471555423225,73.863463381744,336,92,235,118,118,0.508,opencv_hough_v1,candidate,2026-09-08T16:58:50.262122+00:00
6837e9a3-eff,mapillary_4512042082145388,mapillary,4512042082145388,18.471555423225,73.863463381744,336,330,431,164,164,0.519,opencv_hough_v1,candidate,2026-09-08T16:58:50.268157+00:00
448cc367-670,mapillary_4512042082145388,mapillary,4512042082145388,18.471555423225,73.863463381744,336,665,274,104,104,0.575,opencv_hough_v1,candidate,2026-09-08T16:58:50.280880+00:00
01bcca6a-49b,mapillary_4512042082145388,mapillary,4512042082145388,18.471555423225,73.863463381744,336,692,366,196,196,0.537,opencv_hough_v1,candidate,2026-09-08T16:58:50.287061+00:00
881884b6-02b,mapillary_4512042082145388,mapillary,4512042082145388,18.471555423225,73.863463381744,336,464,263,96,96,0.497,opencv_hough_v1,candidate,2026-09-08T16:58:50.294371+00:00
6999e0c7-ab1,mapillary_4512042082145388,mapillary,4512042082145388,18.471555423225,73.863463381744,336,596,422,190,190,0.527,opencv_hough_v1,candidate,2026-09-08T16:58:50.301109+00:00
eb25741d-ed8,mapillary_4512042082145388,mapillary,4512042082145388,18.471555423225,73.863463381744,336,628,483,180,180,0.456,opencv_hough_v1,candidate,2026-09-08T16:58:50.306900+00:00
f17a1322-7ec,mapillary_4512042082145388,mapillary,4512042082145388,18.471555423225,73.863463381744,336,659,353,176,176,0.598,opencv_hough_v1,candidate,2026-09-08T16:58:50.313002+00:00
ccb2cea1-3a1,mapillary_4512042082145388,mapillary,4512042082145388,18.471555423225,73.863463381744,336,5,256,88,88,0.448,opencv_hough_v1,candidate,2026-09-08T16:58:50.319076+00:00
a3583d15-66d,mapillary_4512042082145388,mapillary,4512042082145388,18.471555423225,73.863463381744,336,562,419,170,170,0.56,opencv_hough_v1,candidate,2026-09-08T16:58:50.339234+00:00
97f3bde6-8a7,mapillary_4512042082145388,mapillary,4512042082145388,18.471555423225,73.863463381744,336,799,228,168,168,0.496,opencv_hough_v1,candidate,2026-09-08T16:58:50.346506+00:00
b1780bf2-bdf,mapillary_4512042082145388,mapillary,4512042082145388,18.471555423225,73.863463381744,336,399,424,154,154,0.504,opencv_hough_v1,candidate,2026-09-08T16:58:50.353508+00:00
7da16dac-05d,mapillary_4512042082145388,mapillary,4512042082145388,18.471555423225,73.863463381744,336,125,475,152,152,0.389,opencv_hough_v1,candidate,2026-09-08T16:58:50.365887+00:00
849d8180-fa4,mapillary_4512042082145388,mapillary,4512042082145388,18.471555423225,73.863463381744,336,283,199,148,148,0.52,opencv_hough_v1,candidate,2026-09-08T16:58:50.372131+00:00
fce3a73d-9a0,mapillary_4512042082145388,mapillary,4512042082145388,18.471555423225,73.863463381744,336,30,515,128,128,0.446,opencv_hough_v1,candidate,2026-09-08T16:58:50.378943+00:00
4437977d-cb2,mapillary_4512042082145388,mapillary,4512042082145388,18.471555423225,73.863463381744,336,11,327,114,114,0.496,opencv_hough_v1,candidate,2026-09-08T16:58:50.385466+00:00
7befff56-f52,mapillary_4512042082145388,mapillary,4512042082145388,18.471555423225,73.863463381744,336,542,370,90,90,0.622,opencv_hough_v1,candidate,2026-09-08T16:58:50.393586+00:00
78bd14ba-5a6,mapillary_4512042082145388,mapillary,4512042082145388,18.471555423225,73.863463381744,336,49,562,104,104,0.385,opencv_hough_v1,candidate,2026-09-08T16:58:50.400212+00:00
946dc227-538,mapillary_4512042082145388,mapillary,4512042082145388,18.471555423225,73.863463381744,336,221,258,106,106,0.426,opencv_hough_v1,candidate,2026-09-08T16:58:50.406632+00:00
066854c4-247,mapillary_4512042082145388,mapillary,4512042082145388,18.471555423225,73.863463381744,336,440,458,228,228,0.415,opencv_hough_v1,candidate,2026-09-08T16:58:50.413695+00:00
09321809-1ce,mapillary_4512042082145388,mapillary,4512042082145388,18.471555423225,73.863463381744,336,685,200,164,164,0.585,opencv_hough_v1,candidate,2026-09-08T16:58:50.420564+00:00
79fe148b-42b,mapillary_4512042082145388,mapillary,4512042082145388,18.471555423225,73.863463381744,336,899,258,125,138,0.352,opencv_hough_v1,candidate,2026-09-08T16:58:50.426789+00:00
87ee33f4-c35,mapillary_4512042082145388,mapillary,4512042082145388,18.471555423225,73.863463381744,336,750,281,102,102,0.475,opencv_hough_v1,candidate,2026-09-08T16:58:50.432359+00:00
004ea7bc-4b9,mapillary_4512042082145388,mapillary,4512042082145388,18.471555423225,73.863463381744,336,625,263,88,88,0.575,opencv_hough_v1,candidate,2026-09-08T16:58:50.439306+00:00
e8bed248-f52,mapillary_4512042082145388,mapillary,4512042082145388,18.471555423225,73.863463381744,336,767,496,160,160,0.491,opencv_hough_v1,candidate,2026-09-08T16:58:50.447456+00:00
7a7a84ba-754,mapillary_4512042082145388,mapillary,4512042082145388,18.471555423225,73.863463381744,336,814,298,152,152,0.485,opencv_hough_v1,candidate,2026-09-08T16:58:50.454349+00:00
b6751def-4ab,mapillary_4512042082145388,mapillary,4512042082145388,18.471555423225,73.863463381744,336,19,456,124,124,0.517,opencv_hough_v1,candidate,2026-09-08T16:58:50.460373+00:00
f31fea22-6d5,mapillary_4512042082145388,mapillary,4512042082145388,18.471555423225,73.863463381744,336,513,305,80,80,0.547,opencv_hough_v1,candidate,2026-09-08T16:58:50.465785+00:00
aa70b44d-9ee,mapillary_4512042082145388,mapillary,4512042082145388,18.471555423225,73.863463381744,336,113,509,144,144,0.351,opencv_hough_v1,candidate,2026-09-08T16:58:50.478432+00:00
7cad4b07-5de,mapillary_4512042082145388,mapillary,4512042082145388,18.471555423225,73.863463381744,336,780,454,136,136,0.512,opencv_hough_v1,candidate,2026-09-08T16:58:50.484290+00:00
d7744832-7c7,mapillary_4512042082145388,mapillary,4512042082145388,18.471555423225,73.863463381744,336,717,525,132,132,0.458,opencv_hough_v1,candidate,2026-09-08T16:58:50.491237+00:00
58f5b979-98f,mapillary_4512042082145388,mapillary,4512042082145388,18.471555423225,73.863463381744,336,49,394,110,110,0.477,opencv_hough_v1,candidate,2026-09-08T16:58:50.497979+00:00
0c2adc22-589,mapillary_4512042082145388,mapillary,4512042082145388,18.471555423225,73.863463381744,336,858,394,166,238,0.429,opencv_hough_v1,candidate,2026-09-08T16:58:50.504403+00:00
1efc068f-cb8,mapillary_4512042082145388,mapillary,4512042082145388,18.471555423225,73.863463381744,336,278,485,194,194,0.408,opencv_hough_v1,candidate,2026-09-08T16:58:50.510661+00:00
3afe6e62-9ef,mapillary_4512042082145388,mapillary,4512042082145388,18.471555423225,73.863463381744,336,414,497,170,170,0.42,opencv_hough_v1,candidate,2026-09-08T16:58:50.516484+00:00
15d879be-f6b,mapillary_4512042082145388,mapillary,4512042082145388,18.471555423225,73.863463381744,336,629,557,176,176,0.408,opencv_hough_v1,candidate,2026-09-08T16:58:50.522304+00:00
d2863958-7e2,mapillary_4512042082145388,mapillary,4512042082145388,18.471555423225,73.863463381744,336,0,265,170,170,0.478,opencv_hough_v1,candidate,2026-09-08T16:58:50.528459+00:00
e68fa7f0-7e0,mapillary_4512042082145388,mapillary,4512042082145388,18.471555423225,73.863463381744,336,369,301,86,86,0.436,opencv_hough_v1,candidate,2026-09-08T16:58:50.542768+00:00
6638cbf5-972,mapillary_4512042082145388,mapillary,4512042082145388,18.471555423225,73.863463381744,336,823,547,128,128,0.546,opencv_hough_v1,candidate,2026-09-08T16:58:50.548833+00:00
d4f95ec1-35d,mapillary_4512042082145388,mapillary,4512042082145388,18.471555423225,73.863463381744,336,13,397,104,104,0.454,opencv_hough_v1,candidate,2026-09-08T16:58:50.555165+00:00
8d1b3638-8f0,mapillary_4512042082145388,mapillary,4512042082145388,18.471555423225,73.863463381744,336,692,261,102,102,0.548,opencv_hough_v1,candidate,2026-09-08T16:58:50.567481+00:00
42c934b8-f1a,mapillary_4512042082145388,mapillary,4512042082145388,18.471555423225,73.863463381744,336,487,468,204,204,0.459,opencv_hough_v1,candidate,2026-09-08T16:58:50.572845+00:00
52a72da8-3bc,mapillary_4512042082145388,mapillary,4512042082145388,18.471555423225,73.863463381744,336,549,572,190,190,0.415,opencv_hough_v1,candidate,2026-09-08T16:58:50.579261+00:00
98719f58-1a3,mapillary_4512042082145388,mapillary,4512042082145388,18.471555423225,73.863463381744,336,340,527,146,146,0.394,opencv_hough_v1,candidate,2026-09-08T16:58:50.585908+00:00
8855ef8b-7da,mapillary_4512042082145388,mapillary,4512042082145388,18.471555423225,73.863463381744,336,12,551,102,102,0.377,opencv_hough_v1,candidate,2026-09-08T16:58:50.592950+00:00
c4228c64-b95,mapillary_4512042082145388,mapillary,4512042082145388,18.471555423225,73.863463381744,336,0,333,168,168,0.48,opencv_hough_v1,candidate,2026-09-08T16:58:50.600825+00:00
ff230222-2d2,mapillary_4512042082145388,mapillary,4512042082145388,18.471555423225,73.863463381744,336,360,341,80,80,0.456,opencv_hough_v1,candidate,2026-09-08T16:58:50.606966+00:00
09ec1aa4-b76,mapillary_4512042082145388,mapillary,4512042082145388,18.471555423225,73.863463381744,336,244,500,194,194,0.389,opencv_hough_v1,candidate,2026-09-08T16:58:50.613664+00:00
f1978d56-17e,mapillary_4512042082145388,mapillary,4512042082145388,18.471555423225,73.863463381744,336,378,533,140,140,0.389,opencv_hough_v1,candidate,2026-09-08T16:58:50.626031+00:00
616abded-f48,mapillary_4512042082145388,mapillary,4512042082145388,18.471555423225,73.863463381744,336,3,428,98,98,0.471,opencv_hough_v1,candidate,2026-09-08T16:58:50.631625+00:00
25b3e90c-134,mapillary_4512042082145388,mapillary,4512042082145388,18.471555423225,73.863463381744,336,442,196,140,140,0.615,opencv_hough_v1,candidate,2026-09-08T16:58:50.638079+00:00
23792ad5-388,mapillary_4512042082145388,mapillary,4512042082145388,18.471555423225,73.863463381744,336,0,369,118,118,0.48,opencv_hough_v1,candidate,2026-09-08T16:58:50.646225+00:00
92eda1f2-421,mapillary_4512042082145388,mapillary,4512042082145388,18.471555423225,73.863463381744,336,398,512,90,90,0.411,opencv_hough_v1,candidate,2026-09-08T16:58:50.652897+00:00
d43e3ef4-b77,mapillary_4512042082145388,mapillary,4512042082145388,18.471555423225,73.863463381744,336,385,194,132,132,0.599,opencv_hough_v1,candidate,2026-09-08T16:58:50.664425+00:00
de8315eb-78b,mapillary_4512042082145388,mapillary,4512042082145388,18.471555423225,73.863463381744,336,874,266,122,122,0.382,opencv_hough_v1,candidate,2026-09-08T16:58:50.670518+00:00
e7ebbee7-3b5,mapillary_4512042082145388,mapillary,4512042082145388,18.471555423225,73.863463381744,336,844,605,96,96,0.529,opencv_hough_v1,candidate,2026-09-08T16:58:50.682808+00:00
871fbd2a-5d8,mapillary_4512042082145388,mapillary,4512042082145388,18.471555423225,73.863463381744,336,393,504,148,148,0.414,opencv_hough_v1,candidate,2026-09-08T16:58:50.688556+00:00
503535d7-f0c,mapillary_4512042082145388,mapillary,4512042082145388,18.471555423225,73.863463381744,336,200,408,118,118,0.526,opencv_hough_v1,candidate,2026-09-08T16:58:50.696214+00:00
fdd752fa-554,mapillary_4512042082145388,mapillary,4512042082145388,18.471555423225,73.863463381744,336,890,509,134,138,0.548,opencv_hough_v1,candidate,2026-09-08T16:58:50.709513+00:00
81d37c58-0f0,mapillary_4512042082145388,mapillary,4512042082145388,18.471555423225,73.863463381744,336,724,511,98,98,0.451,opencv_hough_v1,candidate,2026-09-08T16:58:50.715026+00:00
07da0540-5b1,mapillary_4512042082145388,mapillary,4512042082145388,18.471555423225,73.863463381744,336,397,449,96,96,0.428,opencv_hough_v1,candidate,2026-09-08T16:58:50.721033+00:00
c7739fdb-f57,mapillary_4512042082145388,mapillary,4512042082145388,18.471555423225,73.863463381744,336,569,255,78,78,0.612,opencv_hough_v1,candidate,2026-09-08T16:58:50.727481+00:00
0f5e78da-848,mapillary_4512042082145388,mapillary,4512042082145388,18.471555423225,73.863463381744,336,846,440,178,190,0.477,opencv_hough_v1,candidate,2026-09-08T16:58:50.747622+00:00
58895551-9e8,mapillary_4512042082145388,mapillary,4512042082145388,18.471555423225,73.863463381744,336,0,425,168,168,0.478,opencv_hough_v1,candidate,2026-09-08T16:58:50.753745+00:00
4693e782-372,mapillary_4512042082145388,mapillary,4512042082145388,18.471555423225,73.863463381744,336,586,491,144,144,0.521,opencv_hough_v1,candidate,2026-09-08T16:58:50.760359+00:00
c03d5b29-fb0,mapillary_4512042082145388,mapillary,4512042082145388,18.471555423225,73.863463381744,336,798,555,102,102,0.499,opencv_hough_v1,candidate,2026-09-08T16:58:50.766088+00:00
050175d5-f48,mapillary_4512042082145388,mapillary,4512042082145388,18.471555423225,73.863463381744,336,0,375,144,144,0.494,opencv_hough_v1,candidate,2026-09-08T16:58:50.771625+00:00
7074cfd4-68b,mapillary_4512042082145388,mapillary,4512042082145388,18.471555423225,73.863463381744,336,818,363,162,162,0.498,opencv_hough_v1,candidate,2026-09-08T16:58:50.777963+00:00
772683af-456,mapillary_4512042082145388,mapillary,4512042082145388,18.471555423225,73.863463381744,336,697,608,156,156,0.371,opencv_hough_v1,candidate,2026-09-08T16:58:50.784184+00:00
b5522c72-06a,mapillary_4512042082145388,mapillary,4512042082145388,18.471555423225,73.863463381744,336,579,212,104,104,0.612,opencv_hough_v1,candidate,2026-09-08T16:58:50.792066+00:00
ee419d19-5d8,mapillary_4512042082145388,mapillary,4512042082145388,18.471555423225,73.863463381744,336,798,262,102,102,0.517,opencv_hough_v1,candidate,2026-09-08T16:58:50.797867+00:00
68d623b2-b91,mapillary_4512042082145388,mapillary,4512042082145388,18.471555423225,73.863463381744,336,828,503,172,172,0.509,opencv_hough_v1,candidate,2026-09-08T16:58:50.804226+00:00
f5f14471-f71,mapillary_4512042082145388,mapillary,4512042082145388,18.471555423225,73.863463381744,336,651,302,82,82,0.597,opencv_hough_v1,candidate,2026-09-08T16:58:50.811347+00:00
9dd68e2a-dfa,mapillary_4512042082145388,mapillary,4512042082145388,18.471555423225,73.863463381744,336,463,533,184,184,0.42,opencv_hough_v1,candidate,2026-09-08T16:58:50.817499+00:00
2625f606-17f,mapillary_4512042082145388,mapillary,4512042082145388,18.471555423225,73.863463381744,336,670,203,114,114,0.62,opencv_hough_v1,candidate,2026-09-08T16:58:50.828916+00:00
9f232afd-f42,mapillary_4512042082145388,mapillary,4512042082145388,18.471555423225,73.863463381744,336,596,565,170,170,0.439,opencv_hough_v1,candidate,2026-09-08T16:58:50.835438+00:00
c525fcdb-6af,mapillary_4512042082145388,mapillary,4512042082145388,18.471555423225,73.863463381744,336,818,201,162,162,0.519,opencv_hough_v1,candidate,2026-09-08T16:58:50.842887+00:00
7e9888b7-1e6,mapillary_4512042082145388,mapillary,4512042082145388,18.471555423225,73.863463381744,336,821,343,120,120,0.501,opencv_hough_v1,candidate,2026-09-08T16:58:50.849353+00:00
4a276282-68e,mapillary_4512042082145388,mapillary,4512042082145388,18.471555423225,73.863463381744,336,667,257,64,64,0.508,opencv_hough_v1,candidate,2026-09-08T16:58:50.854571+00:00
2d99771d-d3a,mapillary_4512042082145388,mapillary,4512042082145388,18.471555423225,73.863463381744,336,256,517,106,106,0.462,opencv_hough_v1,candidate,2026-09-08T16:58:50.860772+00:00
3c55fcf8-181,mapillary_4512042082145388,mapillary,4512042082145388,18.471555423225,73.863463381744,336,266,258,78,78,0.366,opencv_hough_v1,candidate,2026-09-08T16:58:50.866785+00:00
70557102-c24,mapillary_4512042082145388,mapillary,4512042082145388,18.471555423225,73.863463381744,336,859,384,165,168,0.487,opencv_hough_v1,candidate,2026-09-08T16:58:50.878999+00:00
aa9b7b74-bbf,mapillary_4512042082145388,mapillary,4512042082145388,18.471555423225,73.863463381744,336,589,188,144,144,0.641,opencv_hough_v1,candidate,2026-09-08T16:58:50.887292+00:00
5fe1369e-44b,mapillary_4512042082145388,mapillary,4512042082145388,18.471555423225,73.863463381744,336,674,487,94,94,0.471,opencv_hough_v1,candidate,2026-09-08T16:58:50.894877+00:00
aef375de-081,mapillary_4512042082145388,mapillary,4512042082145388,18.471555423225,73.863463381744,336,460,563,188,188,0.4,opencv_hough_v1,candidate,2026-09-08T16:58:50.901455+00:00
a0553220-902,mapillary_4512042082145388,mapillary,4512042082145388,18.471555423225,73.863463381744,336,319,456,124,124,0.611,opencv_hough_v1,candidate,2026-09-08T16:58:50.907182+00:00
6a5a3bf9-ee7,mapillary_4512042082145388,mapillary,4512042082145388,18.471555423225,73.863463381744,336,496,216,94,94,0.609,opencv_hough_v1,candidate,2026-09-08T16:58:50.912677+00:00
d3e30fae-48a,mapillary_4512042082145388,mapillary,4512042082145388,18.471555423225,73.863463381744,336,785,260,72,72,0.5,opencv_hough_v1,candidate,2026-09-08T16:58:50.919659+00:00
0eb20a13-c79,mapillary_4512042082145388,mapillary,4512042082145388,18.471555423225,73.863463381744,336,518,288,54,54,0.502,opencv_hough_v1,candidate,2026-09-08T16:58:50.926683+00:00
d3434dcb-d96,mapillary_4512042082145388,mapillary,4512042082145388,18.471555423225,73.863463381744,336,191,520,142,142,0.388,opencv_hough_v1,candidate,2026-09-08T16:58:50.933151+00:00
42717183-b6c,mapillary_4512042082145388,mapillary,4512042082145388,18.471555423225,73.863463381744,336,636,547,124,124,0.464,opencv_hough_v1,candidate,2026-09-08T16:58:50.947037+00:00
fd91c7e6-7ad,mapillary_4512042082145388,mapillary,4512042082145388,18.471555423225,73.863463381744,336,0,249,102,102,0.434,opencv_hough_v1,candidate,2026-09-08T16:58:50.953566+00:00
e8ee3940-881,mapillary_4512042082145388,mapillary,4512042082145388,18.471555423225,73.863463381744,336,412,487,82,82,0.425,opencv_hough_v1,candidate,2026-09-08T16:58:50.959932+00:00
5fd1809b-725,mapillary_4512042082145388,mapillary,4512042082145388,18.471555423225,73.863463381744,336,719,456,82,82,0.554,opencv_hough_v1,candidate,2026-09-08T16:58:50.966242+00:00
4ffb7c08-e18,mapillary_4512042082145388,mapillary,4512042082145388,18.471555423225,73.863463381744,336,0,498,78,78,0.466,opencv_hough_v1,candidate,2026-09-08T16:58:50.971593+00:00
8e6bee3b-6ea,mapillary_4512042082145388,mapillary,4512042082145388,18.471555423225,73.863463381744,336,257,397,70,70,0.451,opencv_hough_v1,candidate,2026-09-08T16:58:50.977408+00:00
f52647af-302,mapillary_4512042082145388,mapillary,4512042082145388,18.471555423225,73.863463381744,336,713,579,114,114,0.388,opencv_hough_v1,candidate,2026-09-08T16:58:50.983442+00:00
b5f01f6c-b53,mapillary_4512042082145388,mapillary,4512042082145388,18.471555423225,73.863463381744,336,220,234,82,82,0.405,opencv_hough_v1,candidate,2026-09-08T16:58:50.990656+00:00
28a520c7-1b7,mapillary_4512042082145388,mapillary,4512042082145388,18.471555423225,73.863463381744,336,378,256,58,58,0.499,opencv_hough_v1,candidate,2026-09-08T16:58:50.996832+00:00
03ea0d46-47b,mapillary_4512042082145388,mapillary,4512042082145388,18.471555423225,73.863463381744,336,213,475,104,104,0.498,opencv_hough_v1,candidate,2026-09-08T16:58:51.002740+00:00
42ef1a86-642,mapillary_4512042082145388,mapillary,4512042082145388,18.471555423225,73.863463381744,336,204,415,62,62,0.438,opencv_hough_v1,candidate,2026-09-08T16:58:51.008964+00:00
5941cbe6-46c,mapillary_4512042082145388,mapillary,4512042082145388,18.471555423225,73.863463381744,336,453,619,122,122,0.416,opencv_hough_v1,candidate,2026-09-08T16:58:51.014745+00:00
e64c2188-3aa,mapillary_4512042082145388,mapillary,4512042082145388,18.471555423225,73.863463381744,336,0,543,120,120,0.379,opencv_hough_v1,candidate,2026-09-08T16:58:51.020786+00:00
704c7e1c-136,mapillary_4512042082145388,mapillary,4512042082145388,18.471555423225,73.863463381744,336,834,529,92,92,0.473,opencv_hough_v1,candidate,2026-09-08T16:58:51.027052+00:00
759781ea-b7a,mapillary_4512042082145388,mapillary,4512042082145388,18.471555423225,73.863463381744,336,836,501,82,82,0.419,opencv_hough_v1,candidate,2026-09-08T16:58:51.032914+00:00
478d6f77-9d0,mapillary_4512042082145388,mapillary,4512042082145388,18.471555423225,73.863463381744,336,433,367,64,64,0.41,opencv_hough_v1,candidate,2026-09-08T16:58:51.039481+00:00
5d6feed9-ced,mapillary_4512042082145388,mapillary,4512042082145388,18.471555423225,73.863463381744,336,860,497,96,96,0.46,opencv_hough_v1,candidate,2026-09-08T16:58:51.046209+00:00
fd1d6f52-af8,mapillary_4512042082145388,mapillary,4512042082145388,18.471555423225,73.863463381744,336,737,477,88,88,0.535,opencv_hough_v1,candidate,2026-09-08T16:58:51.052872+00:00
4666f4b2-bd2,mapillary_4512042082145388,mapillary,4512042082145388,18.471555423225,73.863463381744,336,141,429,64,64,0.458,opencv_hough_v1,candidate,2026-09-08T16:58:51.059469+00:00
beb4cb9a-812,mapillary_4512042082145388,mapillary,4512042082145388,18.471555423225,73.863463381744,336,790,196,140,140,0.62,opencv_hough_v1,candidate,2026-09-08T16:58:51.065036+00:00
55442c49-5b0,mapillary_4512042082145388,mapillary,4512042082145388,18.471555423225,73.863463381744,336,13,533,78,78,0.391,opencv_hough_v1,candidate,2026-09-08T16:58:51.070536+00:00
d8c1433f-2ea,mapillary_4512042082145388,mapillary,4512042082145388,18.471555423225,73.863463381744,336,715,491,72,72,0.495,opencv_hough_v1,candidate,2026-09-08T16:58:51.076975+00:00
b40d9dbe-9e0,mapillary_4512042082145388,mapillary,4512042082145388,18.471555423225,73.863463381744,336,17,475,70,70,0.509,opencv_hough_v1,candidate,2026-09-08T16:58:51.084056+00:00
89b83a8c-9be,mapillary_4512042082145388,mapillary,4512042082145388,18.471555423225,73.863463381744,336,567,427,56,56,0.487,opencv_hough_v1,candidate,2026-09-08T16:58:51.095654+00:00
b7fba411-805,mapillary_4512042082145388,mapillary,4512042082145388,18.471555423225,73.863463381744,336,915,278,109,154,0.35,opencv_hough_v1,candidate,2026-09-08T16:58:51.102351+00:00
7fc3ed8c-d04,mapillary_4512042082145388,mapillary,4512042082145388,18.471555423225,73.863463381744,336,92,560,72,72,0.362,opencv_hough_v1,candidate,2026-09-08T16:58:51.108293+00:00
db44a95d-038,mapillary_4512042082145388,mapillary,4512042082145388,18.471555423225,73.863463381744,336,558,553,106,106,0.486,opencv_hough_v1,candidate,2026-09-08T16:58:51.113810+00:00
9158b8d3-9f4,mapillary_4512042082145388,mapillary,4512042082145388,18.471555423225,73.863463381744,336,588,625,146,143,0.448,opencv_hough_v1,candidate,2026-09-08T16:58:51.120275+00:00
a8422f62-ac3,mapillary_4512042082145388,mapillary,4512042082145388,18.471555423225,73.863463381744,336,178,220,78,78,0.394,opencv_hough_v1,candidate,2026-09-08T16:58:51.126926+00:00
312a75a1-27d,mapillary_4512042082145388,mapillary,4512042082145388,18.471555423225,73.863463381744,336,244,524,66,66,0.443,opencv_hough_v1,candidate,2026-09-08T16:58:51.134219+00:00
3637ade8-8e0,mapillary_4512042082145388,mapillary,4512042082145388,18.471555423225,73.863463381744,336,740,204,118,118,0.619,opencv_hough_v1,candidate,2026-09-08T16:58:51.140602+00:00
50c93401-2dd,mapillary_4512042082145388,mapillary,4512042082145388,18.471555423225,73.863463381744,336,873,592,88,88,0.518,opencv_hough_v1,candidate,2026-09-08T16:58:51.146476+00:00
dada1729-b39,mapillary_4512042082145388,mapillary,4512042082145388,18.471555423225,73.863463381744,336,356,219,78,78,0.542,opencv_hough_v1,candidate,2026-09-08T16:58:51.152516+00:00
dfda095b-b45,mapillary_4512042082145388,mapillary,4512042082145388,18.471555423225,73.863463381744,336,204,380,58,58,0.462,opencv_hough_v1,candidate,2026-09-08T16:58:51.158515+00:00
e2d953d4-822,mapillary_4512042082145388,mapillary,4512042082145388,18.471555423225,73.863463381744,336,551,271,46,46,0.541,opencv_hough_v1,candidate,2026-09-08T16:58:51.163727+00:00
8abfef19-ed3,mapillary_4512042082145388,mapillary,4512042082145388,18.471555423225,73.863463381744,336,564,628,130,130,0.44,opencv_hough_v1,candidate,2026-09-08T16:58:51.169933+00:00
51ec4fa9-389,mapillary_4512042082145388,mapillary,4512042082145388,18.471555423225,73.863463381744,336,82,256,46,46,0.439,opencv_hough_v1,candidate,2026-09-08T16:58:51.176540+00:00
5c71fb70-5f9,mapillary_4512042082145388,mapillary,4512042082145388,18.471555423225,73.863463381744,336,693,603,112,112,0.39,opencv_hough_v1,candidate,2026-09-08T16:58:51.183676+00:00
7d3f7a01-837,mapillary_4512042082145388,mapillary,4512042082145388,18.471555423225,73.863463381744,336,811,613,112,112,0.431,opencv_hough_v1,candidate,2026-09-08T16:58:51.189639+00:00
ee78b5d7-57f,mapillary_4512042082145388,mapillary,4512042082145388,18.471555423225,73.863463381744,336,907,224,78,78,0.418,opencv_hough_v1,candidate,2026-09-08T16:58:51.201627+00:00
c8a868ec-464,mapillary_4512042082145388,mapillary,4512042082145388,18.471555423225,73.863463381744,336,926,622,98,106,0.441,opencv_hough_v1,candidate,2026-09-08T16:58:51.207549+00:00
be5d2d1a-82f,mapillary_4512042082145388,mapillary,4512042082145388,18.471555423225,73.863463381744,336,143,222,72,72,0.395,opencv_hough_v1,candidate,2026-09-08T16:58:51.213248+00:00
7b3673a5-69a,mapillary_4512042082145388,mapillary,4512042082145388,18.471555423225,73.863463381744,336,197,513,96,96,0.358,opencv_hough_v1,candidate,2026-09-08T16:58:51.219038+00:00
e83894f8-dea,mapillary_4512042082145388,mapillary,4512042082145388,18.471555423225,73.863463381744,336,877,615,147,153,0.359,opencv_hough_v1,candidate,2026-09-08T16:58:51.225274+00:00
124adee1-367,mapillary_4512042082145388,mapillary,4512042082145388,18.471555423225,73.863463381744,336,514,540,120,120,0.478,opencv_hough_v1,candidate,2026-09-08T16:58:51.232526+00:00
6ae071f8-509,mapillary_4512042082145388,mapillary,4512042082145388,18.471555423225,73.863463381744,336,355,517,62,62,0.524,opencv_hough_v1,candidate,2026-09-08T16:58:51.238566+00:00
fc503e2b-eb0,mapillary_4512042082145388,mapillary,4512042082145388,18.471555423225,73.863463381744,336,855,477,60,60,0.363,opencv_hough_v1,candidate,2026-09-08T16:58:51.244855+00:00
be0e9b2c-3a2,mapillary_4512042082145388,mapillary,4512042082145388,18.471555423225,73.863463381744,336,592,578,90,90,0.46,opencv_hough_v1,candidate,2026-09-08T16:58:51.251179+00:00
9d57f16b-3b8,mapillary_4512042082145388,mapillary,4512042082145388,18.471555423225,73.863463381744,336,105,229,70,70,0.429,opencv_hough_v1,candidate,2026-09-08T16:58:51.257547+00:00
7aab5f9a-f06,mapillary_4512042082145388,mapillary,4512042082145388,18.471555423225,73.863463381744,336,918,578,66,66,0.477,opencv_hough_v1,candidate,2026-09-08T16:58:51.263065+00:00
4e36cba8-f8f,mapillary_4512042082145388,mapillary,4512042082145388,18.471555423225,73.863463381744,336,0,532,88,88,0.371,opencv_hough_v1,candidate,2026-09-08T16:58:51.268902+00:00
7b546dff-fb3,mapillary_4512042082145388,mapillary,4512042082145388,18.471555423225,73.863463381744,336,782,586,74,74,0.41,opencv_hough_v1,candidate,2026-09-08T16:58:51.275846+00:00
38dadee9-62b,mapillary_4512042082145388,mapillary,4512042082145388,18.471555423225,73.863463381744,336,43,238,50,50,0.484,opencv_hough_v1,candidate,2026-09-08T16:58:51.282204+00:00
2a813633-58e,mapillary_4512042082145388,mapillary,4512042082145388,18.471555423225,73.863463381744,336,673,636,112,112,0.394,opencv_hough_v1,candidate,2026-09-08T16:58:51.287753+00:00
124a85bb-1af,mapillary_4512042082145388,mapillary,4512042082145388,18.471555423225,73.863463381744,336,481,541,98,98,0.414,opencv_hough_v1,candidate,2026-09-08T16:58:51.294737+00:00
8155a6bc-8e5,mapillary_4512042082145388,mapillary,4512042082145388,18.471555423225,73.863463381744,336,170,467,50,50,0.422,opencv_hough_v1,candidate,2026-09-08T16:58:51.307784+00:00
a5def67d-26f,mapillary_4512042082145388,mapillary,4512042082145388,18.471555423225,73.863463381744,336,285,517,46,46,0.5,opencv_hough_v1,candidate,2026-09-08T16:58:51.313421+00:00
3f2348e5-3c9,mapillary_4512042082145388,mapillary,4512042082145388,18.471555423225,73.863463381744,336,862,365,104,104,0.471,opencv_hough_v1,candidate,2026-09-08T16:58:51.319589+00:00
b6ee6212-920,mapillary_4512042082145388,mapillary,4512042082145388,18.471555423225,73.863463381744,336,902,357,66,66,0.363,opencv_hough_v1,candidate,2026-09-08T16:58:51.333096+00:00
5a01300b-8fc,mapillary_4512042082145388,mapillary,4512042082145388,18.471555423225,73.863463381744,336,0,235,56,56,0.391,opencv_hough_v1,candidate,2026-09-08T16:58:51.340664+00:00
2dc945da-d08,mapillary_4512042082145388,mapillary,4512042082145388,18.471555423225,73.863463381744,336,590,533,60,60,0.501,opencv_hough_v1,candidate,2026-09-08T16:58:51.347233+00:00
117ebcda-6b4,mapillary_4512042082145388,mapillary,4512042082145388,18.471555423225,73.863463381744,336,0,451,62,62,0.42,opencv_hough_v1,candidate,2026-09-08T16:58:51.353627+00:00
a0adc1e3-04e,mapillary_4512042082145388,mapillary,4512042082145388,18.471555423225,73.863463381744,336,893,334,56,56,0.354,opencv_hough_v1,candidate,2026-09-08T16:58:51.360574+00:00
8e520b42-39d,mapillary_4512042082145388,mapillary,4512042082145388,18.471555423225,73.863463381744,336,15,374,48,48,0.426,opencv_hough_v1,candidate,2026-09-08T16:58:51.374020+00:00
1be29d2f-075,mapillary_4512042082145388,mapillary,4512042082145388,18.471555423225,73.863463381744,336,269,245,48,48,0.373,opencv_hough_v1,candidate,2026-09-08T16:58:51.387585+00:00
b3b53f53-73a,mapillary_4512042082145388,mapillary,4512042082145388,18.471555423225,73.863463381744,336,931,607,68,68,0.496,opencv_hough_v1,candidate,2026-09-08T16:58:51.394023+00:00
403c220f-b12,mapillary_4512042082145388,mapillary,4512042082145388,18.471555423225,73.863463381744,336,440,638,74,74,0.352,opencv_hough_v1,candidate,2026-09-08T16:58:51.414062+00:00
b15a12be-a1e,mapillary_4512042082145388,mapillary,4512042082145388,18.471555423225,73.863463381744,336,371,697,52,52,0.37,opencv_hough_v1,candidate,2026-09-08T16:58:51.420356+00:00
0da0792e-c82,mapillary_4512042082145388,mapillary,4512042082145388,18.471555423225,73.863463381744,336,395,522,42,42,0.442,opencv_hough_v1,candidate,2026-09-08T16:58:51.426626+00:00
b6000c70-202,mapillary_4512042082145388,mapillary,4512042082145388,18.471555423225,73.863463381744,336,670,235,48,48,0.523,opencv_hough_v1,candidate,2026-09-08T16:58:51.434913+00:00
ac280b71-b13,mapillary_4512042082145388,mapillary,4512042082145388,18.471555423225,73.863463381744,336,845,612,46,46,0.503,opencv_hough_v1,candidate,2026-09-08T16:58:51.441766+00:00
5b369629-9af,mapillary_318674196293064,mapillary,318674196293064,18.473231254708,73.858137793036,163,333,361,236,236,0.423,opencv_hough_v1,candidate,2026-09-08T16:58:51.677531+00:00
27973cfb-57b,mapillary_318674196293064,mapillary,318674196293064,18.473231254708,73.858137793036,163,435,402,238,238,0.414,opencv_hough_v1,candidate,2026-09-08T16:58:51.682780+00:00
e66d1213-cca,mapillary_318674196293064,mapillary,318674196293064,18.473231254708,73.858137793036,163,228,290,236,236,0.35,opencv_hough_v1,candidate,2026-09-08T16:58:51.687451+00:00
482afdd2-4f8,mapillary_318674196293064,mapillary,318674196293064,18.473231254708,73.858137793036,163,332,414,238,238,0.422,opencv_hough_v1,candidate,2026-09-08T16:58:51.692522+00:00
16f30e44-ac3,mapillary_318674196293064,mapillary,318674196293064,18.473231254708,73.858137793036,163,221,560,210,208,0.454,opencv_hough_v1,candidate,2026-09-08T16:58:51.697705+00:00
d3a5cd2b-8ba,mapillary_318674196293064,mapillary,318674196293064,18.473231254708,73.858137793036,163,196,312,190,190,0.382,opencv_hough_v1,candidate,2026-09-08T16:58:51.702809+00:00
bad324dc-b6c,mapillary_318674196293064,mapillary,318674196293064,18.473231254708,73.858137793036,163,254,366,238,238,0.403,opencv_hough_v1,candidate,2026-09-08T16:58:51.707773+00:00
df533217-f8d,mapillary_318674196293064,mapillary,318674196293064,18.473231254708,73.858137793036,163,288,364,236,236,0.41,opencv_hough_v1,candidate,2026-09-08T16:58:51.712994+00:00
cd57c1a1-a9d,mapillary_318674196293064,mapillary,318674196293064,18.473231254708,73.858137793036,163,183,325,238,238,0.374,opencv_hough_v1,candidate,2026-09-08T16:58:51.718055+00:00
f8f0f098-499,mapillary_318674196293064,mapillary,318674196293064,18.473231254708,73.858137793036,163,201,464,230,230,0.44,opencv_hough_v1,candidate,2026-09-08T16:58:51.723013+00:00
9c1f12a9-93a,mapillary_318674196293064,mapillary,318674196293064,18.473231254708,73.858137793036,163,407,432,198,198,0.456,opencv_hough_v1,candidate,2026-09-08T16:58:51.727827+00:00
8d069125-b79,mapillary_318674196293064,mapillary,318674196293064,18.473231254708,73.858137793036,163,296,332,238,238,0.392,opencv_hough_v1,candidate,2026-09-08T16:58:51.733141+00:00
29e39950-ed0,mapillary_318674196293064,mapillary,318674196293064,18.473231254708,73.858137793036,163,379,327,220,220,0.427,opencv_hough_v1,candidate,2026-09-08T16:58:51.738099+00:00
ca015ba2-013,mapillary_318674196293064,mapillary,318674196293064,18.473231254708,73.858137793036,163,422,298,238,238,0.391,opencv_hough_v1,candidate,2026-09-08T16:58:51.743574+00:00
8aa49463-608,mapillary_318674196293064,mapillary,318674196293064,18.473231254708,73.858137793036,163,462,380,214,214,0.435,opencv_hough_v1,candidate,2026-09-08T16:58:51.748475+00:00
ede6d50f-8ff,mapillary_318674196293064,mapillary,318674196293064,18.473231254708,73.858137793036,163,386,528,162,162,0.491,opencv_hough_v1,candidate,2026-09-08T16:58:51.753170+00:00
4101529c-335,mapillary_318674196293064,mapillary,318674196293064,18.473231254708,73.858137793036,163,166,448,238,238,0.432,opencv_hough_v1,candidate,2026-09-08T16:58:51.758479+00:00
0d9f2ccb-b3e,mapillary_318674196293064,mapillary,318674196293064,18.473231254708,73.858137793036,163,458,438,238,238,0.412,opencv_hough_v1,candidate,2026-09-08T16:58:51.763307+00:00
f846ced7-80f,mapillary_318674196293064,mapillary,318674196293064,18.473231254708,73.858137793036,163,518,356,238,238,0.405,opencv_hough_v1,candidate,2026-09-08T16:58:51.768708+00:00
5e3280eb-16d,mapillary_318674196293064,mapillary,318674196293064,18.473231254708,73.858137793036,163,31,335,228,228,0.459,opencv_hough_v1,candidate,2026-09-08T16:58:51.774833+00:00
eb4d7840-49a,mapillary_318674196293064,mapillary,318674196293064,18.473231254708,73.858137793036,163,244,416,222,222,0.431,opencv_hough_v1,candidate,2026-09-08T16:58:51.780002+00:00
511b0988-43f,mapillary_318674196293064,mapillary,318674196293064,18.473231254708,73.858137793036,163,227,285,198,198,0.363,opencv_hough_v1,candidate,2026-09-08T16:58:51.784718+00:00
27c39bb4-727,mapillary_318674196293064,mapillary,318674196293064,18.473231254708,73.858137793036,163,451,275,236,236,0.385,opencv_hough_v1,candidate,2026-09-08T16:58:51.789786+00:00
83bc5f5a-461,mapillary_318674196293064,mapillary,318674196293064,18.473231254708,73.858137793036,163,167,363,196,196,0.426,opencv_hough_v1,candidate,2026-09-08T16:58:51.794226+00:00
05ed692e-7ed,mapillary_318674196293064,mapillary,318674196293064,18.473231254708,73.858137793036,163,32,238,234,234,0.419,opencv_hough_v1,candidate,2026-09-08T16:58:51.799370+00:00
33c460ef-0ba,mapillary_318674196293064,mapillary,318674196293064,18.473231254708,73.858137793036,163,12,311,222,222,0.475,opencv_hough_v1,candidate,2026-09-08T16:58:51.803956+00:00
c6939131-f3e,mapillary_318674196293064,mapillary,318674196293064,18.473231254708,73.858137793036,163,13,479,228,228,0.453,opencv_hough_v1,candidate,2026-09-08T16:58:51.809105+00:00
169c28f8-f21,mapillary_318674196293064,mapillary,318674196293064,18.473231254708,73.858137793036,163,166,325,168,168,0.432,opencv_hough_v1,candidate,2026-09-08T16:58:51.813547+00:00
9b2394a3-fa2,mapillary_318674196293064,mapillary,318674196293064,18.473231254708,73.858137793036,163,425,403,196,196,0.46,opencv_hough_v1,candidate,2026-09-08T16:58:51.818473+00:00
bbdf4b78-034,mapillary_318674196293064,mapillary,318674196293064,18.473231254708,73.858137793036,163,221,381,220,220,0.417,opencv_hough_v1,candidate,2026-09-08T16:58:51.823899+00:00
b1bcd4ac-c27,mapillary_318674196293064,mapillary,318674196293064,18.473231254708,73.858137793036,163,414,357,198,198,0.453,opencv_hough_v1,candidate,2026-09-08T16:58:51.828552+00:00
b546592f-eeb,mapillary_318674196293064,mapillary,318674196293064,18.473231254708,73.858137793036,163,417,257,196,196,0.406,opencv_hough_v1,candidate,2026-09-08T16:58:51.835173+00:00
ae7d526a-240,mapillary_318674196293064,mapillary,318674196293064,18.473231254708,73.858137793036,163,165,478,238,238,0.436,opencv_hough_v1,candidate,2026-09-08T16:58:51.840849+00:00
dd720321-7de,mapillary_318674196293064,mapillary,318674196293064,18.473231254708,73.858137793036,163,209,416,228,228,0.425,opencv_hough_v1,candidate,2026-09-08T16:58:51.845297+00:00
95ec8931-97e,mapillary_318674196293064,mapillary,318674196293064,18.473231254708,73.858137793036,163,269,528,198,198,0.465,opencv_hough_v1,candidate,2026-09-08T16:58:51.850328+00:00
07180b5e-bbb,mapillary_318674196293064,mapillary,318674196293064,18.473231254708,73.858137793036,163,496,496,198,198,0.454,opencv_hough_v1,candidate,2026-09-08T16:58:51.855145+00:00
214c10de-155,mapillary_318674196293064,mapillary,318674196293064,18.473231254708,73.858137793036,163,371,355,176,176,0.489,opencv_hough_v1,candidate,2026-09-08T16:58:51.859735+00:00
ce73729c-8c0,mapillary_318674196293064,mapillary,318674196293064,18.473231254708,73.858137793036,163,41,448,238,238,0.439,opencv_hough_v1,candidate,2026-09-08T16:58:51.864915+00:00
2ff11ae0-344,mapillary_318674196293064,mapillary,318674196293064,18.473231254708,73.858137793036,163,195,274,202,202,0.355,opencv_hough_v1,candidate,2026-09-08T16:58:51.874971+00:00
4c9cb0ac-2c0,mapillary_318674196293064,mapillary,318674196293064,18.473231254708,73.858137793036,163,475,351,180,180,0.466,opencv_hough_v1,candidate,2026-09-08T16:58:51.879515+00:00
dd75977b-65b,mapillary_318674196293064,mapillary,318674196293064,18.473231254708,73.858137793036,163,266,557,144,144,0.526,opencv_hough_v1,candidate,2026-09-08T16:58:51.884521+00:00
a06039e5-995,mapillary_318674196293064,mapillary,318674196293064,18.473231254708,73.858137793036,163,94,471,238,238,0.439,opencv_hough_v1,candidate,2026-09-08T16:58:51.890360+00:00
6ab49a74-e8f,mapillary_318674196293064,mapillary,318674196293064,18.473231254708,73.858137793036,163,407,407,168,168,0.49,opencv_hough_v1,candidate,2026-09-08T16:58:51.895343+00:00
c23e8697-e5b,mapillary_318674196293064,mapillary,318674196293064,18.473231254708,73.858137793036,163,417,521,168,168,0.485,opencv_hough_v1,candidate,2026-09-08T16:58:51.900428+00:00
a509d5e8-422,mapillary_318674196293064,mapillary,318674196293064,18.473231254708,73.858137793036,163,386,338,138,138,0.519,opencv_hough_v1,candidate,2026-09-08T16:58:51.905030+00:00
25b87882-262,mapillary_318674196293064,mapillary,318674196293064,18.473231254708,73.858137793036,163,383,555,202,202,0.443,opencv_hough_v1,candidate,2026-09-08T16:58:51.909654+00:00
0bceb2e9-68b,mapillary_318674196293064,mapillary,318674196293064,18.473231254708,73.858137793036,163,649,367,132,132,0.519,opencv_hough_v1,candidate,2026-09-08T16:58:51.919403+00:00
0e4ecb7b-313,mapillary_318674196293064,mapillary,318674196293064,18.473231254708,73.858137793036,163,450,260,190,190,0.416,opencv_hough_v1,candidate,2026-09-08T16:58:51.924654+00:00
0f654fc9-535,mapillary_318674196293064,mapillary,318674196293064,18.473231254708,73.858137793036,163,25,502,234,234,0.444,opencv_hough_v1,candidate,2026-09-08T16:58:51.929845+00:00
99e74b48-9d1,mapillary_318674196293064,mapillary,318674196293064,18.473231254708,73.858137793036,163,101,317,198,198,0.426,opencv_hough_v1,candidate,2026-09-08T16:58:51.936014+00:00
e30782a5-15e,mapillary_318674196293064,mapillary,318674196293064,18.473231254708,73.858137793036,163,199,403,176,176,0.455,opencv_hough_v1,candidate,2026-09-08T16:58:51.942581+00:00
4f4a8398-638,mapillary_318674196293064,mapillary,318674196293064,18.473231254708,73.858137793036,163,380,615,222,153,0.417,opencv_hough_v1,candidate,2026-09-08T16:58:51.947655+00:00
53118aae-98e,mapillary_318674196293064,mapillary,318674196293064,18.473231254708,73.858137793036,163,234,358,194,194,0.42,opencv_hough_v1,candidate,2026-09-08T16:58:51.953324+00:00
19b0e5f4-8f4,mapillary_318674196293064,mapillary,318674196293064,18.473231254708,73.858137793036,163,356,583,196,185,0.449,opencv_hough_v1,candidate,2026-09-08T16:58:51.963487+00:00
713c0a89-501,mapillary_318674196293064,mapillary,318674196293064,18.473231254708,73.858137793036,163,87,354,172,172,0.473,opencv_hough_v1,candidate,2026-09-08T16:58:51.968399+00:00
dc8469a5-526,mapillary_318674196293064,mapillary,318674196293064,18.473231254708,73.858137793036,163,70,523,212,212,0.467,opencv_hough_v1,candidate,2026-09-08T16:58:51.973145+00:00
195a12ce-b14,mapillary_318674196293064,mapillary,318674196293064,18.473231254708,73.858137793036,163,120,450,186,186,0.489,opencv_hough_v1,candidate,2026-09-08T16:58:51.978213+00:00
167ada0d-04d,mapillary_318674196293064,mapillary,318674196293064,18.473231254708,73.858137793036,163,311,448,162,162,0.498,opencv_hough_v1,candidate,2026-09-08T16:58:51.983269+00:00
4edd559e-e9b,mapillary_318674196293064,mapillary,318674196293064,18.473231254708,73.858137793036,163,340,560,162,162,0.492,opencv_hough_v1,candidate,2026-09-08T16:58:51.987889+00:00
967de21f-f40,mapillary_318674196293064,mapillary,318674196293064,18.473231254708,73.858137793036,163,11,264,234,234,0.448,opencv_hough_v1,candidate,2026-09-08T16:58:51.993174+00:00
0da6f675-232,mapillary_318674196293064,mapillary,318674196293064,18.473231254708,73.858137793036,163,488,427,230,230,0.414,opencv_hough_v1,candidate,2026-09-08T16:58:51.998476+00:00
ee4d0c57-7f7,mapillary_318674196293064,mapillary,318674196293064,18.473231254708,73.858137793036,163,0,531,204,204,0.471,opencv_hough_v1,candidate,2026-09-08T16:58:52.003765+00:00
030307ea-ca3,mapillary_318674196293064,mapillary,318674196293064,18.473231254708,73.858137793036,163,176,447,160,160,0.508,opencv_hough_v1,candidate,2026-09-08T16:58:52.010550+00:00
b7a14431-a33,mapillary_318674196293064,mapillary,318674196293064,18.473231254708,73.858137793036,163,400,529,98,98,0.471,opencv_hough_v1,candidate,2026-09-08T16:58:52.016256+00:00
717d80fc-4de,mapillary_318674196293064,mapillary,318674196293064,18.473231254708,73.858137793036,163,339,494,144,144,0.515,opencv_hough_v1,candidate,2026-09-08T16:58:52.020586+00:00
ab007214-cee,mapillary_318674196293064,mapillary,318674196293064,18.473231254708,73.858137793036,163,0,305,228,228,0.491,opencv_hough_v1,candidate,2026-09-08T16:58:52.026300+00:00
18cbdecb-f0d,mapillary_318674196293064,mapillary,318674196293064,18.473231254708,73.858137793036,163,491,261,196,196,0.415,opencv_hough_v1,candidate,2026-09-08T16:58:52.031115+00:00
ba9cc683-283,mapillary_318674196293064,mapillary,318674196293064,18.473231254708,73.858137793036,163,15,448,214,214,0.478,opencv_hough_v1,candidate,2026-09-08T16:58:52.035984+00:00
cb1193e2-151,mapillary_318674196293064,mapillary,318674196293064,18.473231254708,73.858137793036,163,540,420,214,214,0.418,opencv_hough_v1,candidate,2026-09-08T16:58:52.041460+00:00
cf84b640-ffc,mapillary_318674196293064,mapillary,318674196293064,18.473231254708,73.858137793036,163,535,383,122,122,0.485,opencv_hough_v1,candidate,2026-09-08T16:58:52.046256+00:00
a06be9b3-c34,mapillary_318674196293064,mapillary,318674196293064,18.473231254708,73.858137793036,163,471,524,104,104,0.48,opencv_hough_v1,candidate,2026-09-08T16:58:52.051389+00:00
b3a5a525-ed4,mapillary_318674196293064,mapillary,318674196293064,18.473231254708,73.858137793036,163,282,601,146,146,0.511,opencv_hough_v1,candidate,2026-09-08T16:58:52.056483+00:00
805aca73-dda,mapillary_318674196293064,mapillary,318674196293064,18.473231254708,73.858137793036,163,208,591,190,177,0.475,opencv_hough_v1,candidate,2026-09-08T16:58:52.061226+00:00
e7735290-fa1,mapillary_318674196293064,mapillary,318674196293064,18.473231254708,73.858137793036,163,571,383,220,220,0.414,opencv_hough_v1,candidate,2026-09-08T16:58:52.066161+00:00
72cb7bc8-6ef,mapillary_318674196293064,mapillary,318674196293064,18.473231254708,73.858137793036,163,60,313,184,184,0.486,opencv_hough_v1,candidate,2026-09-08T16:58:52.072162+00:00
9c72eea8-481,mapillary_318674196293064,mapillary,318674196293064,18.473231254708,73.858137793036,163,307,292,176,176,0.395,opencv_hough_v1,candidate,2026-09-08T16:58:52.077411+00:00
fdd46c54-4f3,mapillary_318674196293064,mapillary,318674196293064,18.473231254708,73.858137793036,163,225,573,148,148,0.522,opencv_hough_v1,candidate,2026-09-08T16:58:52.082800+00:00
8e88821d-1c2,mapillary_318674196293064,mapillary,318674196293064,18.473231254708,73.858137793036,163,317,515,124,124,0.509,opencv_hough_v1,candidate,2026-09-08T16:58:52.087225+00:00
9bcdc3f1-c7e,mapillary_318674196293064,mapillary,318674196293064,18.473231254708,73.858137793036,163,137,326,120,120,0.504,opencv_hough_v1,candidate,2026-09-08T16:58:52.091875+00:00
a11db016-cfa,mapillary_318674196293064,mapillary,318674196293064,18.473231254708,73.858137793036,163,506,269,124,124,0.428,opencv_hough_v1,candidate,2026-09-08T16:58:52.101395+00:00
32bd176f-32f,mapillary_318674196293064,mapillary,318674196293064,18.473231254708,73.858137793036,163,665,281,198,198,0.387,opencv_hough_v1,candidate,2026-09-08T16:58:52.106661+00:00
4d50faf5-2af,mapillary_318674196293064,mapillary,318674196293064,18.473231254708,73.858137793036,163,612,255,178,178,0.407,opencv_hough_v1,candidate,2026-09-08T16:58:52.110902+00:00
8fce3eac-6e0,mapillary_318674196293064,mapillary,318674196293064,18.473231254708,73.858137793036,163,385,582,138,138,0.509,opencv_hough_v1,candidate,2026-09-08T16:58:52.116388+00:00
196dfa47-710,mapillary_318674196293064,mapillary,318674196293064,18.473231254708,73.858137793036,163,267,481,164,164,0.507,opencv_hough_v1,candidate,2026-09-08T16:58:52.121039+00:00
08cb2752-efe,mapillary_318674196293064,mapillary,318674196293064,18.473231254708,73.858137793036,163,455,631,136,136,0.489,opencv_hough_v1,candidate,2026-09-08T16:58:52.125806+00:00
53d74916-f53,mapillary_318674196293064,mapillary,318674196293064,18.473231254708,73.858137793036,163,7,516,168,168,0.522,opencv_hough_v1,candidate,2026-09-08T16:58:52.131728+00:00
b2e20c02-5f3,mapillary_318674196293064,mapillary,318674196293064,18.473231254708,73.858137793036,163,490,583,98,98,0.466,opencv_hough_v1,candidate,2026-09-08T16:58:52.136733+00:00
c11a326c-113,mapillary_318674196293064,mapillary,318674196293064,18.473231254708,73.858137793036,163,360,453,124,124,0.499,opencv_hough_v1,candidate,2026-09-08T16:58:52.141879+00:00
210a1419-047,mapillary_318674196293064,mapillary,318674196293064,18.473231254708,73.858137793036,163,541,489,172,172,0.48,opencv_hough_v1,candidate,2026-09-08T16:58:52.146734+00:00
1360bbfb-310,mapillary_318674196293064,mapillary,318674196293064,18.473231254708,73.858137793036,163,485,511,156,156,0.499,opencv_hough_v1,candidate,2026-09-08T16:58:52.151640+00:00
91ad6c9c-c23,mapillary_318674196293064,mapillary,318674196293064,18.473231254708,73.858137793036,163,337,609,120,120,0.496,opencv_hough_v1,candidate,2026-09-08T16:58:52.157046+00:00
4284517f-ea2,mapillary_318674196293064,mapillary,318674196293064,18.473231254708,73.858137793036,163,0,336,226,226,0.483,opencv_hough_v1,candidate,2026-09-08T16:58:52.161795+00:00
3e47ac61-085,mapillary_318674196293064,mapillary,318674196293064,18.473231254708,73.858137793036,163,115,269,160,160,0.445,opencv_hough_v1,candidate,2026-09-08T16:58:52.167279+00:00
d2f8563d-26a,mapillary_318674196293064,mapillary,318674196293064,18.473231254708,73.858137793036,163,656,381,168,168,0.465,opencv_hough_v1,candidate,2026-09-08T16:58:52.171675+00:00
bf8fe587-c6d,mapillary_318674196293064,mapillary,318674196293064,18.473231254708,73.858137793036,163,477,239,140,140,0.447,opencv_hough_v1,candidate,2026-09-08T16:58:52.176854+00:00
b5e7d4ab-96d,mapillary_318674196293064,mapillary,318674196293064,18.473231254708,73.858137793036,163,697,382,98,98,0.544,opencv_hough_v1,candidate,2026-09-08T16:58:52.181741+00:00
f6c4c0c4-c39,mapillary_318674196293064,mapillary,318674196293064,18.473231254708,73.858137793036,163,423,463,110,110,0.48,opencv_hough_v1,candidate,2026-09-08T16:58:52.187881+00:00
6acb6661-ebf,mapillary_318674196293064,mapillary,318674196293064,18.473231254708,73.858137793036,163,452,257,136,136,0.434,opencv_hough_v1,candidate,2026-09-08T16:58:52.193236+00:00
110e424a-b8d,mapillary_318674196293064,mapillary,318674196293064,18.473231254708,73.858137793036,163,148,619,128,128,0.512,opencv_hough_v1,candidate,2026-09-08T16:58:52.197897+00:00
df9603a3-9fb,mapillary_318674196293064,mapillary,318674196293064,18.473231254708,73.858137793036,163,141,387,124,124,0.496,opencv_hough_v1,candidate,2026-09-08T16:58:52.202524+00:00
2e507ea6-602,mapillary_318674196293064,mapillary,318674196293064,18.473231254708,73.858137793036,163,362,332,122,122,0.479,opencv_hough_v1,candidate,2026-09-08T16:58:52.207447+00:00
e48c5862-630,mapillary_318674196293064,mapillary,318674196293064,18.473231254708,73.858137793036,163,190,413,90,90,0.429,opencv_hough_v1,candidate,2026-09-08T16:58:52.212065+00:00
74dc0618-e87,mapillary_318674196293064,mapillary,318674196293064,18.473231254708,73.858137793036,163,363,563,74,74,0.448,opencv_hough_v1,candidate,2026-09-08T16:58:52.217185+00:00
dfe785ba-1c7,mapillary_318674196293064,mapillary,318674196293064,18.473231254708,73.858137793036,163,461,398,154,154,0.503,opencv_hough_v1,candidate,2026-09-08T16:58:52.222128+00:00
a80c3d2e-e06,mapillary_318674196293064,mapillary,318674196293064,18.473231254708,73.858137793036,163,465,601,120,120,0.481,opencv_hough_v1,candidate,2026-09-08T16:58:52.227408+00:00
6491e8a4-fc8,mapillary_318674196293064,mapillary,318674196293064,18.473231254708,73.858137793036,163,429,320,146,146,0.476,opencv_hough_v1,candidate,2026-09-08T16:58:52.232559+00:00
d1064608-f54,mapillary_318674196293064,mapillary,318674196293064,18.473231254708,73.858137793036,163,535,257,140,140,0.459,opencv_hough_v1,candidate,2026-09-08T16:58:52.236833+00:00
addcdcbe-2f6,mapillary_318674196293064,mapillary,318674196293064,18.473231254708,73.858137793036,163,178,493,128,128,0.534,opencv_hough_v1,candidate,2026-09-08T16:58:52.241731+00:00
2c8d869d-868,mapillary_318674196293064,mapillary,318674196293064,18.473231254708,73.858137793036,163,21,605,152,152,0.504,opencv_hough_v1,candidate,2026-09-08T16:58:52.247626+00:00
5a2e4c35-d9b,mapillary_318674196293064,mapillary,318674196293064,18.473231254708,73.858137793036,163,586,368,132,132,0.499,opencv_hough_v1,candidate,2026-09-08T16:58:52.252744+00:00
23178bd6-c8e,mapillary_318674196293064,mapillary,318674196293064,18.473231254708,73.858137793036,163,500,620,130,130,0.486,opencv_hough_v1,candidate,2026-09-08T16:58:52.257911+00:00
95586b41-d2a,mapillary_318674196293064,mapillary,318674196293064,18.473231254708,73.858137793036,163,578,272,120,120,0.429,opencv_hough_v1,candidate,2026-09-08T16:58:52.262672+00:00
c098fcf7-aa0,mapillary_318674196293064,mapillary,318674196293064,18.473231254708,73.858137793036,163,102,249,148,148,0.45,opencv_hough_v1,candidate,2026-09-08T16:58:52.267131+00:00
f8511774-629,mapillary_318674196293064,mapillary,318674196293064,18.473231254708,73.858137793036,163,27,305,140,140,0.576,opencv_hough_v1,candidate,2026-09-08T16:58:52.271755+00:00
1ce8e582-13d,mapillary_318674196293064,mapillary,318674196293064,18.473231254708,73.858137793036,163,421,269,138,138,0.43,opencv_hough_v1,candidate,2026-09-08T16:58:52.276975+00:00
f6f86a5b-03b,mapillary_318674196293064,mapillary,318674196293064,18.473231254708,73.858137793036,163,608,288,124,124,0.427,opencv_hough_v1,candidate,2026-09-08T16:58:52.282168+00:00
77fc30fc-be8,mapillary_318674196293064,mapillary,318674196293064,18.473231254708,73.858137793036,163,291,248,176,176,0.356,opencv_hough_v1,candidate,2026-09-08T16:58:52.286967+00:00
a9245aae-453,mapillary_318674196293064,mapillary,318674196293064,18.473231254708,73.858137793036,163,650,410,96,96,0.438,opencv_hough_v1,candidate,2026-09-08T16:58:52.292044+00:00
f5bce48c-b3d,mapillary_318674196293064,mapillary,318674196293064,18.473231254708,73.858137793036,163,388,275,132,132,0.412,opencv_hough_v1,candidate,2026-09-08T16:58:52.296700+00:00
d412e250-7ad,mapillary_318674196293064,mapillary,318674196293064,18.473231254708,73.858137793036,163,578,493,218,218,0.42,opencv_hough_v1,candidate,2026-09-08T16:58:52.301650+00:00
0b1d1379-313,mapillary_318674196293064,mapillary,318674196293064,18.473231254708,73.858137793036,163,380,645,138,123,0.497,opencv_hough_v1,candidate,2026-09-08T16:58:52.308446+00:00
16a5ad2b-7f2,mapillary_318674196293064,mapillary,318674196293064,18.473231254708,73.858137793036,163,429,519,106,106,0.479,opencv_hough_v1,candidate,2026-09-08T16:58:52.313745+00:00
17bdc35d-167,mapillary_318674196293064,mapillary,318674196293064,18.473231254708,73.858137793036,163,0,623,140,140,0.516,opencv_hough_v1,candidate,2026-09-08T16:58:52.318145+00:00
ef953d94-2d4,mapillary_318674196293064,mapillary,318674196293064,18.473231254708,73.858137793036,163,547,351,132,132,0.492,opencv_hough_v1,candidate,2026-09-08T16:58:52.323275+00:00
35d08ad8-e40,mapillary_318674196293064,mapillary,318674196293064,18.473231254708,73.858137793036,163,381,556,112,112,0.487,opencv_hough_v1,candidate,2026-09-08T16:58:52.327982+00:00
02d00fcd-7ea,mapillary_318674196293064,mapillary,318674196293064,18.473231254708,73.858137793036,163,231,272,144,144,0.39,opencv_hough_v1,candidate,2026-09-08T16:58:52.333173+00:00
be8492ae-7dd,mapillary_318674196293064,mapillary,318674196293064,18.473231254708,73.858137793036,163,627,367,106,106,0.507,opencv_hough_v1,candidate,2026-09-08T16:58:52.338227+00:00
16568758-45f,mapillary_318674196293064,mapillary,318674196293064,18.473231254708,73.858137793036,163,446,664,154,104,0.475,opencv_hough_v1,candidate,2026-09-08T16:58:52.343470+00:00
df93a5bc-63a,mapillary_318674196293064,mapillary,318674196293064,18.473231254708,73.858137793036,163,541,584,138,138,0.504,opencv_hough_v1,candidate,2026-09-08T16:58:52.349208+00:00
0384beb8-ad5,mapillary_318674196293064,mapillary,318674196293064,18.473231254708,73.858137793036,163,202,280,122,122,0.407,opencv_hough_v1,candidate,2026-09-08T16:58:52.354876+00:00
5daf3ac7-c13,mapillary_318674196293064,mapillary,318674196293064,18.473231254708,73.858137793036,163,0,647,120,120,0.496,opencv_hough_v1,candidate,2026-09-08T16:58:52.360025+00:00
3171ac9b-59c,mapillary_318674196293064,mapillary,318674196293064,18.473231254708,73.858137793036,163,213,606,112,112,0.509,opencv_hough_v1,candidate,2026-09-08T16:58:52.365750+00:00
74c1d230-366,mapillary_318674196293064,mapillary,318674196293064,18.473231254708,73.858137793036,163,78,620,104,104,0.472,opencv_hough_v1,candidate,2026-09-08T16:58:52.373533+00:00
52b57436-4c3,mapillary_318674196293064,mapillary,318674196293064,18.473231254708,73.858137793036,163,896,379,88,88,0.44,opencv_hough_v1,candidate,2026-09-08T16:58:52.380171+00:00
ce7cbeb5-dc5,mapillary_318674196293064,mapillary,318674196293064,18.473231254708,73.858137793036,163,5,598,124,124,0.528,opencv_hough_v1,candidate,2026-09-08T16:58:52.385978+00:00
37423e17-93d,mapillary_318674196293064,mapillary,318674196293064,18.473231254708,73.858137793036,163,297,549,96,96,0.49,opencv_hough_v1,candidate,2026-09-08T16:58:52.392146+00:00
20a59502-32a,mapillary_318674196293064,mapillary,318674196293064,18.473231254708,73.858137793036,163,191,332,92,92,0.426,opencv_hough_v1,candidate,2026-09-08T16:58:52.397419+00:00
134281b5-3cd,mapillary_318674196293064,mapillary,318674196293064,18.473231254708,73.858137793036,163,230,477,112,112,0.509,opencv_hough_v1,candidate,2026-09-08T16:58:52.404165+00:00
b2cdadd8-8a1,mapillary_318674196293064,mapillary,318674196293064,18.473231254708,73.858137793036,163,129,647,110,110,0.492,opencv_hough_v1,candidate,2026-09-08T16:58:52.409085+00:00
9a3d6dda-235,mapillary_318674196293064,mapillary,318674196293064,18.473231254708,73.858137793036,163,100,421,122,122,0.487,opencv_hough_v1,candidate,2026-09-08T16:58:52.415083+00:00
c01892b5-09b,mapillary_318674196293064,mapillary,318674196293064,18.473231254708,73.858137793036,163,0,560,90,90,0.491,opencv_hough_v1,candidate,2026-09-08T16:58:52.420484+00:00
dc3d0b2d-d28,mapillary_318674196293064,mapillary,318674196293064,18.473231254708,73.858137793036,163,737,387,88,88,0.521,opencv_hough_v1,candidate,2026-09-08T16:58:52.426160+00:00
fc3e56a1-f33,mapillary_318674196293064,mapillary,318674196293064,18.473231254708,73.858137793036,163,399,681,172,87,0.458,opencv_hough_v1,candidate,2026-09-08T16:58:52.432764+00:00
0f744a2f-2d5,mapillary_318674196293064,mapillary,318674196293064,18.473231254708,73.858137793036,163,856,313,134,134,0.401,opencv_hough_v1,candidate,2026-09-08T16:58:52.439472+00:00
3d9c8477-28d,mapillary_318674196293064,mapillary,318674196293064,18.473231254708,73.858137793036,163,568,648,114,114,0.475,opencv_hough_v1,candidate,2026-09-08T16:58:52.446946+00:00
0e925bf1-4c6,mapillary_318674196293064,mapillary,318674196293064,18.473231254708,73.858137793036,163,381,376,98,98,0.505,opencv_hough_v1,candidate,2026-09-08T16:58:52.453417+00:00
2c76771c-faf,mapillary_318674196293064,mapillary,318674196293064,18.473231254708,73.858137793036,163,163,265,96,96,0.385,opencv_hough_v1,candidate,2026-09-08T16:58:52.459023+00:00
54beb279-e6e,mapillary_318674196293064,mapillary,318674196293064,18.473231254708,73.858137793036,163,686,351,90,90,0.515,opencv_hough_v1,candidate,2026-09-08T16:58:52.464927+00:00
70cb1a0b-55e,mapillary_318674196293064,mapillary,318674196293064,18.473231254708,73.858137793036,163,348,238,152,152,0.379,opencv_hough_v1,candidate,2026-09-08T16:58:52.470195+00:00
93d938f6-8d2,mapillary_318674196293064,mapillary,318674196293064,18.473231254708,73.858137793036,163,523,563,120,120,0.491,opencv_hough_v1,candidate,2026-09-08T16:58:52.477266+00:00
4b676e1f-e77,mapillary_318674196293064,mapillary,318674196293064,18.473231254708,73.858137793036,163,593,631,96,96,0.46,opencv_hough_v1,candidate,2026-09-08T16:58:52.482938+00:00
fa18d8fa-0fd,mapillary_318674196293064,mapillary,318674196293064,18.473231254708,73.858137793036,163,235,665,88,88,0.461,opencv_hough_v1,candidate,2026-09-08T16:58:52.488043+00:00
44e3d121-c42,mapillary_318674196293064,mapillary,318674196293064,18.473231254708,73.858137793036,163,0,310,172,172,0.58,opencv_hough_v1,candidate,2026-09-08T16:58:52.493044+00:00
9a57db86-82d,mapillary_318674196293064,mapillary,318674196293064,18.473231254708,73.858137793036,163,694,454,154,154,0.426,opencv_hough_v1,candidate,2026-09-08T16:58:52.498679+00:00
35af0d37-1dc,mapillary_318674196293064,mapillary,318674196293064,18.473231254708,73.858137793036,163,652,462,198,198,0.403,opencv_hough_v1,candidate,2026-09-08T16:58:52.510428+00:00
1672d7f1-c5d,mapillary_318674196293064,mapillary,318674196293064,18.473231254708,73.858137793036,163,379,659,80,80,0.448,opencv_hough_v1,candidate,2026-09-08T16:58:52.517479+00:00
c2132876-980,mapillary_318674196293064,mapillary,318674196293064,18.473231254708,73.858137793036,163,584,486,148,148,0.497,opencv_hough_v1,candidate,2026-09-08T16:58:52.524424+00:00
190a447a-a41,mapillary_318674196293064,mapillary,318674196293064,18.473231254708,73.858137793036,163,183,296,94,94,0.402,opencv_hough_v1,candidate,2026-09-08T16:58:52.535136+00:00
e166fe8f-8dd,mapillary_318674196293064,mapillary,318674196293064,18.473231254708,73.858137793036,163,579,562,100,100,0.472,opencv_hough_v1,candidate,2026-09-08T16:58:52.540663+00:00
36136a4a-4f2,mapillary_318674196293064,mapillary,318674196293064,18.473231254708,73.858137793036,163,433,324,90,90,0.404,opencv_hough_v1,candidate,2026-09-08T16:58:52.545761+00:00
fea2496e-c79,mapillary_318674196293064,mapillary,318674196293064,18.473231254708,73.858137793036,163,445,649,86,86,0.44,opencv_hough_v1,candidate,2026-09-08T16:58:52.551284+00:00
4b00b37b-608,mapillary_318674196293064,mapillary,318674196293064,18.473231254708,73.858137793036,163,268,571,86,86,0.487,opencv_hough_v1,candidate,2026-09-08T16:58:52.557812+00:00
539a4d77-b19,mapillary_318674196293064,mapillary,318674196293064,18.473231254708,73.858137793036,163,406,333,82,82,0.411,opencv_hough_v1,candidate,2026-09-08T16:58:52.563834+00:00
40e6c7b6-660,mapillary_318674196293064,mapillary,318674196293064,18.473231254708,73.858137793036,163,225,269,80,80,0.35,opencv_hough_v1,candidate,2026-09-08T16:58:52.568950+00:00
3b1915b7-5d3,mapillary_318674196293064,mapillary,318674196293064,18.473231254708,73.858137793036,163,70,678,82,82,0.426,opencv_hough_v1,candidate,2026-09-08T16:58:52.574095+00:00
85c327ad-622,mapillary_318674196293064,mapillary,318674196293064,18.473231254708,73.858137793036,163,643,362,50,50,0.454,opencv_hough_v1,candidate,2026-09-08T16:58:52.579220+00:00
dec292c3-f70,mapillary_318674196293064,mapillary,318674196293064,18.473231254708,73.858137793036,163,289,651,96,96,0.471,opencv_hough_v1,candidate,2026-09-08T16:58:52.585762+00:00
7f7ca314-625,mapillary_318674196293064,mapillary,318674196293064,18.473231254708,73.858137793036,163,198,699,94,69,0.467,opencv_hough_v1,candidate,2026-09-08T16:58:52.591777+00:00
a1b48092-95e,mapillary_318674196293064,mapillary,318674196293064,18.473231254708,73.858137793036,163,194,451,86,86,0.451,opencv_hough_v1,candidate,2026-09-08T16:58:52.596958+00:00
fa84855f-e7d,mapillary_318674196293064,mapillary,318674196293064,18.473231254708,73.858137793036,163,125,652,66,66,0.416,opencv_hough_v1,candidate,2026-09-08T16:58:52.602693+00:00
f063e431-870,mapillary_318674196293064,mapillary,318674196293064,18.473231254708,73.858137793036,163,533,610,94,94,0.458,opencv_hough_v1,candidate,2026-09-08T16:58:52.608704+00:00
4b87a03c-923,mapillary_318674196293064,mapillary,318674196293064,18.473231254708,73.858137793036,163,498,507,80,80,0.458,opencv_hough_v1,candidate,2026-09-08T16:58:52.613982+00:00
d39f46bd-b2b,mapillary_318674196293064,mapillary,318674196293064,18.473231254708,73.858137793036,163,101,490,94,94,0.497,opencv_hough_v1,candidate,2026-09-08T16:58:52.618591+00:00
b2fcad50-247,mapillary_318674196293064,mapillary,318674196293064,18.473231254708,73.858137793036,163,509,676,88,88,0.437,opencv_hough_v1,candidate,2026-09-08T16:58:52.623399+00:00
c7d085b6-e94,mapillary_318674196293064,mapillary,318674196293064,18.473231254708,73.858137793036,163,598,346,80,80,0.442,opencv_hough_v1,candidate,2026-09-08T16:58:52.628046+00:00
9aaf1065-5f3,mapillary_318674196293064,mapillary,318674196293064,18.473231254708,73.858137793036,163,356,387,78,78,0.501,opencv_hough_v1,candidate,2026-09-08T16:58:52.633172+00:00
d4a2152c-57c,mapillary_318674196293064,mapillary,318674196293064,18.473231254708,73.858137793036,163,207,604,70,70,0.465,opencv_hough_v1,candidate,2026-09-08T16:58:52.638305+00:00
dd60d74c-48a,mapillary_318674196293064,mapillary,318674196293064,18.473231254708,73.858137793036,163,335,411,60,60,0.395,opencv_hough_v1,candidate,2026-09-08T16:58:52.642888+00:00
770919cb-693,mapillary_318674196293064,mapillary,318674196293064,18.473231254708,73.858137793036,163,113,264,52,52,0.384,opencv_hough_v1,candidate,2026-09-08T16:58:52.649519+00:00
c5672036-e44,mapillary_318674196293064,mapillary,318674196293064,18.473231254708,73.858137793036,163,680,439,124,124,0.414,opencv_hough_v1,candidate,2026-09-08T16:58:52.655981+00:00
7f94d691-4da,mapillary_318674196293064,mapillary,318674196293064,18.473231254708,73.858137793036,163,581,324,76,76,0.402,opencv_hough_v1,candidate,2026-09-08T16:58:52.660450+00:00
c49eaccd-e1f,mapillary_318674196293064,mapillary,318674196293064,18.473231254708,73.858137793036,163,89,692,106,76,0.481,opencv_hough_v1,candidate,2026-09-08T16:58:52.665728+00:00
89025291-ec5,mapillary_318674196293064,mapillary,318674196293064,18.473231254708,73.858137793036,163,18,710,80,58,0.398,opencv_hough_v1,candidate,2026-09-08T16:58:52.670432+00:00
7c25ee89-a56,mapillary_318674196293064,mapillary,318674196293064,18.473231254708,73.858137793036,163,354,672,70,70,0.44,opencv_hough_v1,candidate,2026-09-08T16:58:52.675082+00:00
455ca6d7-0ce,mapillary_318674196293064,mapillary,318674196293064,18.473231254708,73.858137793036,163,222,690,142,78,0.508,opencv_hough_v1,candidate,2026-09-08T16:58:52.679904+00:00
01f271f6-c2a,mapillary_318674196293064,mapillary,318674196293064,18.473231254708,73.858137793036,163,591,688,98,80,0.457,opencv_hough_v1,candidate,2026-09-08T16:58:52.684697+00:00
96a6a29f-599,mapillary_318674196293064,mapillary,318674196293064,18.473231254708,73.858137793036,163,0,640,74,74,0.488,opencv_hough_v1,candidate,2026-09-08T16:58:52.690212+00:00
36810ac9-55e,mapillary_318674196293064,mapillary,318674196293064,18.473231254708,73.858137793036,163,179,447,64,64,0.41,opencv_hough_v1,candidate,2026-09-08T16:58:52.694691+00:00
76fda9f9-0e1,mapillary_318674196293064,mapillary,318674196293064,18.473231254708,73.858137793036,163,860,264,164,166,0.359,opencv_hough_v1,candidate,2026-09-08T16:58:52.699613+00:00
b4f8f3f9-00a,mapillary_318674196293064,mapillary,318674196293064,18.473231254708,73.858137793036,163,605,589,94,94,0.461,opencv_hough_v1,candidate,2026-09-08T16:58:52.704645+00:00
4a8ca94c-a5c,mapillary_318674196293064,mapillary,318674196293064,18.473231254708,73.858137793036,163,569,442,64,64,0.432,opencv_hough_v1,candidate,2026-09-08T16:58:52.710553+00:00
bdf549bc-4d4,mapillary_318674196293064,mapillary,318674196293064,18.473231254708,73.858137793036,163,164,625,58,58,0.415,opencv_hough_v1,candidate,2026-09-08T16:58:52.716813+00:00
b92a492e-0ad,mapillary_318674196293064,mapillary,318674196293064,18.473231254708,73.858137793036,163,3,443,100,100,0.576,opencv_hough_v1,candidate,2026-09-08T16:58:52.721635+00:00
27890e3f-383,mapillary_318674196293064,mapillary,318674196293064,18.473231254708,73.858137793036,163,559,650,72,72,0.431,opencv_hough_v1,candidate,2026-09-08T16:58:52.726434+00:00
f295c067-179,mapillary_318674196293064,mapillary,318674196293064,18.473231254708,73.858137793036,163,0,603,60,60,0.466,opencv_hough_v1,candidate,2026-09-08T16:58:52.731652+00:00
b57638db-139,mapillary_318674196293064,mapillary,318674196293064,18.473231254708,73.858137793036,163,606,265,56,56,0.403,opencv_hough_v1,candidate,2026-09-08T16:58:52.736093+00:00
1345fd62-873,mapillary_318674196293064,mapillary,318674196293064,18.473231254708,73.858137793036,163,514,362,50,50,0.41,opencv_hough_v1,candidate,2026-09-08T16:58:52.741367+00:00
5b7c15b6-418,mapillary_318674196293064,mapillary,318674196293064,18.473231254708,73.858137793036,163,58,528,66,66,0.477,opencv_hough_v1,candidate,2026-09-08T16:58:52.746282+00:00
5e08fb63-a27,mapillary_318674196293064,mapillary,318674196293064,18.473231254708,73.858137793036,163,536,255,78,78,0.403,opencv_hough_v1,candidate,2026-09-08T16:58:52.751214+00:00
39d0603f-e91,mapillary_318674196293064,mapillary,318674196293064,18.473231254708,73.858137793036,163,29,301,76,76,0.561,opencv_hough_v1,candidate,2026-09-08T16:58:52.756588+00:00
fac79520-2a9,mapillary_318674196293064,mapillary,318674196293064,18.473231254708,73.858137793036,163,565,491,44,44,0.423,opencv_hough_v1,candidate,2026-09-08T16:58:52.772832+00:00
1fb9813f-3c7,mapillary_318674196293064,mapillary,318674196293064,18.473231254708,73.858137793036,163,868,410,50,50,0.375,opencv_hough_v1,candidate,2026-09-08T16:58:52.783836+00:00
91da78c5-c29,mapillary_318674196293064,mapillary,318674196293064,18.473231254708,73.858137793036,163,934,372,48,48,0.407,opencv_hough_v1,candidate,2026-09-08T16:58:52.788617+00:00
57140c7e-4a6,mapillary_318674196293064,mapillary,318674196293064,18.473231254708,73.858137793036,163,269,684,84,84,0.456,opencv_hough_v1,candidate,2026-09-08T16:58:52.793148+00:00
09592a4d-8a2,mapillary_318674196293064,mapillary,318674196293064,18.473231254708,73.858137793036,163,30,496,74,74,0.516,opencv_hough_v1,candidate,2026-09-08T16:58:52.798047+00:00
77e779c1-537,mapillary_318674196293064,mapillary,318674196293064,18.473231254708,73.858137793036,163,212,568,62,62,0.445,opencv_hough_v1,candidate,2026-09-08T16:58:52.803136+00:00
290bebe3-b25,mapillary_318674196293064,mapillary,318674196293064,18.473231254708,73.858137793036,163,487,614,42,42,0.411,opencv_hough_v1,candidate,2026-09-08T16:58:52.808624+00:00
7119a7fd-27c,mapillary_258227855779876,mapillary,258227855779876,18.474859069093,73.858334668006,264,767,259,106,106,0.423,opencv_hough_v1,candidate,2026-09-08T16:58:52.879672+00:00
875346c0-caa,mapillary_258227855779876,mapillary,258227855779876,18.474859069093,73.858334668006,264,860,226,136,136,0.422,opencv_hough_v1,candidate,2026-09-08T16:58:52.889011+00:00
f8051e2a-4a2,mapillary_258227855779876,mapillary,258227855779876,18.474859069093,73.858334668006,264,806,551,194,194,0.359,opencv_hough_v1,candidate,2026-09-08T16:58:52.894373+00:00
e60ce3db-33e,mapillary_258227855779876,mapillary,258227855779876,18.474859069093,73.858334668006,264,802,159,210,210,0.369,opencv_hough_v1,candidate,2026-09-08T16:58:52.900231+00:00
eda7c880-f8c,mapillary_258227855779876,mapillary,258227855779876,18.474859069093,73.858334668006,264,714,175,188,188,0.426,opencv_hough_v1,candidate,2026-09-08T16:58:52.905178+00:00
13a0e7cd-338,mapillary_258227855779876,mapillary,258227855779876,18.474859069093,73.858334668006,264,737,163,204,204,0.392,opencv_hough_v1,candidate,2026-09-08T16:58:52.909478+00:00
f2e6874b-32d,mapillary_258227855779876,mapillary,258227855779876,18.474859069093,73.858334668006,264,414,275,98,98,0.428,opencv_hough_v1,candidate,2026-09-08T16:58:52.914256+00:00
fbf1f03e-f2a,mapillary_258227855779876,mapillary,258227855779876,18.474859069093,73.858334668006,264,500,260,96,96,0.439,opencv_hough_v1,candidate,2026-09-08T16:58:52.918320+00:00
426da2e3-405,mapillary_258227855779876,mapillary,258227855779876,18.474859069093,73.858334668006,264,413,231,138,138,0.452,opencv_hough_v1,candidate,2026-09-08T16:58:52.922970+00:00
038b37f4-42a,mapillary_258227855779876,mapillary,258227855779876,18.474859069093,73.858334668006,264,851,172,173,186,0.382,opencv_hough_v1,candidate,2026-09-08T16:58:52.927039+00:00
2f28a818-80b,mapillary_258227855779876,mapillary,258227855779876,18.474859069093,73.858334668006,264,661,263,140,140,0.533,opencv_hough_v1,candidate,2026-09-08T16:58:52.932469+00:00
13f23eb0-a27,mapillary_258227855779876,mapillary,258227855779876,18.474859069093,73.858334668006,264,884,263,124,124,0.426,opencv_hough_v1,candidate,2026-09-08T16:58:52.937786+00:00
8d1649bf-30f,mapillary_258227855779876,mapillary,258227855779876,18.474859069093,73.858334668006,264,378,299,198,198,0.402,opencv_hough_v1,candidate,2026-09-08T16:58:52.942104+00:00
b857e9fc-cec,mapillary_258227855779876,mapillary,258227855779876,18.474859069093,73.858334668006,264,337,269,134,134,0.467,opencv_hough_v1,candidate,2026-09-08T16:58:52.951337+00:00
7652ff06-f73,mapillary_258227855779876,mapillary,258227855779876,18.474859069093,73.858334668006,264,796,595,166,166,0.38,opencv_hough_v1,candidate,2026-09-08T16:58:52.955981+00:00
dbe3cf6e-aa2,mapillary_258227855779876,mapillary,258227855779876,18.474859069093,73.858334668006,264,692,214,122,122,0.494,opencv_hough_v1,candidate,2026-09-08T16:58:52.961147+00:00
1bbf5b81-75b,mapillary_258227855779876,mapillary,258227855779876,18.474859069093,73.858334668006,264,374,266,118,118,0.424,opencv_hough_v1,candidate,2026-09-08T16:58:52.966674+00:00
781a808e-bed,mapillary_258227855779876,mapillary,258227855779876,18.474859069093,73.858334668006,264,817,266,80,80,0.399,opencv_hough_v1,candidate,2026-09-08T16:58:52.970915+00:00
16542db6-9af,mapillary_258227855779876,mapillary,258227855779876,18.474859069093,73.858334668006,264,341,170,186,186,0.392,opencv_hough_v1,candidate,2026-09-08T16:58:52.975124+00:00
8406e778-ffb,mapillary_258227855779876,mapillary,258227855779876,18.474859069093,73.858334668006,264,734,602,144,144,0.413,opencv_hough_v1,candidate,2026-09-08T16:58:52.979552+00:00
5a850e17-e86,mapillary_258227855779876,mapillary,258227855779876,18.474859069093,73.858334668006,264,862,278,78,78,0.397,opencv_hough_v1,candidate,2026-09-08T16:58:52.983675+00:00
1e12fc8c-e9a,mapillary_258227855779876,mapillary,258227855779876,18.474859069093,73.858334668006,264,370,341,152,152,0.434,opencv_hough_v1,candidate,2026-09-08T16:58:52.988218+00:00
3b94a1cd-147,mapillary_258227855779876,mapillary,258227855779876,18.474859069093,73.858334668006,264,647,604,160,160,0.408,opencv_hough_v1,candidate,2026-09-08T16:58:52.992470+00:00
9ee70307-72f,mapillary_258227855779876,mapillary,258227855779876,18.474859069093,73.858334668006,264,409,178,176,176,0.46,opencv_hough_v1,candidate,2026-09-08T16:58:52.997326+00:00
fc921951-9ea,mapillary_258227855779876,mapillary,258227855779876,18.474859069093,73.858334668006,264,526,195,140,140,0.582,opencv_hough_v1,candidate,2026-09-08T16:58:53.001443+00:00
deb385fc-b49,mapillary_258227855779876,mapillary,258227855779876,18.474859069093,73.858334668006,264,809,587,114,114,0.386,opencv_hough_v1,candidate,2026-09-08T16:58:53.006618+00:00
21a81a08-acf,mapillary_258227855779876,mapillary,258227855779876,18.474859069093,73.858334668006,264,627,272,84,84,0.493,opencv_hough_v1,candidate,2026-09-08T16:58:53.010992+00:00
bdbfb9a8-6ce,mapillary_258227855779876,mapillary,258227855779876,18.474859069093,73.858334668006,264,857,647,124,121,0.382,opencv_hough_v1,candidate,2026-09-08T16:58:53.015583+00:00
fdc41a1f-a87,mapillary_258227855779876,mapillary,258227855779876,18.474859069093,73.858334668006,264,806,534,162,162,0.4,opencv_hough_v1,candidate,2026-09-08T16:58:53.021043+00:00
7752453d-324,mapillary_258227855779876,mapillary,258227855779876,18.474859069093,73.858334668006,264,767,304,154,154,0.477,opencv_hough_v1,candidate,2026-09-08T16:58:53.026168+00:00
7a0aed3b-541,mapillary_258227855779876,mapillary,258227855779876,18.474859069093,73.858334668006,264,384,238,116,116,0.408,opencv_hough_v1,candidate,2026-09-08T16:58:53.030923+00:00
9215b992-ce9,mapillary_258227855779876,mapillary,258227855779876,18.474859069093,73.858334668006,264,332,232,130,130,0.442,opencv_hough_v1,candidate,2026-09-08T16:58:53.035052+00:00
0428187f-c14,mapillary_258227855779876,mapillary,258227855779876,18.474859069093,73.858334668006,264,472,276,86,86,0.409,opencv_hough_v1,candidate,2026-09-08T16:58:53.039947+00:00
afc0f919-991,mapillary_258227855779876,mapillary,258227855779876,18.474859069093,73.858334668006,264,738,498,162,162,0.418,opencv_hough_v1,candidate,2026-09-08T16:58:53.045533+00:00
bdd8eb14-135,mapillary_258227855779876,mapillary,258227855779876,18.474859069093,73.858334668006,264,802,191,138,138,0.434,opencv_hough_v1,candidate,2026-09-08T16:58:53.050218+00:00
c09e29ac-fd7,mapillary_258227855779876,mapillary,258227855779876,18.474859069093,73.858334668006,264,889,307,96,96,0.432,opencv_hough_v1,candidate,2026-09-08T16:58:53.055035+00:00
88eb4af9-666,mapillary_258227855779876,mapillary,258227855779876,18.474859069093,73.858334668006,264,453,179,160,160,0.516,opencv_hough_v1,candidate,2026-09-08T16:58:53.059441+00:00
85f45fc6-12e,mapillary_258227855779876,mapillary,258227855779876,18.474859069093,73.858334668006,264,743,255,90,90,0.412,opencv_hough_v1,candidate,2026-09-08T16:58:53.068020+00:00
1a8964c2-396,mapillary_258227855779876,mapillary,258227855779876,18.474859069093,73.858334668006,264,518,235,108,108,0.482,opencv_hough_v1,candidate,2026-09-08T16:58:53.072433+00:00
7a8b6c54-b37,mapillary_258227855779876,mapillary,258227855779876,18.474859069093,73.858334668006,264,836,664,98,98,0.358,opencv_hough_v1,candidate,2026-09-08T16:58:53.076616+00:00
6fefc16c-044,mapillary_258227855779876,mapillary,258227855779876,18.474859069093,73.858334668006,264,643,292,140,140,0.545,opencv_hough_v1,candidate,2026-09-08T16:58:53.081104+00:00
99f55fcd-114,mapillary_258227855779876,mapillary,258227855779876,18.474859069093,73.858334668006,264,582,200,122,122,0.571,opencv_hough_v1,candidate,2026-09-08T16:58:53.086257+00:00
5fd67461-481,mapillary_258227855779876,mapillary,258227855779876,18.474859069093,73.858334668006,264,465,314,144,144,0.485,opencv_hough_v1,candidate,2026-09-08T16:58:53.096011+00:00
42dd6385-201,mapillary_258227855779876,mapillary,258227855779876,18.474859069093,73.858334668006,264,215,354,142,142,0.37,opencv_hough_v1,candidate,2026-09-08T16:58:53.100420+00:00
090eb027-072,mapillary_258227855779876,mapillary,258227855779876,18.474859069093,73.858334668006,264,569,289,46,46,0.444,opencv_hough_v1,candidate,2026-09-08T16:58:53.105366+00:00
6c15482a-087,mapillary_258227855779876,mapillary,258227855779876,18.474859069093,73.858334668006,264,678,266,62,62,0.467,opencv_hough_v1,candidate,2026-09-08T16:58:53.113890+00:00
0703de88-dcf,mapillary_258227855779876,mapillary,258227855779876,18.474859069093,73.858334668006,264,733,312,138,138,0.507,opencv_hough_v1,candidate,2026-09-08T16:58:53.118231+00:00
7759327d-056,mapillary_258227855779876,mapillary,258227855779876,18.474859069093,73.858334668006,264,384,311,90,90,0.404,opencv_hough_v1,candidate,2026-09-08T16:58:53.122716+00:00
10bd78f7-a92,mapillary_258227855779876,mapillary,258227855779876,18.474859069093,73.858334668006,264,552,293,98,98,0.509,opencv_hough_v1,candidate,2026-09-08T16:58:53.126764+00:00
c4c8b11c-262,mapillary_258227855779876,mapillary,258227855779876,18.474859069093,73.858334668006,264,807,311,56,56,0.397,opencv_hough_v1,candidate,2026-09-08T16:58:53.131556+00:00
e6a45cca-9a7,mapillary_258227855779876,mapillary,258227855779876,18.474859069093,73.858334668006,264,735,289,48,48,0.403,opencv_hough_v1,candidate,2026-09-08T16:58:53.135594+00:00
114959de-820,mapillary_258227855779876,mapillary,258227855779876,18.474859069093,73.858334668006,264,556,310,122,122,0.535,opencv_hough_v1,candidate,2026-09-08T16:58:53.140008+00:00
3b2e4f1f-c51,mapillary_258227855779876,mapillary,258227855779876,18.474859069093,73.858334668006,264,483,252,72,72,0.374,opencv_hough_v1,candidate,2026-09-08T16:58:53.145322+00:00
bd9a9f4c-b92,mapillary_258227855779876,mapillary,258227855779876,18.474859069093,73.858334668006,264,772,314,48,48,0.374,opencv_hough_v1,candidate,2026-09-08T16:58:53.155590+00:00
707eb1bd-486,mapillary_258227855779876,mapillary,258227855779876,18.474859069093,73.858334668006,264,956,318,58,58,0.376,opencv_hough_v1,candidate,2026-09-08T16:58:53.159891+00:00
8e1a3294-f23,mapillary_258227855779876,mapillary,258227855779876,18.474859069093,73.858334668006,264,742,680,102,88,0.373,opencv_hough_v1,candidate,2026-09-08T16:58:53.165526+00:00
6922f1c9-3f1,mapillary_258227855779876,mapillary,258227855779876,18.474859069093,73.858334668006,264,331,278,84,84,0.411,opencv_hough_v1,candidate,2026-09-08T16:58:53.176194+00:00
cefbffe7-79b,mapillary_258227855779876,mapillary,258227855779876,18.474859069093,73.858334668006,264,591,285,64,64,0.493,opencv_hough_v1,candidate,2026-09-08T16:58:53.180787+00:00
9f121779-8c7,mapillary_258227855779876,mapillary,258227855779876,18.474859069093,73.858334668006,264,687,589,128,128,0.419,opencv_hough_v1,candidate,2026-09-08T16:58:53.184872+00:00
f3977b3f-70e,mapillary_258227855779876,mapillary,258227855779876,18.474859069093,73.858334668006,264,623,210,114,114,0.549,opencv_hough_v1,candidate,2026-09-08T16:58:53.189553+00:00
b5115dbe-0bd,mapillary_258227855779876,mapillary,258227855779876,18.474859069093,73.858334668006,264,646,310,74,74,0.495,opencv_hough_v1,candidate,2026-09-08T16:58:53.193722+00:00
c5ab4048-43a,mapillary_258227855779876,mapillary,258227855779876,18.474859069093,73.858334668006,264,378,386,74,74,0.358,opencv_hough_v1,candidate,2026-09-08T16:58:53.202819+00:00
4d333612-045,mapillary_258227855779876,mapillary,258227855779876,18.474859069093,73.858334668006,264,634,602,114,114,0.413,opencv_hough_v1,candidate,2026-09-08T16:58:53.213032+00:00
21aa5e99-0e8,mapillary_258227855779876,mapillary,258227855779876,18.474859069093,73.858334668006,264,325,317,72,72,0.425,opencv_hough_v1,candidate,2026-09-08T16:58:53.217867+00:00
b4ff1435-474,mapillary_258227855779876,mapillary,258227855779876,18.474859069093,73.858334668006,264,586,251,72,72,0.472,opencv_hough_v1,candidate,2026-09-08T16:58:53.222572+00:00
8330c28e-33d,mapillary_255419616329761,mapillary,255419616329761,18.475115130695,73.861082657885,275,265,283,236,236,0.434,opencv_hough_v1,candidate,2026-09-08T16:58:53.842852+00:00
adbe581c-0ee,mapillary_255419616329761,mapillary,255419616329761,18.475115130695,73.861082657885,275,185,318,238,238,0.384,opencv_hough_v1,candidate,2026-09-08T16:58:53.849130+00:00
afed3972-925,mapillary_255419616329761,mapillary,255419616329761,18.475115130695,73.861082657885,275,681,305,218,218,0.508,opencv_hough_v1,candidate,2026-09-08T16:58:53.856942+00:00
8da12a1f-407,mapillary_255419616329761,mapillary,255419616329761,18.475115130695,73.861082657885,275,233,276,238,238,0.436,opencv_hough_v1,candidate,2026-09-08T16:58:53.864252+00:00
3596d882-849,mapillary_255419616329761,mapillary,255419616329761,18.475115130695,73.861082657885,275,164,295,238,238,0.393,opencv_hough_v1,candidate,2026-09-08T16:58:53.869852+00:00
a8accdae-7dd,mapillary_255419616329761,mapillary,255419616329761,18.475115130695,73.861082657885,275,700,330,238,238,0.453,opencv_hough_v1,candidate,2026-09-08T16:58:53.874833+00:00
6e240a15-1b9,mapillary_255419616329761,mapillary,255419616329761,18.475115130695,73.861082657885,275,350,368,230,230,0.378,opencv_hough_v1,candidate,2026-09-08T16:58:53.880050+00:00
61a46db0-76a,mapillary_255419616329761,mapillary,255419616329761,18.475115130695,73.861082657885,275,717,269,236,236,0.467,opencv_hough_v1,candidate,2026-09-08T16:58:53.885422+00:00
e0f12b25-786,mapillary_255419616329761,mapillary,255419616329761,18.475115130695,73.861082657885,275,483,256,238,238,0.427,opencv_hough_v1,candidate,2026-09-08T16:58:53.891704+00:00
e9f78289-ec7,mapillary_255419616329761,mapillary,255419616329761,18.475115130695,73.861082657885,275,212,334,238,238,0.389,opencv_hough_v1,candidate,2026-09-08T16:58:53.897213+00:00
e26c5da3-8b0,mapillary_255419616329761,mapillary,255419616329761,18.475115130695,73.861082657885,275,136,335,222,222,0.379,opencv_hough_v1,candidate,2026-09-08T16:58:53.903663+00:00
71dd8e13-203,mapillary_255419616329761,mapillary,255419616329761,18.475115130695,73.861082657885,275,222,311,212,212,0.434,opencv_hough_v1,candidate,2026-09-08T16:58:53.910510+00:00
9838b35f-e5e,mapillary_255419616329761,mapillary,255419616329761,18.475115130695,73.861082657885,275,153,375,238,238,0.357,opencv_hough_v1,candidate,2026-09-08T16:58:53.916627+00:00
73c0ec3f-76d,mapillary_255419616329761,mapillary,255419616329761,18.475115130695,73.861082657885,275,653,386,222,222,0.51,opencv_hough_v1,candidate,2026-09-08T16:58:53.922328+00:00
3968914f-3b5,mapillary_255419616329761,mapillary,255419616329761,18.475115130695,73.861082657885,275,309,423,238,238,0.395,opencv_hough_v1,candidate,2026-09-08T16:58:53.928006+00:00
d35f3271-d72,mapillary_255419616329761,mapillary,255419616329761,18.475115130695,73.861082657885,275,14,284,230,230,0.444,opencv_hough_v1,candidate,2026-09-08T16:58:53.933456+00:00
f2bc52a9-250,mapillary_255419616329761,mapillary,255419616329761,18.475115130695,73.861082657885,275,721,367,228,228,0.443,opencv_hough_v1,candidate,2026-09-08T16:58:53.940240+00:00
9ef1e9a7-7b6,mapillary_255419616329761,mapillary,255419616329761,18.475115130695,73.861082657885,275,270,331,220,220,0.42,opencv_hough_v1,candidate,2026-09-08T16:58:53.946316+00:00
c0cf1fe8-d44,mapillary_255419616329761,mapillary,255419616329761,18.475115130695,73.861082657885,275,335,327,238,238,0.395,opencv_hough_v1,candidate,2026-09-08T16:58:53.951440+00:00
392ae708-5e2,mapillary_255419616329761,mapillary,255419616329761,18.475115130695,73.861082657885,275,291,450,220,220,0.41,opencv_hough_v1,candidate,2026-09-08T16:58:53.960425+00:00
96c9fc56-143,mapillary_255419616329761,mapillary,255419616329761,18.475115130695,73.861082657885,275,351,298,220,220,0.433,opencv_hough_v1,candidate,2026-09-08T16:58:53.965443+00:00
566351dc-a46,mapillary_255419616329761,mapillary,255419616329761,18.475115130695,73.861082657885,275,645,290,206,206,0.555,opencv_hough_v1,candidate,2026-09-08T16:58:53.980371+00:00
a67b7402-482,mapillary_255419616329761,mapillary,255419616329761,18.475115130695,73.861082657885,275,596,460,222,222,0.465,opencv_hough_v1,candidate,2026-09-08T16:58:53.986150+00:00
a2225bbe-476,mapillary_255419616329761,mapillary,255419616329761,18.475115130695,73.861082657885,275,143,437,204,204,0.366,opencv_hough_v1,candidate,2026-09-08T16:58:53.990720+00:00
5f97df42-031,mapillary_255419616329761,mapillary,255419616329761,18.475115130695,73.861082657885,275,383,423,234,234,0.354,opencv_hough_v1,candidate,2026-09-08T16:58:53.996295+00:00
bbfc3595-28b,mapillary_255419616329761,mapillary,255419616329761,18.475115130695,73.861082657885,275,457,274,236,236,0.415,opencv_hough_v1,candidate,2026-09-08T16:58:54.001457+00:00
76e65fe1-3e3,mapillary_255419616329761,mapillary,255419616329761,18.475115130695,73.861082657885,275,522,314,234,234,0.46,opencv_hough_v1,candidate,2026-09-08T16:58:54.007051+00:00
0abb8820-3c0,mapillary_255419616329761,mapillary,255419616329761,18.475115130695,73.861082657885,275,183,402,226,226,0.384,opencv_hough_v1,candidate,2026-09-08T16:58:54.012985+00:00
49c0b93a-b5f,mapillary_255419616329761,mapillary,255419616329761,18.475115130695,73.861082657885,275,794,315,222,222,0.42,opencv_hough_v1,candidate,2026-09-08T16:58:54.018856+00:00
4b69d897-e23,mapillary_255419616329761,mapillary,255419616329761,18.475115130695,73.861082657885,275,453,308,238,238,0.396,opencv_hough_v1,candidate,2026-09-08T16:58:54.025696+00:00
fb5365b4-2cc,mapillary_255419616329761,mapillary,255419616329761,18.475115130695,73.861082657885,275,764,275,220,220,0.461,opencv_hough_v1,candidate,2026-09-08T16:58:54.031237+00:00
64c0f447-a6d,mapillary_255419616329761,mapillary,255419616329761,18.475115130695,73.861082657885,275,138,367,218,218,0.373,opencv_hough_v1,candidate,2026-09-08T16:58:54.037258+00:00
d5398bf8-5ac,mapillary_255419616329761,mapillary,255419616329761,18.475115130695,73.861082657885,275,680,364,196,196,0.547,opencv_hough_v1,candidate,2026-09-08T16:58:54.041923+00:00
3068d8f6-e20,mapillary_255419616329761,mapillary,255419616329761,18.475115130695,73.861082657885,275,258,445,188,188,0.451,opencv_hough_v1,candidate,2026-09-08T16:58:54.047663+00:00
5c99c6d5-514,mapillary_255419616329761,mapillary,255419616329761,18.475115130695,73.861082657885,275,677,277,190,190,0.562,opencv_hough_v1,candidate,2026-09-08T16:58:54.053351+00:00
6912be79-f73,mapillary_255419616329761,mapillary,255419616329761,18.475115130695,73.861082657885,275,500,444,238,238,0.41,opencv_hough_v1,candidate,2026-09-08T16:58:54.058063+00:00
74e0f49a-6d9,mapillary_255419616329761,mapillary,255419616329761,18.475115130695,73.861082657885,275,750,315,238,238,0.428,opencv_hough_v1,candidate,2026-09-08T16:58:54.063229+00:00
bd23cf43-c43,mapillary_255419616329761,mapillary,255419616329761,18.475115130695,73.861082657885,275,190,256,222,222,0.447,opencv_hough_v1,candidate,2026-09-08T16:58:54.068544+00:00
b1e71be9-a58,mapillary_255419616329761,mapillary,255419616329761,18.475115130695,73.861082657885,275,525,276,220,220,0.468,opencv_hough_v1,candidate,2026-09-08T16:58:54.074521+00:00
f2e5790e-ce8,mapillary_255419616329761,mapillary,255419616329761,18.475115130695,73.861082657885,275,554,294,238,238,0.493,opencv_hough_v1,candidate,2026-09-08T16:58:54.080717+00:00
f6929a86-e2e,mapillary_255419616329761,mapillary,255419616329761,18.475115130695,73.861082657885,275,677,454,196,196,0.483,opencv_hough_v1,candidate,2026-09-08T16:58:54.085790+00:00
e7b1256a-40d,mapillary_255419616329761,mapillary,255419616329761,18.475115130695,73.861082657885,275,44,316,238,238,0.412,opencv_hough_v1,candidate,2026-09-08T16:58:54.090648+00:00
6e3b914f-dd4,mapillary_255419616329761,mapillary,255419616329761,18.475115130695,73.861082657885,275,497,292,234,234,0.432,opencv_hough_v1,candidate,2026-09-08T16:58:54.096556+00:00
f5ad0d3c-763,mapillary_255419616329761,mapillary,255419616329761,18.475115130695,73.861082657885,275,349,391,164,164,0.47,opencv_hough_v1,candidate,2026-09-08T16:58:54.102127+00:00
601aac6c-d89,mapillary_255419616329761,mapillary,255419616329761,18.475115130695,73.861082657885,275,528,430,238,238,0.428,opencv_hough_v1,candidate,2026-09-08T16:58:54.107407+00:00
fc7b2eee-08c,mapillary_255419616329761,mapillary,255419616329761,18.475115130695,73.861082657885,275,738,400,238,238,0.398,opencv_hough_v1,candidate,2026-09-08T16:58:54.113424+00:00
643af0fb-6b3,mapillary_255419616329761,mapillary,255419616329761,18.475115130695,73.861082657885,275,795,449,228,228,0.382,opencv_hough_v1,candidate,2026-09-08T16:58:54.118969+00:00
f26141fb-6cb,mapillary_255419616329761,mapillary,255419616329761,18.475115130695,73.861082657885,275,348,259,212,212,0.463,opencv_hough_v1,candidate,2026-09-08T16:58:54.124165+00:00
4c881f82-fe3,mapillary_255419616329761,mapillary,255419616329761,18.475115130695,73.861082657885,275,337,470,204,204,0.421,opencv_hough_v1,candidate,2026-09-08T16:58:54.129481+00:00
6000ec6a-595,mapillary_255419616329761,mapillary,255419616329761,18.475115130695,73.861082657885,275,221,454,184,184,0.433,opencv_hough_v1,candidate,2026-09-08T16:58:54.134576+00:00
aa067050-a24,mapillary_255419616329761,mapillary,255419616329761,18.475115130695,73.861082657885,275,673,353,148,148,0.641,opencv_hough_v1,candidate,2026-09-08T16:58:54.139452+00:00
3663ff4d-4fe,mapillary_255419616329761,mapillary,255419616329761,18.475115130695,73.861082657885,275,515,477,238,238,0.399,opencv_hough_v1,candidate,2026-09-08T16:58:54.145044+00:00
47e99609-262,mapillary_255419616329761,mapillary,255419616329761,18.475115130695,73.861082657885,275,357,427,196,196,0.419,opencv_hough_v1,candidate,2026-09-08T16:58:54.149607+00:00
022b6ded-072,mapillary_255419616329761,mapillary,255419616329761,18.475115130695,73.861082657885,275,726,310,218,218,0.476,opencv_hough_v1,candidate,2026-09-08T16:58:54.155377+00:00
f49e3297-e14,mapillary_255419616329761,mapillary,255419616329761,18.475115130695,73.861082657885,275,209,387,196,196,0.411,opencv_hough_v1,candidate,2026-09-08T16:58:54.160369+00:00
5aed7d65-8c0,mapillary_255419616329761,mapillary,255419616329761,18.475115130695,73.861082657885,275,584,520,184,184,0.475,opencv_hough_v1,candidate,2026-09-08T16:58:54.165302+00:00
97828102-8f1,mapillary_255419616329761,mapillary,255419616329761,18.475115130695,73.861082657885,275,451,254,212,212,0.449,opencv_hough_v1,candidate,2026-09-08T16:58:54.177662+00:00
f04c28ce-0e4,mapillary_255419616329761,mapillary,255419616329761,18.475115130695,73.861082657885,275,330,305,186,186,0.49,opencv_hough_v1,candidate,2026-09-08T16:58:54.182655+00:00
e384e3b4-508,mapillary_255419616329761,mapillary,255419616329761,18.475115130695,73.861082657885,275,401,311,180,180,0.448,opencv_hough_v1,candidate,2026-09-08T16:58:54.187850+00:00
7247acf6-44a,mapillary_255419616329761,mapillary,255419616329761,18.475115130695,73.861082657885,275,489,405,238,238,0.419,opencv_hough_v1,candidate,2026-09-08T16:58:54.192773+00:00
9bd805db-209,mapillary_255419616329761,mapillary,255419616329761,18.475115130695,73.861082657885,275,560,264,238,238,0.486,opencv_hough_v1,candidate,2026-09-08T16:58:54.197673+00:00
8313b8be-3e2,mapillary_255419616329761,mapillary,255419616329761,18.475115130695,73.861082657885,275,549,259,196,196,0.498,opencv_hough_v1,candidate,2026-09-08T16:58:54.204155+00:00
d1c50b0d-f1e,mapillary_255419616329761,mapillary,255419616329761,18.475115130695,73.861082657885,275,297,278,178,178,0.51,opencv_hough_v1,candidate,2026-09-08T16:58:54.209060+00:00
ec94eabc-b16,mapillary_255419616329761,mapillary,255419616329761,18.475115130695,73.861082657885,275,532,357,238,238,0.467,opencv_hough_v1,candidate,2026-09-08T16:58:54.214185+00:00
7f5e5c79-c2f,mapillary_255419616329761,mapillary,255419616329761,18.475115130695,73.861082657885,275,574,446,214,214,0.48,opencv_hough_v1,candidate,2026-09-08T16:58:54.219909+00:00
33d83c21-072,mapillary_255419616329761,mapillary,255419616329761,18.475115130695,73.861082657885,275,685,544,160,160,0.455,opencv_hough_v1,candidate,2026-09-08T16:58:54.225661+00:00
a1dbf9e9-e7f,mapillary_255419616329761,mapillary,255419616329761,18.475115130695,73.861082657885,275,265,512,230,230,0.396,opencv_hough_v1,candidate,2026-09-08T16:58:54.231460+00:00
7ffdf97e-bf8,mapillary_255419616329761,mapillary,255419616329761,18.475115130695,73.861082657885,275,489,324,226,226,0.433,opencv_hough_v1,candidate,2026-09-08T16:58:54.237034+00:00
8c80bda2-588,mapillary_255419616329761,mapillary,255419616329761,18.475115130695,73.861082657885,275,468,222,234,234,0.444,opencv_hough_v1,candidate,2026-09-08T16:58:54.241654+00:00
d126f1a6-1ea,mapillary_255419616329761,mapillary,255419616329761,18.475115130695,73.861082657885,275,405,354,196,196,0.398,opencv_hough_v1,candidate,2026-09-08T16:58:54.246992+00:00
0475dc3b-192,mapillary_255419616329761,mapillary,255419616329761,18.475115130695,73.861082657885,275,769,275,164,164,0.526,opencv_hough_v1,candidate,2026-09-08T16:58:54.252347+00:00
83125fcf-95d,mapillary_255419616329761,mapillary,255419616329761,18.475115130695,73.861082657885,275,668,500,146,146,0.527,opencv_hough_v1,candidate,2026-09-08T16:58:54.256677+00:00
c86fd62d-f60,mapillary_255419616329761,mapillary,255419616329761,18.475115130695,73.861082657885,275,534,399,236,236,0.45,opencv_hough_v1,candidate,2026-09-08T16:58:54.262295+00:00
6930b156-10f,mapillary_255419616329761,mapillary,255419616329761,18.475115130695,73.861082657885,275,149,288,168,168,0.501,opencv_hough_v1,candidate,2026-09-08T16:58:54.267167+00:00
2703c356-60e,mapillary_255419616329761,mapillary,255419616329761,18.475115130695,73.861082657885,275,793,285,220,220,0.444,opencv_hough_v1,candidate,2026-09-08T16:58:54.274084+00:00
9f4ff295-44c,mapillary_255419616329761,mapillary,255419616329761,18.475115130695,73.861082657885,275,128,313,194,194,0.429,opencv_hough_v1,candidate,2026-09-08T16:58:54.279766+00:00
558e0646-14b,mapillary_255419616329761,mapillary,255419616329761,18.475115130695,73.861082657885,275,752,542,168,168,0.447,opencv_hough_v1,candidate,2026-09-08T16:58:54.284809+00:00
3c26561b-121,mapillary_255419616329761,mapillary,255419616329761,18.475115130695,73.861082657885,275,274,488,188,188,0.446,opencv_hough_v1,candidate,2026-09-08T16:58:54.289793+00:00
d9cf50c2-0da,mapillary_255419616329761,mapillary,255419616329761,18.475115130695,73.861082657885,275,708,521,160,160,0.456,opencv_hough_v1,candidate,2026-09-08T16:58:54.295587+00:00
1e25b5d3-9e4,mapillary_255419616329761,mapillary,255419616329761,18.475115130695,73.861082657885,275,0,278,238,238,0.438,opencv_hough_v1,candidate,2026-09-08T16:58:54.300538+00:00
49574ef8-b55,mapillary_255419616329761,mapillary,255419616329761,18.475115130695,73.861082657885,275,22,270,198,198,0.494,opencv_hough_v1,candidate,2026-09-08T16:58:54.305820+00:00
4d33684c-7f7,mapillary_255419616329761,mapillary,255419616329761,18.475115130695,73.861082657885,275,249,273,136,136,0.536,opencv_hough_v1,candidate,2026-09-08T16:58:54.311417+00:00
0d2e7432-427,mapillary_255419616329761,mapillary,255419616329761,18.475115130695,73.861082657885,275,689,266,128,128,0.564,opencv_hough_v1,candidate,2026-09-08T16:58:54.316521+00:00
d418426b-856,mapillary_255419616329761,mapillary,255419616329761,18.475115130695,73.861082657885,275,816,502,206,206,0.408,opencv_hough_v1,candidate,2026-09-08T16:58:54.324422+00:00
efe8ffe4-c69,mapillary_255419616329761,mapillary,255419616329761,18.475115130695,73.861082657885,275,769,370,188,188,0.456,opencv_hough_v1,candidate,2026-09-08T16:58:54.331371+00:00
7a7ceb3a-479,mapillary_255419616329761,mapillary,255419616329761,18.475115130695,73.861082657885,275,375,509,172,172,0.438,opencv_hough_v1,candidate,2026-09-08T16:58:54.337416+00:00
243fe612-2e3,mapillary_255419616329761,mapillary,255419616329761,18.475115130695,73.861082657885,275,11,439,236,236,0.382,opencv_hough_v1,candidate,2026-09-08T16:58:54.342793+00:00
4bf3c03c-44b,mapillary_255419616329761,mapillary,255419616329761,18.475115130695,73.861082657885,275,229,524,228,228,0.4,opencv_hough_v1,candidate,2026-09-08T16:58:54.348732+00:00
692f32c3-1c7,mapillary_255419616329761,mapillary,255419616329761,18.475115130695,73.861082657885,275,733,493,180,180,0.441,opencv_hough_v1,candidate,2026-09-08T16:58:54.354664+00:00
8d5b52f8-65f,mapillary_255419616329761,mapillary,255419616329761,18.475115130695,73.861082657885,275,422,526,172,172,0.405,opencv_hough_v1,candidate,2026-09-08T16:58:54.360327+00:00
70bb1054-5ed,mapillary_255419616329761,mapillary,255419616329761,18.475115130695,73.861082657885,275,721,261,156,156,0.581,opencv_hough_v1,candidate,2026-09-08T16:58:54.365408+00:00
f5990d86-95c,mapillary_255419616329761,mapillary,255419616329761,18.475115130695,73.861082657885,275,60,360,218,218,0.406,opencv_hough_v1,candidate,2026-09-08T16:58:54.370843+00:00
bc28fca4-03f,mapillary_255419616329761,mapillary,255419616329761,18.475115130695,73.861082657885,275,189,361,176,176,0.42,opencv_hough_v1,candidate,2026-09-08T16:58:54.376410+00:00
f25b9ff7-39a,mapillary_255419616329761,mapillary,255419616329761,18.475115130695,73.861082657885,275,333,365,164,164,0.485,opencv_hough_v1,candidate,2026-09-08T16:58:54.382451+00:00
35237004-4c0,mapillary_255419616329761,mapillary,255419616329761,18.475115130695,73.861082657885,275,489,369,236,236,0.428,opencv_hough_v1,candidate,2026-09-08T16:58:54.389073+00:00
d6d532dc-564,mapillary_255419616329761,mapillary,255419616329761,18.475115130695,73.861082657885,275,783,378,214,214,0.411,opencv_hough_v1,candidate,2026-09-08T16:58:54.395214+00:00
841dc075-069,mapillary_255419616329761,mapillary,255419616329761,18.475115130695,73.861082657885,275,722,421,154,154,0.549,opencv_hough_v1,candidate,2026-09-08T16:58:54.400325+00:00
d17968af-e09,mapillary_255419616329761,mapillary,255419616329761,18.475115130695,73.861082657885,275,142,538,202,202,0.393,opencv_hough_v1,candidate,2026-09-08T16:58:54.406019+00:00
a0173cd2-1e9,mapillary_255419616329761,mapillary,255419616329761,18.475115130695,73.861082657885,275,200,487,156,156,0.432,opencv_hough_v1,candidate,2026-09-08T16:58:54.417170+00:00
512a6334-4d0,mapillary_255419616329761,mapillary,255419616329761,18.475115130695,73.861082657885,275,389,483,156,156,0.431,opencv_hough_v1,candidate,2026-09-08T16:58:54.429514+00:00
21f38673-04a,mapillary_255419616329761,mapillary,255419616329761,18.475115130695,73.861082657885,275,460,288,130,130,0.48,opencv_hough_v1,candidate,2026-09-08T16:58:54.439643+00:00
77c7da1e-0c5,mapillary_255419616329761,mapillary,255419616329761,18.475115130695,73.861082657885,275,670,392,146,146,0.649,opencv_hough_v1,candidate,2026-09-08T16:58:54.448724+00:00
b9e2c94d-61e,mapillary_255419616329761,mapillary,255419616329761,18.475115130695,73.861082657885,275,295,275,138,138,0.566,opencv_hough_v1,candidate,2026-09-08T16:58:54.458653+00:00
56a33d53-135,mapillary_255419616329761,mapillary,255419616329761,18.475115130695,73.861082657885,275,319,504,204,204,0.423,opencv_hough_v1,candidate,2026-09-08T16:58:54.467203+00:00
cbef1eb7-fae,mapillary_255419616329761,mapillary,255419616329761,18.475115130695,73.861082657885,275,778,475,164,164,0.446,opencv_hough_v1,candidate,2026-09-08T16:58:54.474252+00:00
a8d58256-a66,mapillary_255419616329761,mapillary,255419616329761,18.475115130695,73.861082657885,275,342,284,162,162,0.535,opencv_hough_v1,candidate,2026-09-08T16:58:54.482183+00:00
cc92440c-4e5,mapillary_255419616329761,mapillary,255419616329761,18.475115130695,73.861082657885,275,530,231,202,202,0.488,opencv_hough_v1,candidate,2026-09-08T16:58:54.494438+00:00
341a9c04-850,mapillary_255419616329761,mapillary,255419616329761,18.475115130695,73.861082657885,275,782,487,202,202,0.412,opencv_hough_v1,candidate,2026-09-08T16:58:54.502013+00:00
fd902ca1-3a1,mapillary_255419616329761,mapillary,255419616329761,18.475115130695,73.861082657885,275,812,547,154,154,0.462,opencv_hough_v1,candidate,2026-09-08T16:58:54.508924+00:00
f97d483e-3c8,mapillary_255419616329761,mapillary,255419616329761,18.475115130695,73.861082657885,275,323,261,152,152,0.582,opencv_hough_v1,candidate,2026-09-08T16:58:54.514166+00:00
02d66a9f-d12,mapillary_255419616329761,mapillary,255419616329761,18.475115130695,73.861082657885,275,12,339,236,236,0.411,opencv_hough_v1,candidate,2026-09-08T16:58:54.520598+00:00
21540033-fe9,mapillary_255419616329761,mapillary,255419616329761,18.475115130695,73.861082657885,275,600,269,164,164,0.547,opencv_hough_v1,candidate,2026-09-08T16:58:54.525765+00:00
2fba4648-b9d,mapillary_255419616329761,mapillary,255419616329761,18.475115130695,73.861082657885,275,640,356,154,154,0.623,opencv_hough_v1,candidate,2026-09-08T16:58:54.530946+00:00
2f688118-c76,mapillary_255419616329761,mapillary,255419616329761,18.475115130695,73.861082657885,275,652,302,118,118,0.543,opencv_hough_v1,candidate,2026-09-08T16:58:54.537915+00:00
984c97c0-d92,mapillary_255419616329761,mapillary,255419616329761,18.475115130695,73.861082657885,275,656,457,172,172,0.54,opencv_hough_v1,candidate,2026-09-08T16:58:54.544569+00:00
47fe718e-f36,mapillary_255419616329761,mapillary,255419616329761,18.475115130695,73.861082657885,275,61,287,180,180,0.513,opencv_hough_v1,candidate,2026-09-08T16:58:54.549509+00:00
fbec2329-97b,mapillary_255419616329761,mapillary,255419616329761,18.475115130695,73.861082657885,275,109,501,172,172,0.39,opencv_hough_v1,candidate,2026-09-08T16:58:54.555213+00:00
0cf40313-003,mapillary_255419616329761,mapillary,255419616329761,18.475115130695,73.861082657885,275,731,466,172,172,0.459,opencv_hough_v1,candidate,2026-09-08T16:58:54.561340+00:00
6cf39abb-575,mapillary_255419616329761,mapillary,255419616329761,18.475115130695,73.861082657885,275,436,419,164,164,0.405,opencv_hough_v1,candidate,2026-09-08T16:58:54.565999+00:00
fc8ebdce-772,mapillary_255419616329761,mapillary,255419616329761,18.475115130695,73.861082657885,275,260,534,138,138,0.488,opencv_hough_v1,candidate,2026-09-08T16:58:54.571456+00:00
9b93856d-b71,mapillary_255419616329761,mapillary,255419616329761,18.475115130695,73.861082657885,275,361,209,184,184,0.553,opencv_hough_v1,candidate,2026-09-08T16:58:54.576791+00:00
80542a4d-323,mapillary_255419616329761,mapillary,255419616329761,18.475115130695,73.861082657885,275,651,258,132,132,0.555,opencv_hough_v1,candidate,2026-09-08T16:58:54.581662+00:00
906ce0ac-da4,mapillary_255419616329761,mapillary,255419616329761,18.475115130695,73.861082657885,275,99,525,228,228,0.353,opencv_hough_v1,candidate,2026-09-08T16:58:54.587198+00:00
9d20fd23-658,mapillary_255419616329761,mapillary,255419616329761,18.475115130695,73.861082657885,275,591,600,156,156,0.456,opencv_hough_v1,candidate,2026-09-08T16:58:54.591751+00:00
4b9f7864-df8,mapillary_255419616329761,mapillary,255419616329761,18.475115130695,73.861082657885,275,462,334,128,128,0.442,opencv_hough_v1,candidate,2026-09-08T16:58:54.597058+00:00
6028accb-3ec,mapillary_255419616329761,mapillary,255419616329761,18.475115130695,73.861082657885,275,1,340,196,196,0.477,opencv_hough_v1,candidate,2026-09-08T16:58:54.602819+00:00
2d5c11fd-23c,mapillary_255419616329761,mapillary,255419616329761,18.475115130695,73.861082657885,275,818,276,132,132,0.522,opencv_hough_v1,candidate,2026-09-08T16:58:54.607326+00:00
fe023a23-523,mapillary_255419616329761,mapillary,255419616329761,18.475115130695,73.861082657885,275,275,445,128,128,0.484,opencv_hough_v1,candidate,2026-09-08T16:58:54.612843+00:00
10f0d743-003,mapillary_255419616329761,mapillary,255419616329761,18.475115130695,73.861082657885,275,654,425,160,160,0.602,opencv_hough_v1,candidate,2026-09-08T16:58:54.618239+00:00
9ba198a4-d2d,mapillary_255419616329761,mapillary,255419616329761,18.475115130695,73.861082657885,275,177,504,144,144,0.43,opencv_hough_v1,candidate,2026-09-08T16:58:54.624281+00:00
95be8448-e9b,mapillary_255419616329761,mapillary,255419616329761,18.475115130695,73.861082657885,275,135,386,140,140,0.452,opencv_hough_v1,candidate,2026-09-08T16:58:54.630547+00:00
bda5dee0-c93,mapillary_255419616329761,mapillary,255419616329761,18.475115130695,73.861082657885,275,669,561,132,132,0.461,opencv_hough_v1,candidate,2026-09-08T16:58:54.636096+00:00
82a719c7-2c5,mapillary_255419616329761,mapillary,255419616329761,18.475115130695,73.861082657885,275,321,441,120,120,0.541,opencv_hough_v1,candidate,2026-09-08T16:58:54.642692+00:00
157c4e3e-c29,mapillary_255419616329761,mapillary,255419616329761,18.475115130695,73.861082657885,275,363,259,124,124,0.618,opencv_hough_v1,candidate,2026-09-08T16:58:54.647835+00:00
b604ead4-090,mapillary_255419616329761,mapillary,255419616329761,18.475115130695,73.861082657885,275,280,302,120,120,0.493,opencv_hough_v1,candidate,2026-09-08T16:58:54.653313+00:00
348168dc-589,mapillary_255419616329761,mapillary,255419616329761,18.475115130695,73.861082657885,275,423,470,206,206,0.368,opencv_hough_v1,candidate,2026-09-08T16:58:54.658149+00:00
bc0a5eaf-245,mapillary_255419616329761,mapillary,255419616329761,18.475115130695,73.861082657885,275,206,285,118,118,0.531,opencv_hough_v1,candidate,2026-09-08T16:58:54.663115+00:00
fbea31e5-e42,mapillary_255419616329761,mapillary,255419616329761,18.475115130695,73.861082657885,275,670,620,194,148,0.36,opencv_hough_v1,candidate,2026-09-08T16:58:54.668493+00:00
e3f711dc-d91,mapillary_255419616329761,mapillary,255419616329761,18.475115130695,73.861082657885,275,813,453,164,164,0.431,opencv_hough_v1,candidate,2026-09-08T16:58:54.673409+00:00
b0ebfc35-732,mapillary_255419616329761,mapillary,255419616329761,18.475115130695,73.861082657885,275,396,271,122,122,0.579,opencv_hough_v1,candidate,2026-09-08T16:58:54.678574+00:00
d87d65ac-17d,mapillary_255419616329761,mapillary,255419616329761,18.475115130695,73.861082657885,275,590,562,160,160,0.476,opencv_hough_v1,candidate,2026-09-08T16:58:54.690118+00:00
40904c5e-b24,mapillary_255419616329761,mapillary,255419616329761,18.475115130695,73.861082657885,275,363,154,214,214,0.525,opencv_hough_v1,candidate,2026-09-08T16:58:54.696232+00:00
26a9d073-cfc,mapillary_255419616329761,mapillary,255419616329761,18.475115130695,73.861082657885,275,617,599,172,169,0.427,opencv_hough_v1,candidate,2026-09-08T16:58:54.701763+00:00
859f8bd8-71e,mapillary_255419616329761,mapillary,255419616329761,18.475115130695,73.861082657885,275,117,564,218,204,0.373,opencv_hough_v1,candidate,2026-09-08T16:58:54.712178+00:00
81c74704-96c,mapillary_255419616329761,mapillary,255419616329761,18.475115130695,73.861082657885,275,102,554,128,128,0.396,opencv_hough_v1,candidate,2026-09-08T16:58:54.717189+00:00
818f788e-660,mapillary_255419616329761,mapillary,255419616329761,18.475115130695,73.861082657885,275,271,505,128,128,0.474,opencv_hough_v1,candidate,2026-09-08T16:58:54.722074+00:00
393eb711-cd6,mapillary_255419616329761,mapillary,255419616329761,18.475115130695,73.861082657885,275,246,562,226,206,0.41,opencv_hough_v1,candidate,2026-09-08T16:58:54.727654+00:00
ab1c21c1-0ce,mapillary_255419616329761,mapillary,255419616329761,18.475115130695,73.861082657885,275,574,495,178,178,0.495,opencv_hough_v1,candidate,2026-09-08T16:58:54.732489+00:00
3880ad73-409,mapillary_255419616329761,mapillary,255419616329761,18.475115130695,73.861082657885,275,114,422,162,162,0.429,opencv_hough_v1,candidate,2026-09-08T16:58:54.739340+00:00
3bb19c4a-cc2,mapillary_255419616329761,mapillary,255419616329761,18.475115130695,73.861082657885,275,741,313,128,128,0.611,opencv_hough_v1,candidate,2026-09-08T16:58:54.745513+00:00
c7faafd3-152,mapillary_255419616329761,mapillary,255419616329761,18.475115130695,73.861082657885,275,467,261,120,120,0.507,opencv_hough_v1,candidate,2026-09-08T16:58:54.750683+00:00
d2fbf981-1f2,mapillary_255419616329761,mapillary,255419616329761,18.475115130695,73.861082657885,275,772,271,110,110,0.544,opencv_hough_v1,candidate,2026-09-08T16:58:54.755341+00:00
5c2b370b-6ea,mapillary_255419616329761,mapillary,255419616329761,18.475115130695,73.861082657885,275,55,259,170,170,0.548,opencv_hough_v1,candidate,2026-09-08T16:58:54.760457+00:00
008cfd9f-dbd,mapillary_255419616329761,mapillary,255419616329761,18.475115130695,73.861082657885,275,466,451,156,156,0.423,opencv_hough_v1,candidate,2026-09-08T16:58:54.765028+00:00
1ddc17a8-d0b,mapillary_255419616329761,mapillary,255419616329761,18.475115130695,73.861082657885,275,169,540,124,124,0.416,opencv_hough_v1,candidate,2026-09-08T16:58:54.770476+00:00
b883549f-39e,mapillary_255419616329761,mapillary,255419616329761,18.475115130695,73.861082657885,275,185,161,212,212,0.521,opencv_hough_v1,candidate,2026-09-08T16:58:54.775440+00:00
0874b3b0-9ab,mapillary_255419616329761,mapillary,255419616329761,18.475115130695,73.861082657885,275,0,197,210,210,0.489,opencv_hough_v1,candidate,2026-09-08T16:58:54.780279+00:00
1cd7f008-c75,mapillary_255419616329761,mapillary,255419616329761,18.475115130695,73.861082657885,275,0,507,238,238,0.369,opencv_hough_v1,candidate,2026-09-08T16:58:54.786590+00:00
0ebe5f88-e82,mapillary_255419616329761,mapillary,255419616329761,18.475115130695,73.861082657885,275,408,575,124,124,0.456,opencv_hough_v1,candidate,2026-09-08T16:58:54.793114+00:00
e34b7a39-829,mapillary_255419616329761,mapillary,255419616329761,18.475115130695,73.861082657885,275,359,446,120,120,0.492,opencv_hough_v1,candidate,2026-09-08T16:58:54.798378+00:00
4ed02045-512,mapillary_255419616329761,mapillary,255419616329761,18.475115130695,73.861082657885,275,144,325,118,118,0.479,opencv_hough_v1,candidate,2026-09-08T16:58:54.803641+00:00
1115df33-9fd,mapillary_255419616329761,mapillary,255419616329761,18.475115130695,73.861082657885,275,845,586,138,138,0.469,opencv_hough_v1,candidate,2026-09-08T16:58:54.808432+00:00
0e4fc6f5-1b2,mapillary_255419616329761,mapillary,255419616329761,18.475115130695,73.861082657885,275,742,589,104,104,0.437,opencv_hough_v1,candidate,2026-09-08T16:58:54.813363+00:00
c9add094-8f6,mapillary_255419616329761,mapillary,255419616329761,18.475115130695,73.861082657885,275,498,376,164,164,0.466,opencv_hough_v1,candidate,2026-09-08T16:58:54.819141+00:00
540fa5ba-b83,mapillary_255419616329761,mapillary,255419616329761,18.475115130695,73.861082657885,275,329,215,156,156,0.604,opencv_hough_v1,candidate,2026-09-08T16:58:54.823511+00:00
34e5b71f-312,mapillary_255419616329761,mapillary,255419616329761,18.475115130695,73.861082657885,275,707,199,152,152,0.56,opencv_hough_v1,candidate,2026-09-08T16:58:54.828995+00:00
f83857a1-259,mapillary_255419616329761,mapillary,255419616329761,18.475115130695,73.861082657885,275,624,442,130,130,0.631,opencv_hough_v1,candidate,2026-09-08T16:58:54.834341+00:00
0cf03616-a8c,mapillary_255419616329761,mapillary,255419616329761,18.475115130695,73.861082657885,275,662,336,110,110,0.557,opencv_hough_v1,candidate,2026-09-08T16:58:54.840349+00:00
d65c05d3-e3c,mapillary_255419616329761,mapillary,255419616329761,18.475115130695,73.861082657885,275,765,464,110,110,0.468,opencv_hough_v1,candidate,2026-09-08T16:58:54.846862+00:00
5e098fde-68e,mapillary_255419616329761,mapillary,255419616329761,18.475115130695,73.861082657885,275,226,550,98,98,0.41,opencv_hough_v1,candidate,2026-09-08T16:58:54.852322+00:00
052d334e-dd3,mapillary_255419616329761,mapillary,255419616329761,18.475115130695,73.861082657885,275,163,300,90,90,0.516,opencv_hough_v1,candidate,2026-09-08T16:58:54.856728+00:00
36ddddfd-6be,mapillary_255419616329761,mapillary,255419616329761,18.475115130695,73.861082657885,275,144,489,140,140,0.428,opencv_hough_v1,candidate,2026-09-08T16:58:54.861955+00:00
47811a70-bdd,mapillary_255419616329761,mapillary,255419616329761,18.475115130695,73.861082657885,275,315,164,190,190,0.564,opencv_hough_v1,candidate,2026-09-08T16:58:54.867188+00:00
49dfdfd8-46b,mapillary_255419616329761,mapillary,255419616329761,18.475115130695,73.861082657885,275,447,290,94,94,0.5,opencv_hough_v1,candidate,2026-09-08T16:58:54.871672+00:00
853c0f21-14e,mapillary_255419616329761,mapillary,255419616329761,18.475115130695,73.861082657885,275,5,507,140,140,0.51,opencv_hough_v1,candidate,2026-09-08T16:58:54.877695+00:00
0694d01b-e25,mapillary_255419616329761,mapillary,255419616329761,18.475115130695,73.861082657885,275,24,288,138,138,0.569,opencv_hough_v1,candidate,2026-09-08T16:58:54.882080+00:00
7cb10a26-353,mapillary_255419616329761,mapillary,255419616329761,18.475115130695,73.861082657885,275,329,427,88,88,0.542,opencv_hough_v1,candidate,2026-09-08T16:58:54.887519+00:00
4b8acf9d-f14,mapillary_255419616329761,mapillary,255419616329761,18.475115130695,73.861082657885,275,203,222,148,148,0.582,opencv_hough_v1,candidate,2026-09-08T16:58:54.892768+00:00
7e822fc5-a5b,mapillary_255419616329761,mapillary,255419616329761,18.475115130695,73.861082657885,275,426,448,122,122,0.422,opencv_hough_v1,candidate,2026-09-08T16:58:54.897421+00:00
1635260f-372,mapillary_255419616329761,mapillary,255419616329761,18.475115130695,73.861082657885,275,474,377,110,110,0.424,opencv_hough_v1,candidate,2026-09-08T16:58:54.902633+00:00
28976b97-780,mapillary_255419616329761,mapillary,255419616329761,18.475115130695,73.861082657885,275,706,603,102,102,0.419,opencv_hough_v1,candidate,2026-09-08T16:58:54.907504+00:00
80c1af7c-0f6,mapillary_255419616329761,mapillary,255419616329761,18.475115130695,73.861082657885,275,902,341,122,132,0.521,opencv_hough_v1,candidate,2026-09-08T16:58:54.912682+00:00
2bad41ff-9c4,mapillary_255419616329761,mapillary,255419616329761,18.475115130695,73.861082657885,275,484,414,118,118,0.423,opencv_hough_v1,candidate,2026-09-08T16:58:54.918435+00:00
f16f0fee-3f3,mapillary_255419616329761,mapillary,255419616329761,18.475115130695,73.861082657885,275,649,601,104,104,0.455,opencv_hough_v1,candidate,2026-09-08T16:58:54.923544+00:00
ba84e5d1-704,mapillary_255419616329761,mapillary,255419616329761,18.475115130695,73.861082657885,275,616,641,164,127,0.41,opencv_hough_v1,candidate,2026-09-08T16:58:54.929313+00:00
46849b78-e3b,mapillary_255419616329761,mapillary,255419616329761,18.475115130695,73.861082657885,275,811,187,148,148,0.574,opencv_hough_v1,candidate,2026-09-08T16:58:54.934878+00:00
1bce1120-042,mapillary_255419616329761,mapillary,255419616329761,18.475115130695,73.861082657885,275,736,634,130,130,0.399,opencv_hough_v1,candidate,2026-09-08T16:58:54.941258+00:00
2d860d04-3fd,mapillary_255419616329761,mapillary,255419616329761,18.475115130695,73.861082657885,275,661,418,90,90,0.608,opencv_hough_v1,candidate,2026-09-08T16:58:54.946680+00:00
d3a1443e-b9c,mapillary_255419616329761,mapillary,255419616329761,18.475115130695,73.861082657885,275,662,491,90,90,0.609,opencv_hough_v1,candidate,2026-09-08T16:58:54.952280+00:00
aaa61bd1-19d,mapillary_255419616329761,mapillary,255419616329761,18.475115130695,73.861082657885,275,238,343,62,62,0.423,opencv_hough_v1,candidate,2026-09-08T16:58:54.956664+00:00
ce1e6a08-80a,mapillary_255419616329761,mapillary,255419616329761,18.475115130695,73.861082657885,275,804,541,98,98,0.444,opencv_hough_v1,candidate,2026-09-08T16:58:54.962119+00:00
a46bacdc-e82,mapillary_255419616329761,mapillary,255419616329761,18.475115130695,73.861082657885,275,454,324,90,90,0.424,opencv_hough_v1,candidate,2026-09-08T16:58:54.967632+00:00
232dfaea-6dc,mapillary_255419616329761,mapillary,255419616329761,18.475115130695,73.861082657885,275,183,242,122,122,0.591,opencv_hough_v1,candidate,2026-09-08T16:58:54.973237+00:00
296a3b13-c58,mapillary_255419616329761,mapillary,255419616329761,18.475115130695,73.861082657885,275,288,273,78,78,0.525,opencv_hough_v1,candidate,2026-09-08T16:58:54.979150+00:00
d9290d78-61a,mapillary_255419616329761,mapillary,255419616329761,18.475115130695,73.861082657885,275,778,581,146,146,0.455,opencv_hough_v1,candidate,2026-09-08T16:58:54.985585+00:00
3c8c4ccb-439,mapillary_255419616329761,mapillary,255419616329761,18.475115130695,73.861082657885,275,10,254,144,144,0.549,opencv_hough_v1,candidate,2026-09-08T16:58:54.991982+00:00
468030bf-5f7,mapillary_255419616329761,mapillary,255419616329761,18.475115130695,73.861082657885,275,866,279,144,144,0.52,opencv_hough_v1,candidate,2026-09-08T16:58:54.998647+00:00
3a42f524-179,mapillary_255419616329761,mapillary,255419616329761,18.475115130695,73.861082657885,275,504,264,112,112,0.494,opencv_hough_v1,candidate,2026-09-08T16:58:55.004545+00:00
2f4539dd-28a,mapillary_255419616329761,mapillary,255419616329761,18.475115130695,73.861082657885,275,332,275,78,78,0.571,opencv_hough_v1,candidate,2026-09-08T16:58:55.010502+00:00
21c04c01-1bd,mapillary_255419616329761,mapillary,255419616329761,18.475115130695,73.861082657885,275,465,538,152,152,0.41,opencv_hough_v1,candidate,2026-09-08T16:58:55.015977+00:00
77fd4bfa-be3,mapillary_255419616329761,mapillary,255419616329761,18.475115130695,73.861082657885,275,812,270,94,94,0.511,opencv_hough_v1,candidate,2026-09-08T16:58:55.021094+00:00
4bbe0082-8d3,mapillary_255419616329761,mapillary,255419616329761,18.475115130695,73.861082657885,275,911,288,113,220,0.461,opencv_hough_v1,candidate,2026-09-08T16:58:55.027079+00:00
1fac1060-cab,mapillary_255419616329761,mapillary,255419616329761,18.475115130695,73.861082657885,275,0,389,146,146,0.528,opencv_hough_v1,candidate,2026-09-08T16:58:55.033699+00:00
c09b5c67-ebd,mapillary_255419616329761,mapillary,255419616329761,18.475115130695,73.861082657885,275,85,572,156,156,0.398,opencv_hough_v1,candidate,2026-09-08T16:58:55.040306+00:00
03535b5b-71a,mapillary_255419616329761,mapillary,255419616329761,18.475115130695,73.861082657885,275,828,391,128,128,0.443,opencv_hough_v1,candidate,2026-09-08T16:58:55.047077+00:00
9733d098-ba9,mapillary_255419616329761,mapillary,255419616329761,18.475115130695,73.861082657885,275,668,643,124,124,0.392,opencv_hough_v1,candidate,2026-09-08T16:58:55.054801+00:00
b6f801d2-ad0,mapillary_255419616329761,mapillary,255419616329761,18.475115130695,73.861082657885,275,118,590,146,146,0.424,opencv_hough_v1,candidate,2026-09-08T16:58:55.061642+00:00
7dcacff1-7c0,mapillary_255419616329761,mapillary,255419616329761,18.475115130695,73.861082657885,275,495,524,122,122,0.423,opencv_hough_v1,candidate,2026-09-08T16:58:55.066923+00:00
fe3c5267-89a,mapillary_255419616329761,mapillary,255419616329761,18.475115130695,73.861082657885,275,228,584,90,90,0.411,opencv_hough_v1,candidate,2026-09-08T16:58:55.072175+00:00
87b02b5e-7e0,mapillary_255419616329761,mapillary,255419616329761,18.475115130695,73.861082657885,275,174,190,154,154,0.598,opencv_hough_v1,candidate,2026-09-08T16:58:55.077797+00:00
6634fa16-05c,mapillary_255419616329761,mapillary,255419616329761,18.475115130695,73.861082657885,275,667,568,80,80,0.441,opencv_hough_v1,candidate,2026-09-08T16:58:55.082095+00:00
fce56236-c04,mapillary_255419616329761,mapillary,255419616329761,18.475115130695,73.861082657885,275,695,257,78,78,0.514,opencv_hough_v1,candidate,2026-09-08T16:58:55.087284+00:00
21a52ea6-556,mapillary_255419616329761,mapillary,255419616329761,18.475115130695,73.861082657885,275,111,613,190,155,0.392,opencv_hough_v1,candidate,2026-09-08T16:58:55.092667+00:00
df878cda-f98,mapillary_255419616329761,mapillary,255419616329761,18.475115130695,73.861082657885,275,488,578,130,130,0.407,opencv_hough_v1,candidate,2026-09-08T16:58:55.097663+00:00
e92b8460-af8,mapillary_255419616329761,mapillary,255419616329761,18.475115130695,73.861082657885,275,129,490,112,112,0.402,opencv_hough_v1,candidate,2026-09-08T16:58:55.103385+00:00
9d9767a2-33c,mapillary_255419616329761,mapillary,255419616329761,18.475115130695,73.861082657885,275,839,623,88,88,0.425,opencv_hough_v1,candidate,2026-09-08T16:58:55.110127+00:00
efc0c98f-496,mapillary_255419616329761,mapillary,255419616329761,18.475115130695,73.861082657885,275,144,291,66,66,0.509,opencv_hough_v1,candidate,2026-09-08T16:58:55.115105+00:00
0b32424b-a31,mapillary_255419616329761,mapillary,255419616329761,18.475115130695,73.861082657885,275,502,215,114,114,0.55,opencv_hough_v1,candidate,2026-09-08T16:58:55.130929+00:00
b771d4b2-3dc,mapillary_255419616329761,mapillary,255419616329761,18.475115130695,73.861082657885,275,754,269,80,80,0.487,opencv_hough_v1,candidate,2026-09-08T16:58:55.136480+00:00
e5ad5ada-531,mapillary_255419616329761,mapillary,255419616329761,18.475115130695,73.861082657885,275,484,258,70,70,0.505,opencv_hough_v1,candidate,2026-09-08T16:58:55.142555+00:00
d7b4dd31-37a,mapillary_255419616329761,mapillary,255419616329761,18.475115130695,73.861082657885,275,654,261,66,66,0.495,opencv_hough_v1,candidate,2026-09-08T16:58:55.147849+00:00
e30db98c-a67,mapillary_255419616329761,mapillary,255419616329761,18.475115130695,73.861082657885,275,141,364,88,88,0.427,opencv_hough_v1,candidate,2026-09-08T16:58:55.153583+00:00
256ef7e3-080,mapillary_255419616329761,mapillary,255419616329761,18.475115130695,73.861082657885,275,858,449,124,124,0.42,opencv_hough_v1,candidate,2026-09-08T16:58:55.161877+00:00
031b045b-cec,mapillary_255419616329761,mapillary,255419616329761,18.475115130695,73.861082657885,275,790,210,120,120,0.555,opencv_hough_v1,candidate,2026-09-08T16:58:55.169009+00:00
a1c23117-3f3,mapillary_255419616329761,mapillary,255419616329761,18.475115130695,73.861082657885,275,62,282,100,100,0.562,opencv_hough_v1,candidate,2026-09-08T16:58:55.173907+00:00
a7866498-7f0,mapillary_255419616329761,mapillary,255419616329761,18.475115130695,73.861082657885,275,485,612,136,136,0.381,opencv_hough_v1,candidate,2026-09-08T16:58:55.179255+00:00
7c74bd68-924,mapillary_255419616329761,mapillary,255419616329761,18.475115130695,73.861082657885,275,272,613,184,155,0.449,opencv_hough_v1,candidate,2026-09-08T16:58:55.184990+00:00
36a9c530-463,mapillary_255419616329761,mapillary,255419616329761,18.475115130695,73.861082657885,275,529,202,128,128,0.567,opencv_hough_v1,candidate,2026-09-08T16:58:55.189460+00:00
7fe68560-061,mapillary_255419616329761,mapillary,255419616329761,18.475115130695,73.861082657885,275,591,257,72,72,0.499,opencv_hough_v1,candidate,2026-09-08T16:58:55.195003+00:00
2f27dcb8-bb5,mapillary_255419616329761,mapillary,255419616329761,18.475115130695,73.861082657885,275,854,208,124,124,0.57,opencv_hough_v1,candidate,2026-09-08T16:58:55.200380+00:00
21a79157-3c4,mapillary_255419616329761,mapillary,255419616329761,18.475115130695,73.861082657885,275,49,433,104,104,0.519,opencv_hough_v1,candidate,2026-09-08T16:58:55.205182+00:00
4a647b9d-9f5,mapillary_255419616329761,mapillary,255419616329761,18.475115130695,73.861082657885,275,591,579,100,100,0.476,opencv_hough_v1,candidate,2026-09-08T16:58:55.211026+00:00
84b04f42-2e7,mapillary_255419616329761,mapillary,255419616329761,18.475115130695,73.861082657885,275,590,655,96,96,0.437,opencv_hough_v1,candidate,2026-09-08T16:58:55.216711+00:00
2a85aeb1-b62,mapillary_255419616329761,mapillary,255419616329761,18.475115130695,73.861082657885,275,864,322,86,86,0.421,opencv_hough_v1,candidate,2026-09-08T16:58:55.221757+00:00
b0793125-09f,mapillary_255419616329761,mapillary,255419616329761,18.475115130695,73.861082657885,275,793,259,72,72,0.495,opencv_hough_v1,candidate,2026-09-08T16:58:55.226931+00:00
b77c1841-375,mapillary_255419616329761,mapillary,255419616329761,18.475115130695,73.861082657885,275,110,528,102,102,0.377,opencv_hough_v1,candidate,2026-09-08T16:58:55.231474+00:00
4c98880b-485,mapillary_255419616329761,mapillary,255419616329761,18.475115130695,73.861082657885,275,50,506,96,96,0.465,opencv_hough_v1,candidate,2026-09-08T16:58:55.237079+00:00
7824a81d-099,mapillary_255419616329761,mapillary,255419616329761,18.475115130695,73.861082657885,275,137,319,88,88,0.473,opencv_hough_v1,candidate,2026-09-08T16:58:55.242966+00:00
099a331d-2ca,mapillary_255419616329761,mapillary,255419616329761,18.475115130695,73.861082657885,275,362,494,70,70,0.443,opencv_hough_v1,candidate,2026-09-08T16:58:55.247590+00:00
a51842b6-0c5,mapillary_255419616329761,mapillary,255419616329761,18.475115130695,73.861082657885,275,709,329,64,64,0.529,opencv_hough_v1,candidate,2026-09-08T16:58:55.252921+00:00
b2d31a07-655,mapillary_255419616329761,mapillary,255419616329761,18.475115130695,73.861082657885,275,611,258,96,96,0.522,opencv_hough_v1,candidate,2026-09-08T16:58:55.257665+00:00
616dd335-010,mapillary_255419616329761,mapillary,255419616329761,18.475115130695,73.861082657885,275,445,246,88,88,0.536,opencv_hough_v1,candidate,2026-09-08T16:58:55.263444+00:00
ea6c9219-1cc,mapillary_255419616329761,mapillary,255419616329761,18.475115130695,73.861082657885,275,893,501,82,82,0.395,opencv_hough_v1,candidate,2026-09-08T16:58:55.269342+00:00
f3b101af-37d,mapillary_255419616329761,mapillary,255419616329761,18.475115130695,73.861082657885,275,272,596,72,72,0.428,opencv_hough_v1,candidate,2026-09-08T16:58:55.274182+00:00
7f572cf8-2e7,mapillary_255419616329761,mapillary,255419616329761,18.475115130695,73.861082657885,275,896,276,62,62,0.502,opencv_hough_v1,candidate,2026-09-08T16:58:55.278983+00:00
029118d6-c36,mapillary_255419616329761,mapillary,255419616329761,18.475115130695,73.861082657885,275,260,295,58,58,0.513,opencv_hough_v1,candidate,2026-09-08T16:58:55.284459+00:00
e6df6353-be7,mapillary_255419616329761,mapillary,255419616329761,18.475115130695,73.861082657885,275,669,199,124,124,0.564,opencv_hough_v1,candidate,2026-09-08T16:58:55.289211+00:00
3a692f32-588,mapillary_255419616329761,mapillary,255419616329761,18.475115130695,73.861082657885,275,606,199,122,122,0.56,opencv_hough_v1,candidate,2026-09-08T16:58:55.294572+00:00
f4edb8f4-27a,mapillary_255419616329761,mapillary,255419616329761,18.475115130695,73.861082657885,275,572,202,118,118,0.559,opencv_hough_v1,candidate,2026-09-08T16:58:55.299588+00:00
bc588345-ed7,mapillary_255419616329761,mapillary,255419616329761,18.475115130695,73.861082657885,275,179,288,54,54,0.57,opencv_hough_v1,candidate,2026-09-08T16:58:55.304133+00:00
af690322-65a,mapillary_255419616329761,mapillary,255419616329761,18.475115130695,73.861082657885,275,275,549,64,64,0.35,opencv_hough_v1,candidate,2026-09-08T16:58:55.311346+00:00
27385bf3-3f0,mapillary_255419616329761,mapillary,255419616329761,18.475115130695,73.861082657885,275,898,338,86,86,0.464,opencv_hough_v1,candidate,2026-09-08T16:58:55.318437+00:00
343b0a7e-cfd,mapillary_255419616329761,mapillary,255419616329761,18.475115130695,73.861082657885,275,865,286,50,50,0.495,opencv_hough_v1,candidate,2026-09-08T16:58:55.329638+00:00
b6c2e624-a25,mapillary_255419616329761,mapillary,255419616329761,18.475115130695,73.861082657885,275,97,470,120,120,0.427,opencv_hough_v1,candidate,2026-09-08T16:58:55.335914+00:00
990b0eb5-0c5,mapillary_255419616329761,mapillary,255419616329761,18.475115130695,73.861082657885,275,616,655,106,106,0.426,opencv_hough_v1,candidate,2026-09-08T16:58:55.341956+00:00
8047683c-d21,mapillary_255419616329761,mapillary,255419616329761,18.475115130695,73.861082657885,275,86,641,102,102,0.355,opencv_hough_v1,candidate,2026-09-08T16:58:55.349139+00:00
5fbadad1-c9b,mapillary_255419616329761,mapillary,255419616329761,18.475115130695,73.861082657885,275,308,222,100,100,0.556,opencv_hough_v1,candidate,2026-09-08T16:58:55.355417+00:00
6a667218-89f,mapillary_255419616329761,mapillary,255419616329761,18.475115130695,73.861082657885,275,733,269,62,62,0.491,opencv_hough_v1,candidate,2026-09-08T16:58:55.362722+00:00
7733a9b1-876,mapillary_255419616329761,mapillary,255419616329761,18.475115130695,73.861082657885,275,911,454,70,70,0.379,opencv_hough_v1,candidate,2026-09-08T16:58:55.369277+00:00
163fff3a-36e,mapillary_255419616329761,mapillary,255419616329761,18.475115130695,73.861082657885,275,468,206,106,106,0.558,opencv_hough_v1,candidate,2026-09-08T16:58:55.374853+00:00
27df954b-482,mapillary_255419616329761,mapillary,255419616329761,18.475115130695,73.861082657885,275,700,643,62,62,0.354,opencv_hough_v1,candidate,2026-09-08T16:58:55.383858+00:00
41e3d99e-b77,mapillary_255419616329761,mapillary,255419616329761,18.475115130695,73.861082657885,275,5,345,58,58,0.388,opencv_hough_v1,candidate,2026-09-08T16:58:55.390325+00:00
30c16f3b-f40,mapillary_255419616329761,mapillary,255419616329761,18.475115130695,73.861082657885,275,752,640,64,64,0.363,opencv_hough_v1,candidate,2026-09-08T16:58:55.397669+00:00
d8fc0311-c53,mapillary_255419616329761,mapillary,255419616329761,18.475115130695,73.861082657885,275,903,601,88,88,0.418,opencv_hough_v1,candidate,2026-09-08T16:58:55.404425+00:00
057f73a4-595,mapillary_255419616329761,mapillary,255419616329761,18.475115130695,73.861082657885,275,382,612,58,58,0.453,opencv_hough_v1,candidate,2026-09-08T16:58:55.412503+00:00
bdaa072e-0cb,mapillary_255419616329761,mapillary,255419616329761,18.475115130695,73.861082657885,275,3,552,106,106,0.49,opencv_hough_v1,candidate,2026-09-08T16:58:55.418759+00:00
858e61f2-9f6,mapillary_255419616329761,mapillary,255419616329761,18.475115130695,73.861082657885,275,22,320,74,74,0.491,opencv_hough_v1,candidate,2026-09-08T16:58:55.424531+00:00
fa0435b4-9af,mapillary_255419616329761,mapillary,255419616329761,18.475115130695,73.861082657885,275,662,414,50,50,0.53,opencv_hough_v1,candidate,2026-09-08T16:58:55.429414+00:00
88b38153-ecd,mapillary_255419616329761,mapillary,255419616329761,18.475115130695,73.861082657885,275,527,509,88,88,0.36,opencv_hough_v1,candidate,2026-09-08T16:58:55.435384+00:00
8c7c1092-1f1,mapillary_255419616329761,mapillary,255419616329761,18.475115130695,73.861082657885,275,283,225,88,88,0.534,opencv_hough_v1,candidate,2026-09-08T16:58:55.440806+00:00
44be83d6-f0a,mapillary_255419616329761,mapillary,255419616329761,18.475115130695,73.861082657885,275,913,414,50,50,0.485,opencv_hough_v1,candidate,2026-09-08T16:58:55.447366+00:00
93aaa92e-5b7,mapillary_255419616329761,mapillary,255419616329761,18.475115130695,73.861082657885,275,782,670,98,98,0.355,opencv_hough_v1,candidate,2026-09-08T16:58:55.454486+00:00
008b524c-19f,mapillary_255419616329761,mapillary,255419616329761,18.475115130695,73.861082657885,275,554,268,62,62,0.478,opencv_hough_v1,candidate,2026-09-08T16:58:55.459872+00:00
3bffb4de-bb5,mapillary_255419616329761,mapillary,255419616329761,18.475115130695,73.861082657885,275,5,300,54,54,0.362,opencv_hough_v1,candidate,2026-09-08T16:58:55.465643+00:00
df0e55d4-829,mapillary_255419616329761,mapillary,255419616329761,18.475115130695,73.861082657885,275,412,635,54,54,0.418,opencv_hough_v1,candidate,2026-09-08T16:58:55.476750+00:00
9046551a-914,mapillary_255419616329761,mapillary,255419616329761,18.475115130695,73.861082657885,275,944,280,62,62,0.509,opencv_hough_v1,candidate,2026-09-08T16:58:55.482176+00:00
f166a18f-235,mapillary_255419616329761,mapillary,255419616329761,18.475115130695,73.861082657885,275,865,643,86,86,0.409,opencv_hough_v1,candidate,2026-09-08T16:58:55.487842+00:00
61151ffe-11f,mapillary_255419616329761,mapillary,255419616329761,18.475115130695,73.861082657885,275,922,496,98,98,0.439,opencv_hough_v1,candidate,2026-09-08T16:58:55.493345+00:00
76ec7b4e-57a,mapillary_255419616329761,mapillary,255419616329761,18.475115130695,73.861082657885,275,914,232,74,74,0.522,opencv_hough_v1,candidate,2026-09-08T16:58:55.504062+00:00
428b045f-75a,mapillary_255419616329761,mapillary,255419616329761,18.475115130695,73.861082657885,275,610,702,62,62,0.404,opencv_hough_v1,candidate,2026-09-08T16:58:55.509637+00:00
b417b5f4-a40,mapillary_255419616329761,mapillary,255419616329761,18.475115130695,73.861082657885,275,787,641,60,60,0.355,opencv_hough_v1,candidate,2026-09-08T16:58:55.514041+00:00
929587d6-d10,mapillary_255419616329761,mapillary,255419616329761,18.475115130695,73.861082657885,275,112,284,56,56,0.461,opencv_hough_v1,candidate,2026-09-08T16:58:55.518475+00:00
211a965f-3c7,mapillary_255419616329761,mapillary,255419616329761,18.475115130695,73.861082657885,275,212,308,48,48,0.51,opencv_hough_v1,candidate,2026-09-08T16:58:55.527636+00:00
e8a2fa63-a9d,mapillary_255419616329761,mapillary,255419616329761,18.475115130695,73.861082657885,275,598,627,82,82,0.448,opencv_hough_v1,candidate,2026-09-08T16:58:55.532057+00:00
a80fa688-a22,mapillary_255419616329761,mapillary,255419616329761,18.475115130695,73.861082657885,275,352,636,82,82,0.441,opencv_hough_v1,candidate,2026-09-08T16:58:55.541018+00:00
7a5a0839-33a,mapillary_255419616329761,mapillary,255419616329761,18.475115130695,73.861082657885,275,24,277,50,50,0.365,opencv_hough_v1,candidate,2026-09-08T16:58:55.545477+00:00
dc62f568-32e,mapillary_255419616329761,mapillary,255419616329761,18.475115130695,73.861082657885,275,911,545,72,72,0.407,opencv_hough_v1,candidate,2026-09-08T16:58:55.550301+00:00
dc3a936f-97a,mapillary_1393299064369870,mapillary,1393299064369870,18.47507303203,73.861366847061,319,646,254,162,162,0.367,opencv_hough_v1,candidate,2026-09-08T16:58:55.759586+00:00
294226ee-27c,mapillary_1393299064369870,mapillary,1393299064369870,18.47507303203,73.861366847061,319,229,317,206,206,0.356,opencv_hough_v1,candidate,2026-09-08T16:58:55.764453+00:00
8edaeda9-dde,mapillary_1393299064369870,mapillary,1393299064369870,18.47507303203,73.861366847061,319,166,372,190,190,0.364,opencv_hough_v1,candidate,2026-09-08T16:58:55.770546+00:00
e4a38bb4-922,mapillary_1393299064369870,mapillary,1393299064369870,18.47507303203,73.861366847061,319,66,418,176,176,0.396,opencv_hough_v1,candidate,2026-09-08T16:58:55.777013+00:00
369ddcfb-701,mapillary_1393299064369870,mapillary,1393299064369870,18.47507303203,73.861366847061,319,298,252,154,154,0.411,opencv_hough_v1,candidate,2026-09-08T16:58:55.782215+00:00
7a95a809-510,mapillary_1393299064369870,mapillary,1393299064369870,18.47507303203,73.861366847061,319,274,372,198,198,0.358,opencv_hough_v1,candidate,2026-09-08T16:58:55.787712+00:00
b8c1d869-216,mapillary_1393299064369870,mapillary,1393299064369870,18.47507303203,73.861366847061,319,629,265,120,120,0.377,opencv_hough_v1,candidate,2026-09-08T16:58:55.797413+00:00
0e2ad9f8-6ee,mapillary_1393299064369870,mapillary,1393299064369870,18.47507303203,73.861366847061,319,848,408,166,166,0.369,opencv_hough_v1,candidate,2026-09-08T16:58:55.802194+00:00
51f86768-64e,mapillary_1393299064369870,mapillary,1393299064369870,18.47507303203,73.861366847061,319,540,272,146,146,0.439,opencv_hough_v1,candidate,2026-09-08T16:58:55.807869+00:00
bbaa29cd-627,mapillary_1393299064369870,mapillary,1393299064369870,18.47507303203,73.861366847061,319,474,146,236,236,0.49,opencv_hough_v1,candidate,2026-09-08T16:58:55.822867+00:00
f51a4d5c-a34,mapillary_1393299064369870,mapillary,1393299064369870,18.47507303203,73.861366847061,319,230,385,178,178,0.378,opencv_hough_v1,candidate,2026-09-08T16:58:55.828890+00:00
ba344635-d71,mapillary_1393299064369870,mapillary,1393299064369870,18.47507303203,73.861366847061,319,339,258,168,168,0.391,opencv_hough_v1,candidate,2026-09-08T16:58:55.835428+00:00
3178ec44-5c4,mapillary_1393299064369870,mapillary,1393299064369870,18.47507303203,73.861366847061,319,166,293,180,180,0.359,opencv_hough_v1,candidate,2026-09-08T16:58:55.845976+00:00
40c83d54-72e,mapillary_1393299064369870,mapillary,1393299064369870,18.47507303203,73.861366847061,319,236,277,132,132,0.4,opencv_hough_v1,candidate,2026-09-08T16:58:55.851226+00:00
ea819dc0-33e,mapillary_1393299064369870,mapillary,1393299064369870,18.47507303203,73.861366847061,319,189,398,190,190,0.365,opencv_hough_v1,candidate,2026-09-08T16:58:55.867530+00:00
126e240b-d2a,mapillary_1393299064369870,mapillary,1393299064369870,18.47507303203,73.861366847061,319,304,277,168,168,0.401,opencv_hough_v1,candidate,2026-09-08T16:58:55.872406+00:00
1de615f3-c42,mapillary_1393299064369870,mapillary,1393299064369870,18.47507303203,73.861366847061,319,337,337,236,236,0.361,opencv_hough_v1,candidate,2026-09-08T16:58:55.877883+00:00
996fac36-a43,mapillary_1393299064369870,mapillary,1393299064369870,18.47507303203,73.861366847061,319,248,297,172,172,0.4,opencv_hough_v1,candidate,2026-09-08T16:58:55.883899+00:00
dd456ad7-334,mapillary_1393299064369870,mapillary,1393299064369870,18.47507303203,73.861366847061,319,387,291,136,136,0.432,opencv_hough_v1,candidate,2026-09-08T16:58:55.894464+00:00
f15dca21-519,mapillary_1393299064369870,mapillary,1393299064369870,18.47507303203,73.861366847061,319,110,306,178,178,0.359,opencv_hough_v1,candidate,2026-09-08T16:58:55.904508+00:00
65427126-0a1,mapillary_1393299064369870,mapillary,1393299064369870,18.47507303203,73.861366847061,319,479,276,238,238,0.371,opencv_hough_v1,candidate,2026-09-08T16:58:55.909240+00:00
51fc0a73-61d,mapillary_1393299064369870,mapillary,1393299064369870,18.47507303203,73.861366847061,319,457,192,210,210,0.494,opencv_hough_v1,candidate,2026-09-08T16:58:55.929133+00:00
fef2b488-512,mapillary_1393299064369870,mapillary,1393299064369870,18.47507303203,73.861366847061,319,584,274,88,88,0.376,opencv_hough_v1,candidate,2026-09-08T16:58:55.934112+00:00
6538d8b9-b64,mapillary_1393299064369870,mapillary,1393299064369870,18.47507303203,73.861366847061,319,255,436,136,136,0.379,opencv_hough_v1,candidate,2026-09-08T16:58:55.939193+00:00
6bbc35ef-d12,mapillary_1393299064369870,mapillary,1393299064369870,18.47507303203,73.861366847061,319,506,206,178,178,0.513,opencv_hough_v1,candidate,2026-09-08T16:58:55.944101+00:00
465442a3-c83,mapillary_1393299064369870,mapillary,1393299064369870,18.47507303203,73.861366847061,319,212,469,132,132,0.38,opencv_hough_v1,candidate,2026-09-08T16:58:55.954519+00:00
76541228-99c,mapillary_1393299064369870,mapillary,1393299064369870,18.47507303203,73.861366847061,319,629,317,88,88,0.361,opencv_hough_v1,candidate,2026-09-08T16:58:55.959750+00:00
cc2310a8-199,mapillary_1393299064369870,mapillary,1393299064369870,18.47507303203,73.861366847061,319,398,262,136,136,0.45,opencv_hough_v1,candidate,2026-09-08T16:58:55.964631+00:00
2c15cd3b-7c2,mapillary_1393299064369870,mapillary,1393299064369870,18.47507303203,73.861366847061,319,815,416,156,156,0.376,opencv_hough_v1,candidate,2026-09-08T16:58:55.973881+00:00
fe811eb7-7bd,mapillary_1393299064369870,mapillary,1393299064369870,18.47507303203,73.861366847061,319,278,276,120,120,0.406,opencv_hough_v1,candidate,2026-09-08T16:58:55.981569+00:00
def76a0c-a23,mapillary_1393299064369870,mapillary,1393299064369870,18.47507303203,73.861366847061,319,44,402,162,162,0.442,opencv_hough_v1,candidate,2026-09-08T16:58:55.986150+00:00
47548b5c-e47,mapillary_1393299064369870,mapillary,1393299064369870,18.47507303203,73.861366847061,319,388,302,234,234,0.379,opencv_hough_v1,candidate,2026-09-08T16:58:55.995048+00:00
4ba701c6-e3f,mapillary_1393299064369870,mapillary,1393299064369870,18.47507303203,73.861366847061,319,892,382,132,194,0.352,opencv_hough_v1,candidate,2026-09-08T16:58:55.999685+00:00
e7809f27-fa0,mapillary_1393299064369870,mapillary,1393299064369870,18.47507303203,73.861366847061,319,608,333,204,204,0.363,opencv_hough_v1,candidate,2026-09-08T16:58:56.004354+00:00
4e7037db-35f,mapillary_1393299064369870,mapillary,1393299064369870,18.47507303203,73.861366847061,319,601,299,88,88,0.377,opencv_hough_v1,candidate,2026-09-08T16:58:56.014955+00:00
b1327be0-f77,mapillary_1393299064369870,mapillary,1393299064369870,18.47507303203,73.861366847061,319,140,339,180,180,0.374,opencv_hough_v1,candidate,2026-09-08T16:58:56.020314+00:00
cc015dc6-0d1,mapillary_1393299064369870,mapillary,1393299064369870,18.47507303203,73.861366847061,319,265,265,100,100,0.374,opencv_hough_v1,candidate,2026-09-08T16:58:56.025438+00:00
9f9853e3-940,mapillary_1393299064369870,mapillary,1393299064369870,18.47507303203,73.861366847061,319,663,310,104,104,0.363,opencv_hough_v1,candidate,2026-09-08T16:58:56.030180+00:00
abaca7f9-850,mapillary_1393299064369870,mapillary,1393299064369870,18.47507303203,73.861366847061,319,499,303,148,148,0.472,opencv_hough_v1,candidate,2026-09-08T16:58:56.035039+00:00
813968a1-17f,mapillary_1393299064369870,mapillary,1393299064369870,18.47507303203,73.861366847061,319,715,327,112,112,0.361,opencv_hough_v1,candidate,2026-09-08T16:58:56.048674+00:00
f63de0c5-433,mapillary_1393299064369870,mapillary,1393299064369870,18.47507303203,73.861366847061,319,722,284,144,144,0.352,opencv_hough_v1,candidate,2026-09-08T16:58:56.053285+00:00
3a67e9f0-26a,mapillary_1393299064369870,mapillary,1393299064369870,18.47507303203,73.861366847061,319,309,367,156,156,0.414,opencv_hough_v1,candidate,2026-09-08T16:58:56.057858+00:00
31a4ae35-108,mapillary_1393299064369870,mapillary,1393299064369870,18.47507303203,73.861366847061,319,872,387,148,148,0.407,opencv_hough_v1,candidate,2026-09-08T16:58:56.062182+00:00
d6c40a8f-29d,mapillary_1393299064369870,mapillary,1393299064369870,18.47507303203,73.861366847061,319,292,235,120,120,0.438,opencv_hough_v1,candidate,2026-09-08T16:58:56.067346+00:00
044c97f1-119,mapillary_1393299064369870,mapillary,1393299064369870,18.47507303203,73.861366847061,319,81,392,156,156,0.439,opencv_hough_v1,candidate,2026-09-08T16:58:56.072416+00:00
e1f039fb-c7a,mapillary_1393299064369870,mapillary,1393299064369870,18.47507303203,73.861366847061,319,908,386,82,82,0.446,opencv_hough_v1,candidate,2026-09-08T16:58:56.081265+00:00
5c70a0ca-359,mapillary_1393299064369870,mapillary,1393299064369870,18.47507303203,73.861366847061,319,434,258,124,124,0.482,opencv_hough_v1,candidate,2026-09-08T16:58:56.085463+00:00
06c50370-50d,mapillary_1393299064369870,mapillary,1393299064369870,18.47507303203,73.861366847061,319,608,331,122,122,0.425,opencv_hough_v1,candidate,2026-09-08T16:58:56.090029+00:00
225f5e21-33e,mapillary_1393299064369870,mapillary,1393299064369870,18.47507303203,73.861366847061,319,626,278,70,70,0.373,opencv_hough_v1,candidate,2026-09-08T16:58:56.094334+00:00
5effe6a2-b1f,mapillary_1393299064369870,mapillary,1393299064369870,18.47507303203,73.861366847061,319,365,316,118,118,0.411,opencv_hough_v1,candidate,2026-09-08T16:58:56.102970+00:00
aea60402-912,mapillary_1393299064369870,mapillary,1393299064369870,18.47507303203,73.861366847061,319,393,351,180,180,0.434,opencv_hough_v1,candidate,2026-09-08T16:58:56.107663+00:00
775a005a-d19,mapillary_1393299064369870,mapillary,1393299064369870,18.47507303203,73.861366847061,319,771,409,164,164,0.366,opencv_hough_v1,candidate,2026-09-08T16:58:56.111863+00:00
3b58a707-bd1,mapillary_1393299064369870,mapillary,1393299064369870,18.47507303203,73.861366847061,319,356,400,154,154,0.419,opencv_hough_v1,candidate,2026-09-08T16:58:56.116501+00:00
672f242c-dfe,mapillary_1393299064369870,mapillary,1393299064369870,18.47507303203,73.861366847061,319,62,395,112,112,0.461,opencv_hough_v1,candidate,2026-09-08T16:58:56.121954+00:00
9efda416-d31,mapillary_1393299064369870,mapillary,1393299064369870,18.47507303203,73.861366847061,319,344,445,112,112,0.383,opencv_hough_v1,candidate,2026-09-08T16:58:56.127742+00:00
e9e6a681-27a,mapillary_1393299064369870,mapillary,1393299064369870,18.47507303203,73.861366847061,319,428,206,156,156,0.555,opencv_hough_v1,candidate,2026-09-08T16:58:56.132279+00:00
6e7808bf-b8b,mapillary_1393299064369870,mapillary,1393299064369870,18.47507303203,73.861366847061,319,840,317,140,140,0.373,opencv_hough_v1,candidate,2026-09-08T16:58:56.136691+00:00
0e5c5366-07d,mapillary_1393299064369870,mapillary,1393299064369870,18.47507303203,73.861366847061,319,932,468,92,108,0.354,opencv_hough_v1,candidate,2026-09-08T16:58:56.146146+00:00
ad370b45-3aa,mapillary_1393299064369870,mapillary,1393299064369870,18.47507303203,73.861366847061,319,732,401,172,172,0.364,opencv_hough_v1,candidate,2026-09-08T16:58:56.160115+00:00
370cd594-e3a,mapillary_1393299064369870,mapillary,1393299064369870,18.47507303203,73.861366847061,319,700,236,144,144,0.353,opencv_hough_v1,candidate,2026-09-08T16:58:56.164761+00:00
454b5eeb-ad5,mapillary_1393299064369870,mapillary,1393299064369870,18.47507303203,73.861366847061,319,900,439,122,122,0.36,opencv_hough_v1,candidate,2026-09-08T16:58:56.169055+00:00
b21f1e1e-9d5,mapillary_1393299064369870,mapillary,1393299064369870,18.47507303203,73.861366847061,319,309,313,98,98,0.399,opencv_hough_v1,candidate,2026-09-08T16:58:56.174903+00:00
737b0530-0a9,mapillary_1393299064369870,mapillary,1393299064369870,18.47507303203,73.861366847061,319,147,450,120,120,0.415,opencv_hough_v1,candidate,2026-09-08T16:58:56.180636+00:00
d076e047-3d8,mapillary_1393299064369870,mapillary,1393299064369870,18.47507303203,73.861366847061,319,591,192,132,132,0.516,opencv_hough_v1,candidate,2026-09-08T16:58:56.189241+00:00
e904c401-b4d,mapillary_1393299064369870,mapillary,1393299064369870,18.47507303203,73.861366847061,319,392,358,106,106,0.425,opencv_hough_v1,candidate,2026-09-08T16:58:56.194030+00:00
010bb416-255,mapillary_1393299064369870,mapillary,1393299064369870,18.47507303203,73.861366847061,319,656,359,86,86,0.396,opencv_hough_v1,candidate,2026-09-08T16:58:56.199246+00:00
c100374e-5ab,mapillary_1393299064369870,mapillary,1393299064369870,18.47507303203,73.861366847061,319,366,385,122,122,0.417,opencv_hough_v1,candidate,2026-09-08T16:58:56.217047+00:00
bf3af18a-478,mapillary_1393299064369870,mapillary,1393299064369870,18.47507303203,73.861366847061,319,272,496,138,138,0.389,opencv_hough_v1,candidate,2026-09-08T16:58:56.226223+00:00
0786c6c4-367,mapillary_1393299064369870,mapillary,1393299064369870,18.47507303203,73.861366847061,319,491,340,140,140,0.508,opencv_hough_v1,candidate,2026-09-08T16:58:56.241192+00:00
8cef433d-410,mapillary_1393299064369870,mapillary,1393299064369870,18.47507303203,73.861366847061,319,583,227,88,88,0.519,opencv_hough_v1,candidate,2026-09-08T16:58:56.245459+00:00
799b017c-e5f,mapillary_1393299064369870,mapillary,1393299064369870,18.47507303203,73.861366847061,319,320,471,100,100,0.361,opencv_hough_v1,candidate,2026-09-08T16:58:56.253767+00:00
7dc5f21a-d78,mapillary_1393299064369870,mapillary,1393299064369870,18.47507303203,73.861366847061,319,344,253,86,86,0.352,opencv_hough_v1,candidate,2026-09-08T16:58:56.258253+00:00
a6297078-04e,mapillary_1393299064369870,mapillary,1393299064369870,18.47507303203,73.861366847061,319,946,416,78,154,0.361,opencv_hough_v1,candidate,2026-09-08T16:58:56.267364+00:00
f3b2b71e-7b1,mapillary_1393299064369870,mapillary,1393299064369870,18.47507303203,73.861366847061,319,513,311,72,72,0.391,opencv_hough_v1,candidate,2026-09-08T16:58:56.272068+00:00
834f432d-422,mapillary_1393299064369870,mapillary,1393299064369870,18.47507303203,73.861366847061,319,388,469,116,116,0.414,opencv_hough_v1,candidate,2026-09-08T16:58:56.287600+00:00
d341d309-aa8,mapillary_1393299064369870,mapillary,1393299064369870,18.47507303203,73.861366847061,319,425,337,94,94,0.424,opencv_hough_v1,candidate,2026-09-08T16:58:56.291959+00:00
4a08a598-26e,mapillary_1393299064369870,mapillary,1393299064369870,18.47507303203,73.861366847061,319,449,319,72,72,0.374,opencv_hough_v1,candidate,2026-09-08T16:58:56.300747+00:00
77718f7c-19f,mapillary_1393299064369870,mapillary,1393299064369870,18.47507303203,73.861366847061,319,604,345,66,66,0.365,opencv_hough_v1,candidate,2026-09-08T16:58:56.309214+00:00
ca0dc8ae-7fc,mapillary_1393299064369870,mapillary,1393299064369870,18.47507303203,73.861366847061,319,895,349,96,96,0.403,opencv_hough_v1,candidate,2026-09-08T16:58:56.313407+00:00
078fd9b3-8a7,mapillary_1393299064369870,mapillary,1393299064369870,18.47507303203,73.861366847061,319,717,375,58,58,0.38,opencv_hough_v1,candidate,2026-09-08T16:58:56.328296+00:00
881ecd83-291,mapillary_1393299064369870,mapillary,1393299064369870,18.47507303203,73.861366847061,319,414,186,146,146,0.597,opencv_hough_v1,candidate,2026-09-08T16:58:56.333190+00:00
3a4973c1-13e,mapillary_1393299064369870,mapillary,1393299064369870,18.47507303203,73.861366847061,319,173,426,58,58,0.393,opencv_hough_v1,candidate,2026-09-08T16:58:56.348366+00:00
1dbc46a9-4be,mapillary_1393299064369870,mapillary,1393299064369870,18.47507303203,73.861366847061,319,218,475,48,48,0.351,opencv_hough_v1,candidate,2026-09-08T16:58:56.366452+00:00
22d4ad10-949,mapillary_1393299064369870,mapillary,1393299064369870,18.47507303203,73.861366847061,319,890,403,58,58,0.359,opencv_hough_v1,candidate,2026-09-08T16:58:56.375872+00:00
18d8eb58-3b1,mapillary_1393299064369870,mapillary,1393299064369870,18.47507303203,73.861366847061,319,660,231,66,66,0.351,opencv_hough_v1,candidate,2026-09-08T16:58:56.385527+00:00
ef027c74-89e,mapillary_1393299064369870,mapillary,1393299064369870,18.47507303203,73.861366847061,319,507,345,64,64,0.465,opencv_hough_v1,candidate,2026-09-08T16:58:56.399058+00:00
f863f850-dd5,mapillary_1393299064369870,mapillary,1393299064369870,18.47507303203,73.861366847061,319,953,372,52,52,0.385,opencv_hough_v1,candidate,2026-09-08T16:58:56.417348+00:00
dd99d4e1-2d4,mapillary_1393299064369870,mapillary,1393299064369870,18.47507303203,73.861366847061,319,857,547,124,124,0.36,opencv_hough_v1,candidate,2026-09-08T16:58:56.431180+00:00
f7c7c5c3-275,mapillary_1393299064369870,mapillary,1393299064369870,18.47507303203,73.861366847061,319,605,373,70,70,0.401,opencv_hough_v1,candidate,2026-09-08T16:58:56.435511+00:00
69475ef5-956,mapillary_308936437273151,mapillary,308936437273151,18.475092151015,73.861230038769,270,622,536,144,144,0.377,opencv_hough_v1,candidate,2026-09-08T16:58:57.235265+00:00
1d97b2da-d84,mapillary_308936437273151,mapillary,308936437273151,18.475092151015,73.861230038769,270,715,611,146,146,0.375,opencv_hough_v1,candidate,2026-09-08T16:58:57.350593+00:00
a9bec705-d87,mapillary_308936437273151,mapillary,308936437273151,18.475092151015,73.861230038769,270,408,262,162,162,0.351,opencv_hough_v1,candidate,2026-09-08T16:58:57.367399+00:00
daf6c4c1-5b2,mapillary_308936437273151,mapillary,308936437273151,18.475092151015,73.861230038769,270,719,577,136,136,0.378,opencv_hough_v1,candidate,2026-09-08T16:58:57.372678+00:00
7a3add21-912,mapillary_308936437273151,mapillary,308936437273151,18.475092151015,73.861230038769,270,719,463,164,164,0.363,opencv_hough_v1,candidate,2026-09-08T16:58:57.405392+00:00
7d6742b7-c3c,mapillary_308936437273151,mapillary,308936437273151,18.475092151015,73.861230038769,270,673,485,162,162,0.363,opencv_hough_v1,candidate,2026-09-08T16:58:57.410551+00:00
63e1b6cd-6d8,mapillary_308936437273151,mapillary,308936437273151,18.475092151015,73.861230038769,270,511,560,122,122,0.357,opencv_hough_v1,candidate,2026-09-08T16:58:57.423041+00:00
70c03c4e-3a0,mapillary_308936437273151,mapillary,308936437273151,18.475092151015,73.861230038769,270,580,557,132,132,0.371,opencv_hough_v1,candidate,2026-09-08T16:58:57.433322+00:00
7ef31f44-0af,mapillary_308936437273151,mapillary,308936437273151,18.475092151015,73.861230038769,270,445,559,164,164,0.352,opencv_hough_v1,candidate,2026-09-08T16:58:57.454702+00:00
e32c1357-874,mapillary_308936437273151,mapillary,308936437273151,18.475092151015,73.861230038769,270,441,602,144,144,0.367,opencv_hough_v1,candidate,2026-09-08T16:58:57.465005+00:00
4a9c3403-5ff,mapillary_308936437273151,mapillary,308936437273151,18.475092151015,73.861230038769,270,214,610,154,154,0.351,opencv_hough_v1,candidate,2026-09-08T16:58:57.514953+00:00
21016deb-c15,mapillary_308936437273151,mapillary,308936437273151,18.475092151015,73.861230038769,270,801,290,154,154,0.368,opencv_hough_v1,candidate,2026-09-08T16:58:57.546834+00:00
767aab4c-ca7,mapillary_308936437273151,mapillary,308936437273151,18.475092151015,73.861230038769,270,677,573,112,112,0.352,opencv_hough_v1,candidate,2026-09-08T16:58:57.552437+00:00
e2e46879-5f7,mapillary_308936437273151,mapillary,308936437273151,18.475092151015,73.861230038769,270,310,568,154,154,0.356,opencv_hough_v1,candidate,2026-09-08T16:58:57.599609+00:00
267daa2f-2b2,mapillary_308936437273151,mapillary,308936437273151,18.475092151015,73.861230038769,270,546,520,146,146,0.376,opencv_hough_v1,candidate,2026-09-08T16:58:57.611030+00:00
f89404c4-45e,mapillary_308936437273151,mapillary,308936437273151,18.475092151015,73.861230038769,270,766,625,130,130,0.372,opencv_hough_v1,candidate,2026-09-08T16:58:57.616113+00:00
be2c0810-42a,mapillary_308936437273151,mapillary,308936437273151,18.475092151015,73.861230038769,270,471,388,146,146,0.359,opencv_hough_v1,candidate,2026-09-08T16:58:57.639933+00:00
6e5fe3a4-4ea,mapillary_308936437273151,mapillary,308936437273151,18.475092151015,73.861230038769,270,304,194,202,202,0.403,opencv_hough_v1,candidate,2026-09-08T16:58:57.655879+00:00
d314aec9-6d6,mapillary_308936437273151,mapillary,308936437273151,18.475092151015,73.861230038769,270,324,245,164,164,0.428,opencv_hough_v1,candidate,2026-09-08T16:58:57.661122+00:00
2cfe7931-336,mapillary_308936437273151,mapillary,308936437273151,18.475092151015,73.861230038769,270,858,258,154,154,0.398,opencv_hough_v1,candidate,2026-09-08T16:58:57.676833+00:00
9a4aa218-194,mapillary_308936437273151,mapillary,308936437273151,18.475092151015,73.861230038769,270,491,518,118,118,0.357,opencv_hough_v1,candidate,2026-09-08T16:58:57.692846+00:00
bdfbf2e7-c4a,mapillary_308936437273151,mapillary,308936437273151,18.475092151015,73.861230038769,270,405,429,140,140,0.351,opencv_hough_v1,candidate,2026-09-08T16:58:57.704481+00:00
1268f6bb-42d,mapillary_308936437273151,mapillary,308936437273151,18.475092151015,73.861230038769,270,613,479,124,124,0.369,opencv_hough_v1,candidate,2026-09-08T16:58:57.710343+00:00
f94236d7-efe,mapillary_308936437273151,mapillary,308936437273151,18.475092151015,73.861230038769,270,341,552,156,156,0.355,opencv_hough_v1,candidate,2026-09-08T16:58:57.753121+00:00
9d602c02-476,mapillary_308936437273151,mapillary,308936437273151,18.475092151015,73.861230038769,270,400,571,118,118,0.359,opencv_hough_v1,candidate,2026-09-08T16:58:57.758254+00:00
187d8bdf-08f,mapillary_308936437273151,mapillary,308936437273151,18.475092151015,73.861230038769,270,498,344,146,146,0.375,opencv_hough_v1,candidate,2026-09-08T16:58:57.785843+00:00
996728d1-5de,mapillary_308936437273151,mapillary,308936437273151,18.475092151015,73.861230038769,270,639,595,140,140,0.377,opencv_hough_v1,candidate,2026-09-08T16:58:57.791297+00:00
81bcb9aa-f18,mapillary_308936437273151,mapillary,308936437273151,18.475092151015,73.861230038769,270,743,439,148,148,0.381,opencv_hough_v1,candidate,2026-09-08T16:58:57.818034+00:00
18f95534-2b8,mapillary_308936437273151,mapillary,308936437273151,18.475092151015,73.861230038769,270,833,591,172,172,0.36,opencv_hough_v1,candidate,2026-09-08T16:58:57.833696+00:00
52043563-312,mapillary_308936437273151,mapillary,308936437273151,18.475092151015,73.861230038769,270,699,478,106,106,0.354,opencv_hough_v1,candidate,2026-09-08T16:58:57.844926+00:00
a31dae34-917,mapillary_308936437273151,mapillary,308936437273151,18.475092151015,73.861230038769,270,605,589,120,120,0.357,opencv_hough_v1,candidate,2026-09-08T16:58:57.860852+00:00
9906465e-af6,mapillary_308936437273151,mapillary,308936437273151,18.475092151015,73.861230038769,270,784,252,170,170,0.358,opencv_hough_v1,candidate,2026-09-08T16:58:57.871689+00:00
55c3220b-16d,mapillary_308936437273151,mapillary,308936437273151,18.475092151015,73.861230038769,270,736,380,138,138,0.37,opencv_hough_v1,candidate,2026-09-08T16:58:57.882032+00:00
fbfacfd9-d33,mapillary_308936437273151,mapillary,308936437273151,18.475092151015,73.861230038769,270,306,264,136,136,0.443,opencv_hough_v1,candidate,2026-09-08T16:58:57.886878+00:00
efe68e29-859,mapillary_308936437273151,mapillary,308936437273151,18.475092151015,73.861230038769,270,560,269,156,156,0.374,opencv_hough_v1,candidate,2026-09-08T16:58:57.897280+00:00
ddb121bb-47e,mapillary_308936437273151,mapillary,308936437273151,18.475092151015,73.861230038769,270,532,606,130,130,0.365,opencv_hough_v1,candidate,2026-09-08T16:58:57.907145+00:00
ebb19d91-498,mapillary_308936437273151,mapillary,308936437273151,18.475092151015,73.861230038769,270,244,258,118,118,0.37,opencv_hough_v1,candidate,2026-09-08T16:58:57.925255+00:00
05a8e455-0a1,mapillary_308936437273151,mapillary,308936437273151,18.475092151015,73.861230038769,270,693,278,140,140,0.383,opencv_hough_v1,candidate,2026-09-08T16:58:57.940978+00:00
d18e3971-e31,mapillary_308936437273151,mapillary,308936437273151,18.475092151015,73.861230038769,270,781,435,132,132,0.386,opencv_hough_v1,candidate,2026-09-08T16:58:57.955518+00:00
913061ca-a9c,mapillary_308936437273151,mapillary,308936437273151,18.475092151015,73.861230038769,270,734,268,136,136,0.381,opencv_hough_v1,candidate,2026-09-08T16:58:58.004970+00:00
b72fa676-489,mapillary_308936437273151,mapillary,308936437273151,18.475092151015,73.861230038769,270,183,647,140,121,0.365,opencv_hough_v1,candidate,2026-09-08T16:58:58.020899+00:00
6a30779a-8bb,mapillary_308936437273151,mapillary,308936437273151,18.475092151015,73.861230038769,270,827,642,112,112,0.359,opencv_hough_v1,candidate,2026-09-08T16:58:58.030294+00:00
ac5900e7-154,mapillary_308936437273151,mapillary,308936437273151,18.475092151015,73.861230038769,270,507,266,144,144,0.401,opencv_hough_v1,candidate,2026-09-08T16:58:58.095433+00:00
57919dfb-097,mapillary_308936437273151,mapillary,308936437273151,18.475092151015,73.861230038769,270,830,331,130,130,0.37,opencv_hough_v1,candidate,2026-09-08T16:58:58.100109+00:00
2563c197-852,mapillary_308936437273151,mapillary,308936437273151,18.475092151015,73.861230038769,270,878,630,130,130,0.383,opencv_hough_v1,candidate,2026-09-08T16:58:58.105432+00:00
b64983b9-122,mapillary_308936437273151,mapillary,308936437273151,18.475092151015,73.861230038769,270,406,258,118,118,0.382,opencv_hough_v1,candidate,2026-09-08T16:58:58.112651+00:00
6486ec89-a50,mapillary_308936437273151,mapillary,308936437273151,18.475092151015,73.861230038769,270,305,254,104,104,0.452,opencv_hough_v1,candidate,2026-09-08T16:58:58.127788+00:00
d99582fd-c30,mapillary_308936437273151,mapillary,308936437273151,18.475092151015,73.861230038769,270,159,666,132,102,0.354,opencv_hough_v1,candidate,2026-09-08T16:58:58.137241+00:00
dcc79ffd-61c,mapillary_308936437273151,mapillary,308936437273151,18.475092151015,73.861230038769,270,566,327,90,90,0.354,opencv_hough_v1,candidate,2026-09-08T16:58:58.146907+00:00
5339b46c-34d,mapillary_308936437273151,mapillary,308936437273151,18.475092151015,73.861230038769,270,691,660,122,108,0.359,opencv_hough_v1,candidate,2026-09-08T16:58:58.177047+00:00
9c4cd8d1-4a7,mapillary_308936437273151,mapillary,308936437273151,18.475092151015,73.861230038769,270,305,207,148,148,0.506,opencv_hough_v1,candidate,2026-09-08T16:58:58.197065+00:00
48b2a905-ae2,mapillary_308936437273151,mapillary,308936437273151,18.475092151015,73.861230038769,270,387,631,128,128,0.351,opencv_hough_v1,candidate,2026-09-08T16:58:58.202913+00:00
3dfd2fa7-f26,mapillary_308936437273151,mapillary,308936437273151,18.475092151015,73.861230038769,270,898,254,126,128,0.421,opencv_hough_v1,candidate,2026-09-08T16:58:58.207903+00:00
f966e9bb-784,mapillary_308936437273151,mapillary,308936437273151,18.475092151015,73.861230038769,270,551,272,114,114,0.391,opencv_hough_v1,candidate,2026-09-08T16:58:58.245258+00:00
86416dc2-f9a,mapillary_308936437273151,mapillary,308936437273151,18.475092151015,73.861230038769,270,348,190,154,154,0.52,opencv_hough_v1,candidate,2026-09-08T16:58:58.296414+00:00
12eee00a-4ec,mapillary_308936437273151,mapillary,308936437273151,18.475092151015,73.861230038769,270,847,398,98,98,0.357,opencv_hough_v1,candidate,2026-09-08T16:58:58.326763+00:00
254dcf98-9ec,mapillary_308936437273151,mapillary,308936437273151,18.475092151015,73.861230038769,270,866,259,86,86,0.351,opencv_hough_v1,candidate,2026-09-08T16:58:58.331267+00:00
c353f475-732,mapillary_308936437273151,mapillary,308936437273151,18.475092151015,73.861230038769,270,896,281,128,136,0.425,opencv_hough_v1,candidate,2026-09-08T16:58:58.367925+00:00
29e628a5-1bb,mapillary_308936437273151,mapillary,308936437273151,18.475092151015,73.861230038769,270,573,246,86,86,0.407,opencv_hough_v1,candidate,2026-09-08T16:58:58.426184+00:00
612e0c4d-927,mapillary_308936437273151,mapillary,308936437273151,18.475092151015,73.861230038769,270,454,216,114,114,0.35,opencv_hough_v1,candidate,2026-09-08T16:58:58.431193+00:00
fa985300-6d1,mapillary_308936437273151,mapillary,308936437273151,18.475092151015,73.861230038769,270,582,257,112,112,0.379,opencv_hough_v1,candidate,2026-09-08T16:58:58.436496+00:00
919ddd36-6c4,mapillary_308936437273151,mapillary,308936437273151,18.475092151015,73.861230038769,270,400,201,138,138,0.472,opencv_hough_v1,candidate,2026-09-08T16:58:58.447900+00:00
b60ef7a9-ffa,mapillary_308936437273151,mapillary,308936437273151,18.475092151015,73.861230038769,270,538,262,90,90,0.383,opencv_hough_v1,candidate,2026-09-08T16:58:58.460301+00:00
80f884aa-40d,mapillary_308936437273151,mapillary,308936437273151,18.475092151015,73.861230038769,270,313,311,56,56,0.36,opencv_hough_v1,candidate,2026-09-08T16:58:58.486960+00:00
dabf2ad2-302,mapillary_308936437273151,mapillary,308936437273151,18.475092151015,73.861230038769,270,293,227,76,76,0.359,opencv_hough_v1,candidate,2026-09-08T16:58:58.511649+00:00
f02db33e-8b0,mapillary_373881933968758,mapillary,373881933968758,18.474872132736,73.858159695691,267,281,275,152,152,0.365,opencv_hough_v1,candidate,2026-09-08T16:58:59.400269+00:00
e8b268c1-636,mapillary_373881933968758,mapillary,373881933968758,18.474872132736,73.858159695691,267,255,300,144,144,0.357,opencv_hough_v1,candidate,2026-09-08T16:58:59.590535+00:00
0a47f608-a2a,mapillary_373881933968758,mapillary,373881933968758,18.474872132736,73.858159695691,267,270,256,140,140,0.371,opencv_hough_v1,candidate,2026-09-08T16:58:59.684033+00:00
607c3a60-e2e,mapillary_373881933968758,mapillary,373881933968758,18.474872132736,73.858159695691,267,350,268,146,146,0.382,opencv_hough_v1,candidate,2026-09-08T16:58:59.772098+00:00
61f2120b-08d,mapillary_373881933968758,mapillary,373881933968758,18.474872132736,73.858159695691,267,410,261,112,112,0.359,opencv_hough_v1,candidate,2026-09-08T16:58:59.788723+00:00
f99a9343-d6b,mapillary_373881933968758,mapillary,373881933968758,18.474872132736,73.858159695691,267,495,177,176,176,0.446,opencv_hough_v1,candidate,2026-09-08T16:58:59.801667+00:00
d778d3cd-f01,mapillary_373881933968758,mapillary,373881933968758,18.474872132736,73.858159695691,267,585,295,130,130,0.397,opencv_hough_v1,candidate,2026-09-08T16:58:59.810945+00:00
26584517-1fd,mapillary_373881933968758,mapillary,373881933968758,18.474872132736,73.858159695691,267,593,169,188,188,0.371,opencv_hough_v1,candidate,2026-09-08T16:58:59.820169+00:00
8da9536e-da6,mapillary_373881933968758,mapillary,373881933968758,18.474872132736,73.858159695691,267,648,274,106,106,0.359,opencv_hough_v1,candidate,2026-09-08T16:58:59.849259+00:00
9aeb3b5f-d28,mapillary_373881933968758,mapillary,373881933968758,18.474872132736,73.858159695691,267,551,285,136,136,0.409,opencv_hough_v1,candidate,2026-09-08T16:58:59.918306+00:00
1e4e2fd9-a5f,mapillary_373881933968758,mapillary,373881933968758,18.474872132736,73.858159695691,267,332,290,122,122,0.366,opencv_hough_v1,candidate,2026-09-08T16:58:59.994355+00:00
067d6fa5-e5d,mapillary_373881933968758,mapillary,373881933968758,18.474872132736,73.858159695691,267,618,273,94,94,0.352,opencv_hough_v1,candidate,2026-09-08T16:59:00.009281+00:00
fbd28ce1-37c,mapillary_373881933968758,mapillary,373881933968758,18.474872132736,73.858159695691,267,559,299,184,184,0.366,opencv_hough_v1,candidate,2026-09-08T16:59:00.043277+00:00
17a44041-0d5,mapillary_373881933968758,mapillary,373881933968758,18.474872132736,73.858159695691,267,438,202,176,176,0.434,opencv_hough_v1,candidate,2026-09-08T16:59:00.047607+00:00
fcea245a-b8e,mapillary_373881933968758,mapillary,373881933968758,18.474872132736,73.858159695691,267,409,299,140,140,0.4,opencv_hough_v1,candidate,2026-09-08T16:59:00.109081+00:00
6112afc2-63a,mapillary_373881933968758,mapillary,373881933968758,18.474872132736,73.858159695691,267,650,240,114,114,0.369,opencv_hough_v1,candidate,2026-09-08T16:59:00.113228+00:00
8ed33769-f18,mapillary_373881933968758,mapillary,373881933968758,18.474872132736,73.858159695691,267,518,227,136,136,0.431,opencv_hough_v1,candidate,2026-09-08T16:59:00.126168+00:00
56c321ba-985,mapillary_373881933968758,mapillary,373881933968758,18.474872132736,73.858159695691,267,15,247,164,164,0.355,opencv_hough_v1,candidate,2026-09-08T16:59:00.162413+00:00
0538c35d-42b,mapillary_373881933968758,mapillary,373881933968758,18.474872132736,73.858159695691,267,386,190,178,178,0.438,opencv_hough_v1,candidate,2026-09-08T16:59:00.191369+00:00
07cae838-c27,mapillary_373881933968758,mapillary,373881933968758,18.474872132736,73.858159695691,267,473,196,164,164,0.445,opencv_hough_v1,candidate,2026-09-08T16:59:00.195727+00:00
118c420a-1c9,mapillary_373881933968758,mapillary,373881933968758,18.474872132736,73.858159695691,267,334,214,146,146,0.405,opencv_hough_v1,candidate,2026-09-08T16:59:00.219274+00:00
2d20a108-858,mapillary_373881933968758,mapillary,373881933968758,18.474872132736,73.858159695691,267,485,305,160,160,0.403,opencv_hough_v1,candidate,2026-09-08T16:59:00.247764+00:00
675e63bd-990,mapillary_373881933968758,mapillary,373881933968758,18.474872132736,73.858159695691,267,466,313,98,98,0.371,opencv_hough_v1,candidate,2026-09-08T16:59:00.285458+00:00
19fae934-f71,mapillary_373881933968758,mapillary,373881933968758,18.474872132736,73.858159695691,267,432,333,140,140,0.402,opencv_hough_v1,candidate,2026-09-08T16:59:00.390068+00:00
3de34359-147,mapillary_373881933968758,mapillary,373881933968758,18.474872132736,73.858159695691,267,593,215,120,120,0.415,opencv_hough_v1,candidate,2026-09-08T16:59:00.395723+00:00
096e83fa-453,mapillary_373881933968758,mapillary,373881933968758,18.474872132736,73.858159695691,267,565,341,88,88,0.38,opencv_hough_v1,candidate,2026-09-08T16:59:00.460713+00:00
345bde5a-6ab,mapillary_373881933968758,mapillary,373881933968758,18.474872132736,73.858159695691,267,374,205,130,130,0.449,opencv_hough_v1,candidate,2026-09-08T16:59:00.477132+00:00
06fd25de-724,mapillary_373881933968758,mapillary,373881933968758,18.474872132736,73.858159695691,267,566,213,114,114,0.416,opencv_hough_v1,candidate,2026-09-08T16:59:00.481172+00:00
5f8c07ae-5d7,mapillary_373881933968758,mapillary,373881933968758,18.474872132736,73.858159695691,267,524,303,64,64,0.358,opencv_hough_v1,candidate,2026-09-08T16:59:00.493766+00:00
122983ef-b61,mapillary_373881933968758,mapillary,373881933968758,18.474872132736,73.858159695691,267,551,322,70,70,0.376,opencv_hough_v1,candidate,2026-09-08T16:59:00.545357+00:00
02f722c1-682,mapillary_861217854431136,mapillary,861217854431136,18.4754976652,73.8624971062,172,236,258,228,228,0.362,opencv_hough_v1,candidate,2026-09-08T16:59:01.025564+00:00
463c5958-47b,mapillary_861217854431136,mapillary,861217854431136,18.4754976652,73.8624971062,172,167,267,214,214,0.402,opencv_hough_v1,candidate,2026-09-08T16:59:01.052071+00:00
ff38abc0-c16,mapillary_861217854431136,mapillary,861217854431136,18.4754976652,73.8624971062,172,222,288,238,238,0.359,opencv_hough_v1,candidate,2026-09-08T16:59:01.108895+00:00
fa118cf6-36f,mapillary_861217854431136,mapillary,861217854431136,18.4754976652,73.8624971062,172,112,279,228,228,0.381,opencv_hough_v1,candidate,2026-09-08T16:59:01.150978+00:00
9506c4db-8d9,mapillary_861217854431136,mapillary,861217854431136,18.4754976652,73.8624971062,172,235,315,156,156,0.477,opencv_hough_v1,candidate,2026-09-08T16:59:01.164371+00:00
997cd7f6-c56,mapillary_861217854431136,mapillary,861217854431136,18.4754976652,73.8624971062,172,219,259,188,188,0.417,opencv_hough_v1,candidate,2026-09-08T16:59:01.169812+00:00
0b0d42e1-7ec,mapillary_861217854431136,mapillary,861217854431136,18.4754976652,73.8624971062,172,140,286,238,238,0.372,opencv_hough_v1,candidate,2026-09-08T16:59:01.192821+00:00
84261dd0-1fa,mapillary_861217854431136,mapillary,861217854431136,18.4754976652,73.8624971062,172,389,269,228,228,0.36,opencv_hough_v1,candidate,2026-09-08T16:59:01.198847+00:00
d4e9acc6-6e3,mapillary_861217854431136,mapillary,861217854431136,18.4754976652,73.8624971062,172,95,258,168,168,0.424,opencv_hough_v1,candidate,2026-09-08T16:59:01.257792+00:00
32848f9c-1d2,mapillary_861217854431136,mapillary,861217854431136,18.4754976652,73.8624971062,172,865,255,138,138,0.376,opencv_hough_v1,candidate,2026-09-08T16:59:01.309270+00:00
11cbd78f-99f,mapillary_861217854431136,mapillary,861217854431136,18.4754976652,73.8624971062,172,297,258,132,132,0.411,opencv_hough_v1,candidate,2026-09-08T16:59:01.319257+00:00
01f2fc44-38f,mapillary_861217854431136,mapillary,861217854431136,18.4754976652,73.8624971062,172,363,269,148,148,0.43,opencv_hough_v1,candidate,2026-09-08T16:59:01.328613+00:00
2db61001-afb,mapillary_861217854431136,mapillary,861217854431136,18.4754976652,73.8624971062,172,780,262,138,138,0.374,opencv_hough_v1,candidate,2026-09-08T16:59:01.334652+00:00
9c505c3a-ed9,mapillary_861217854431136,mapillary,861217854431136,18.4754976652,73.8624971062,172,449,266,164,164,0.43,opencv_hough_v1,candidate,2026-09-08T16:59:01.345014+00:00
fe573d95-b1f,mapillary_861217854431136,mapillary,861217854431136,18.4754976652,73.8624971062,172,199,309,236,236,0.363,opencv_hough_v1,candidate,2026-09-08T16:59:01.350269+00:00
d17f3bd9-20c,mapillary_861217854431136,mapillary,861217854431136,18.4754976652,73.8624971062,172,9,256,164,164,0.382,opencv_hough_v1,candidate,2026-09-08T16:59:01.355504+00:00
55149421-d40,mapillary_861217854431136,mapillary,861217854431136,18.4754976652,73.8624971062,172,309,274,148,148,0.429,opencv_hough_v1,candidate,2026-09-08T16:59:01.360264+00:00
3ba35c62-aa1,mapillary_861217854431136,mapillary,861217854431136,18.4754976652,73.8624971062,172,154,340,206,206,0.402,opencv_hough_v1,candidate,2026-09-08T16:59:01.365249+00:00
dc81e17b-ddf,mapillary_861217854431136,mapillary,861217854431136,18.4754976652,73.8624971062,172,444,362,210,210,0.358,opencv_hough_v1,candidate,2026-09-08T16:59:01.370285+00:00
bdb69cfc-7f8,mapillary_861217854431136,mapillary,861217854431136,18.4754976652,73.8624971062,172,553,263,122,122,0.368,opencv_hough_v1,candidate,2026-09-08T16:59:01.375072+00:00
e216e9b9-afb,mapillary_861217854431136,mapillary,861217854431136,18.4754976652,73.8624971062,172,749,255,130,130,0.359,opencv_hough_v1,candidate,2026-09-08T16:59:01.394182+00:00
a0b4d8bc-eeb,mapillary_861217854431136,mapillary,861217854431136,18.4754976652,73.8624971062,172,492,311,188,188,0.362,opencv_hough_v1,candidate,2026-09-08T16:59:01.403607+00:00
60a1b9fb-800,mapillary_861217854431136,mapillary,861217854431136,18.4754976652,73.8624971062,172,536,259,94,94,0.351,opencv_hough_v1,candidate,2026-09-08T16:59:01.408837+00:00
978d8100-56a,mapillary_861217854431136,mapillary,861217854431136,18.4754976652,73.8624971062,172,833,258,136,136,0.371,opencv_hough_v1,candidate,2026-09-08T16:59:01.422844+00:00
3587825a-af5,mapillary_861217854431136,mapillary,861217854431136,18.4754976652,73.8624971062,172,345,140,236,236,0.419,opencv_hough_v1,candidate,2026-09-08T16:59:01.427657+00:00
bc971a84-5f2,mapillary_861217854431136,mapillary,861217854431136,18.4754976652,73.8624971062,172,98,356,228,228,0.355,opencv_hough_v1,candidate,2026-09-08T16:59:01.432267+00:00
8129239c-ee6,mapillary_861217854431136,mapillary,861217854431136,18.4754976652,73.8624971062,172,448,225,140,140,0.506,opencv_hough_v1,candidate,2026-09-08T16:59:01.437519+00:00
60da7627-41d,mapillary_861217854431136,mapillary,861217854431136,18.4754976652,73.8624971062,172,69,256,152,152,0.433,opencv_hough_v1,candidate,2026-09-08T16:59:01.452070+00:00
6915a6eb-b34,mapillary_861217854431136,mapillary,861217854431136,18.4754976652,73.8624971062,172,161,273,132,132,0.465,opencv_hough_v1,candidate,2026-09-08T16:59:01.460826+00:00
a584dcb4-a36,mapillary_861217854431136,mapillary,861217854431136,18.4754976652,73.8624971062,172,407,258,124,124,0.46,opencv_hough_v1,candidate,2026-09-08T16:59:01.465182+00:00
85b46053-f95,mapillary_861217854431136,mapillary,861217854431136,18.4754976652,73.8624971062,172,262,260,138,138,0.436,opencv_hough_v1,candidate,2026-09-08T16:59:01.474011+00:00
77b2aa11-510,mapillary_861217854431136,mapillary,861217854431136,18.4754976652,73.8624971062,172,15,351,132,132,0.369,opencv_hough_v1,candidate,2026-09-08T16:59:01.478326+00:00
c15c2e28-844,mapillary_861217854431136,mapillary,861217854431136,18.4754976652,73.8624971062,172,195,339,178,178,0.441,opencv_hough_v1,candidate,2026-09-08T16:59:01.490714+00:00
fce599ef-a06,mapillary_861217854431136,mapillary,861217854431136,18.4754976652,73.8624971062,172,366,300,146,146,0.44,opencv_hough_v1,candidate,2026-09-08T16:59:01.495970+00:00
2b4cb117-664,mapillary_861217854431136,mapillary,861217854431136,18.4754976652,73.8624971062,172,71,336,186,186,0.376,opencv_hough_v1,candidate,2026-09-08T16:59:01.500702+00:00
8f5f1bf1-2d8,mapillary_861217854431136,mapillary,861217854431136,18.4754976652,73.8624971062,172,135,254,132,132,0.451,opencv_hough_v1,candidate,2026-09-08T16:59:01.505487+00:00
5caa1809-6c0,mapillary_861217854431136,mapillary,861217854431136,18.4754976652,73.8624971062,172,21,362,168,168,0.359,opencv_hough_v1,candidate,2026-09-08T16:59:01.515058+00:00
74bb375f-b95,mapillary_861217854431136,mapillary,861217854431136,18.4754976652,73.8624971062,172,243,323,230,230,0.376,opencv_hough_v1,candidate,2026-09-08T16:59:01.519705+00:00
ece1833a-eb7,mapillary_861217854431136,mapillary,861217854431136,18.4754976652,73.8624971062,172,501,267,112,112,0.397,opencv_hough_v1,candidate,2026-09-08T16:59:01.528710+00:00
67601c83-fa3,mapillary_861217854431136,mapillary,861217854431136,18.4754976652,73.8624971062,172,97,310,152,152,0.439,opencv_hough_v1,candidate,2026-09-08T16:59:01.548333+00:00
aaf4a1d6-60f,mapillary_861217854431136,mapillary,861217854431136,18.4754976652,73.8624971062,172,236,258,110,110,0.378,opencv_hough_v1,candidate,2026-09-08T16:59:01.553229+00:00
7fef549e-acb,mapillary_861217854431136,mapillary,861217854431136,18.4754976652,73.8624971062,172,93,300,124,124,0.427,opencv_hough_v1,candidate,2026-09-08T16:59:01.595510+00:00
cc1c98be-71d,mapillary_861217854431136,mapillary,861217854431136,18.4754976652,73.8624971062,172,503,316,118,118,0.417,opencv_hough_v1,candidate,2026-09-08T16:59:01.600132+00:00
b3643e30-c72,mapillary_861217854431136,mapillary,861217854431136,18.4754976652,73.8624971062,172,106,388,152,152,0.408,opencv_hough_v1,candidate,2026-09-08T16:59:01.604922+00:00
cf6e817c-603,mapillary_861217854431136,mapillary,861217854431136,18.4754976652,73.8624971062,172,421,298,110,110,0.429,opencv_hough_v1,candidate,2026-09-08T16:59:01.631433+00:00
57db591a-7be,mapillary_861217854431136,mapillary,861217854431136,18.4754976652,73.8624971062,172,347,270,106,106,0.381,opencv_hough_v1,candidate,2026-09-08T16:59:01.637027+00:00
4c975e95-528,mapillary_861217854431136,mapillary,861217854431136,18.4754976652,73.8624971062,172,549,395,120,120,0.376,opencv_hough_v1,candidate,2026-09-08T16:59:01.660573+00:00
f97f4cad-8dd,mapillary_861217854431136,mapillary,861217854431136,18.4754976652,73.8624971062,172,219,291,82,82,0.37,opencv_hough_v1,candidate,2026-09-08T16:59:01.679546+00:00
6d1bd0e4-6d4,mapillary_861217854431136,mapillary,861217854431136,18.4754976652,73.8624971062,172,137,401,198,198,0.361,opencv_hough_v1,candidate,2026-09-08T16:59:01.684375+00:00
0f13a6a8-28f,mapillary_861217854431136,mapillary,861217854431136,18.4754976652,73.8624971062,172,428,168,180,180,0.511,opencv_hough_v1,candidate,2026-09-08T16:59:01.690557+00:00
0c601b5e-e07,mapillary_861217854431136,mapillary,861217854431136,18.4754976652,73.8624971062,172,284,197,144,144,0.378,opencv_hough_v1,candidate,2026-09-08T16:59:01.702021+00:00
a8e3162a-cf2,mapillary_861217854431136,mapillary,861217854431136,18.4754976652,73.8624971062,172,136,354,122,122,0.422,opencv_hough_v1,candidate,2026-09-08T16:59:01.722709+00:00
30b9ff32-1ba,mapillary_861217854431136,mapillary,861217854431136,18.4754976652,73.8624971062,172,0,279,118,118,0.368,opencv_hough_v1,candidate,2026-09-08T16:59:01.728119+00:00
975438bd-ab0,mapillary_861217854431136,mapillary,861217854431136,18.4754976652,73.8624971062,172,350,331,110,110,0.415,opencv_hough_v1,candidate,2026-09-08T16:59:01.744702+00:00
a65c7070-fd5,mapillary_861217854431136,mapillary,861217854431136,18.4754976652,73.8624971062,172,27,324,120,120,0.388,opencv_hough_v1,candidate,2026-09-08T16:59:01.750765+00:00
2667cd84-45d,mapillary_861217854431136,mapillary,861217854431136,18.4754976652,73.8624971062,172,195,473,128,128,0.39,opencv_hough_v1,candidate,2026-09-08T16:59:01.777130+00:00
ad062c75-70e,mapillary_861217854431136,mapillary,861217854431136,18.4754976652,73.8624971062,172,434,218,118,118,0.503,opencv_hough_v1,candidate,2026-09-08T16:59:01.781953+00:00
a3b75be9-c2c,mapillary_861217854431136,mapillary,861217854431136,18.4754976652,73.8624971062,172,452,276,98,98,0.448,opencv_hough_v1,candidate,2026-09-08T16:59:01.786171+00:00
58b1ba5f-887,mapillary_861217854431136,mapillary,861217854431136,18.4754976652,73.8624971062,172,78,329,90,90,0.378,opencv_hough_v1,candidate,2026-09-08T16:59:01.790706+00:00
fffdc329-00d,mapillary_861217854431136,mapillary,861217854431136,18.4754976652,73.8624971062,172,69,258,98,98,0.352,opencv_hough_v1,candidate,2026-09-08T16:59:01.810346+00:00
dee5a47e-c4b,mapillary_861217854431136,mapillary,861217854431136,18.4754976652,73.8624971062,172,376,338,132,132,0.436,opencv_hough_v1,candidate,2026-09-08T16:59:01.819617+00:00
8ede6381-fbc,mapillary_861217854431136,mapillary,861217854431136,18.4754976652,73.8624971062,172,823,262,98,98,0.355,opencv_hough_v1,candidate,2026-09-08T16:59:01.824141+00:00
98c9d4bc-d42,mapillary_861217854431136,mapillary,861217854431136,18.4754976652,73.8624971062,172,16,249,118,118,0.388,opencv_hough_v1,candidate,2026-09-08T16:59:01.837206+00:00
7eab9404-c7c,mapillary_861217854431136,mapillary,861217854431136,18.4754976652,73.8624971062,172,562,207,120,120,0.456,opencv_hough_v1,candidate,2026-09-08T16:59:01.846056+00:00
4e96a7ca-1ca,mapillary_861217854431136,mapillary,861217854431136,18.4754976652,73.8624971062,172,393,269,80,80,0.355,opencv_hough_v1,candidate,2026-09-08T16:59:01.856525+00:00
8bc317ca-c92,mapillary_861217854431136,mapillary,861217854431136,18.4754976652,73.8624971062,172,211,263,76,76,0.365,opencv_hough_v1,candidate,2026-09-08T16:59:01.860810+00:00
b8004df6-7ae,mapillary_861217854431136,mapillary,861217854431136,18.4754976652,73.8624971062,172,656,191,146,146,0.368,opencv_hough_v1,candidate,2026-09-08T16:59:01.865278+00:00
a7fad0c9-3d5,mapillary_861217854431136,mapillary,861217854431136,18.4754976652,73.8624971062,172,158,314,98,98,0.451,opencv_hough_v1,candidate,2026-09-08T16:59:01.869606+00:00
6aff026e-cb1,mapillary_861217854431136,mapillary,861217854431136,18.4754976652,73.8624971062,172,522,223,100,100,0.425,opencv_hough_v1,candidate,2026-09-08T16:59:01.887630+00:00
71986eb9-15d,mapillary_861217854431136,mapillary,861217854431136,18.4754976652,73.8624971062,172,768,223,136,136,0.374,opencv_hough_v1,candidate,2026-09-08T16:59:01.891966+00:00
6175238a-0b6,mapillary_861217854431136,mapillary,861217854431136,18.4754976652,73.8624971062,172,16,322,90,90,0.361,opencv_hough_v1,candidate,2026-09-08T16:59:01.902188+00:00
cb640126-a22,mapillary_861217854431136,mapillary,861217854431136,18.4754976652,73.8624971062,172,328,198,120,120,0.355,opencv_hough_v1,candidate,2026-09-08T16:59:01.922295+00:00
399fbe30-952,mapillary_861217854431136,mapillary,861217854431136,18.4754976652,73.8624971062,172,117,261,104,104,0.415,opencv_hough_v1,candidate,2026-09-08T16:59:01.942129+00:00
327f0633-fce,mapillary_861217854431136,mapillary,861217854431136,18.4754976652,73.8624971062,172,228,459,90,90,0.414,opencv_hough_v1,candidate,2026-09-08T16:59:01.957135+00:00
23a10c13-816,mapillary_861217854431136,mapillary,861217854431136,18.4754976652,73.8624971062,172,149,214,130,130,0.414,opencv_hough_v1,candidate,2026-09-08T16:59:01.966468+00:00
a833a562-a45,mapillary_861217854431136,mapillary,861217854431136,18.4754976652,73.8624971062,172,485,341,104,104,0.43,opencv_hough_v1,candidate,2026-09-08T16:59:01.971005+00:00
571a21f1-e37,mapillary_861217854431136,mapillary,861217854431136,18.4754976652,73.8624971062,172,948,287,76,112,0.351,opencv_hough_v1,candidate,2026-09-08T16:59:01.984122+00:00
aacfc866-4aa,mapillary_861217854431136,mapillary,861217854431136,18.4754976652,73.8624971062,172,328,352,130,130,0.432,opencv_hough_v1,candidate,2026-09-08T16:59:02.034520+00:00
54c01ccc-f59,mapillary_861217854431136,mapillary,861217854431136,18.4754976652,73.8624971062,172,208,326,74,74,0.395,opencv_hough_v1,candidate,2026-09-08T16:59:02.039441+00:00
0dbdecef-a6c,mapillary_861217854431136,mapillary,861217854431136,18.4754976652,73.8624971062,172,619,583,92,92,0.355,opencv_hough_v1,candidate,2026-09-08T16:59:02.048397+00:00
a95a943d-045,mapillary_861217854431136,mapillary,861217854431136,18.4754976652,73.8624971062,172,239,416,106,106,0.459,opencv_hough_v1,candidate,2026-09-08T16:59:02.057947+00:00
e8800650-721,mapillary_861217854431136,mapillary,861217854431136,18.4754976652,73.8624971062,172,110,243,88,88,0.365,opencv_hough_v1,candidate,2026-09-08T16:59:02.093620+00:00
5aa1549d-b51,mapillary_861217854431136,mapillary,861217854431136,18.4754976652,73.8624971062,172,630,634,86,86,0.362,opencv_hough_v1,candidate,2026-09-08T16:59:02.117871+00:00
638f65e7-4aa,mapillary_503016854074357,mapillary,503016854074357,18.475801324544,73.862345543813,4,544,276,238,238,0.464,opencv_hough_v1,candidate,2026-09-08T16:59:03.104656+00:00
5e556ee6-dc0,mapillary_503016854074357,mapillary,503016854074357,18.475801324544,73.862345543813,4,744,324,238,238,0.539,opencv_hough_v1,candidate,2026-09-08T16:59:03.117136+00:00
e31ac796-a81,mapillary_503016854074357,mapillary,503016854074357,18.475801324544,73.862345543813,4,376,320,238,238,0.513,opencv_hough_v1,candidate,2026-09-08T16:59:03.131088+00:00
57e85ed6-d9f,mapillary_503016854074357,mapillary,503016854074357,18.475801324544,73.862345543813,4,486,325,238,238,0.489,opencv_hough_v1,candidate,2026-09-08T16:59:03.144540+00:00
2ef05f5a-650,mapillary_503016854074357,mapillary,503016854074357,18.475801324544,73.862345543813,4,528,314,238,238,0.482,opencv_hough_v1,candidate,2026-09-08T16:59:03.155384+00:00
c3ca95c4-518,mapillary_503016854074357,mapillary,503016854074357,18.475801324544,73.862345543813,4,687,313,238,238,0.538,opencv_hough_v1,candidate,2026-09-08T16:59:03.165309+00:00
7e6a1a25-4ee,mapillary_503016854074357,mapillary,503016854074357,18.475801324544,73.862345543813,4,723,295,238,238,0.535,opencv_hough_v1,candidate,2026-09-08T16:59:03.176301+00:00
39aa0af8-91f,mapillary_503016854074357,mapillary,503016854074357,18.475801324544,73.862345543813,4,570,266,190,190,0.49,opencv_hough_v1,candidate,2026-09-08T16:59:03.187188+00:00
1d0533b7-2f7,mapillary_503016854074357,mapillary,503016854074357,18.475801324544,73.862345543813,4,446,327,238,238,0.497,opencv_hough_v1,candidate,2026-09-08T16:59:03.197969+00:00
d4c8f270-ba3,mapillary_503016854074357,mapillary,503016854074357,18.475801324544,73.862345543813,4,703,266,210,210,0.544,opencv_hough_v1,candidate,2026-09-08T16:59:03.206891+00:00
7ead188d-fb8,mapillary_503016854074357,mapillary,503016854074357,18.475801324544,73.862345543813,4,667,289,236,236,0.53,opencv_hough_v1,candidate,2026-09-08T16:59:03.217291+00:00
14bee6b1-066,mapillary_503016854074357,mapillary,503016854074357,18.475801324544,73.862345543813,4,515,279,210,210,0.471,opencv_hough_v1,candidate,2026-09-08T16:59:03.228256+00:00
a79a444c-6f3,mapillary_503016854074357,mapillary,503016854074357,18.475801324544,73.862345543813,4,770,306,238,238,0.533,opencv_hough_v1,candidate,2026-09-08T16:59:03.236309+00:00
981d952d-58d,mapillary_503016854074357,mapillary,503016854074357,18.475801324544,73.862345543813,4,611,291,196,196,0.524,opencv_hough_v1,candidate,2026-09-08T16:59:03.244438+00:00
6e738e5b-987,mapillary_503016854074357,mapillary,503016854074357,18.475801324544,73.862345543813,4,189,258,226,226,0.46,opencv_hough_v1,candidate,2026-09-08T16:59:03.252559+00:00
7e567c8b-1fa,mapillary_503016854074357,mapillary,503016854074357,18.475801324544,73.862345543813,4,288,315,238,238,0.52,opencv_hough_v1,candidate,2026-09-08T16:59:03.261131+00:00
029bf58e-a76,mapillary_503016854074357,mapillary,503016854074357,18.475801324544,73.862345543813,4,411,273,160,160,0.511,opencv_hough_v1,candidate,2026-09-08T16:59:03.269284+00:00
969296df-6bb,mapillary_503016854074357,mapillary,503016854074357,18.475801324544,73.862345543813,4,654,316,238,238,0.527,opencv_hough_v1,candidate,2026-09-08T16:59:03.279103+00:00
83ea8e3b-b5c,mapillary_503016854074357,mapillary,503016854074357,18.475801324544,73.862345543813,4,530,378,238,238,0.509,opencv_hough_v1,candidate,2026-09-08T16:59:03.289308+00:00
1d332af2-235,mapillary_503016854074357,mapillary,503016854074357,18.475801324544,73.862345543813,4,23,274,198,198,0.498,opencv_hough_v1,candidate,2026-09-08T16:59:03.298814+00:00
6cec7019-506,mapillary_503016854074357,mapillary,503016854074357,18.475801324544,73.862345543813,4,152,295,238,238,0.479,opencv_hough_v1,candidate,2026-09-08T16:59:03.308082+00:00
f4e754c4-5f1,mapillary_503016854074357,mapillary,503016854074357,18.475801324544,73.862345543813,4,423,305,236,236,0.49,opencv_hough_v1,candidate,2026-09-08T16:59:03.316956+00:00
99c1ef18-f6b,mapillary_503016854074357,mapillary,503016854074357,18.475801324544,73.862345543813,4,346,314,238,238,0.515,opencv_hough_v1,candidate,2026-09-08T16:59:03.325277+00:00
6e0576e4-7a7,mapillary_503016854074357,mapillary,503016854074357,18.475801324544,73.862345543813,4,455,363,238,238,0.517,opencv_hough_v1,candidate,2026-09-08T16:59:03.333837+00:00
6f8b6947-012,mapillary_503016854074357,mapillary,503016854074357,18.475801324544,73.862345543813,4,614,354,238,238,0.523,opencv_hough_v1,candidate,2026-09-08T16:59:03.342355+00:00
511b6635-b1b,mapillary_503016854074357,mapillary,503016854074357,18.475801324544,73.862345543813,4,755,363,238,238,0.506,opencv_hough_v1,candidate,2026-09-08T16:59:03.352850+00:00
ff7283eb-728,mapillary_503016854074357,mapillary,503016854074357,18.475801324544,73.862345543813,4,377,351,238,238,0.527,opencv_hough_v1,candidate,2026-09-08T16:59:03.360622+00:00
746052ad-52c,mapillary_503016854074357,mapillary,503016854074357,18.475801324544,73.862345543813,4,611,321,238,238,0.514,opencv_hough_v1,candidate,2026-09-08T16:59:03.367144+00:00
d472bd20-74c,mapillary_503016854074357,mapillary,503016854074357,18.475801324544,73.862345543813,4,486,258,178,178,0.457,opencv_hough_v1,candidate,2026-09-08T16:59:03.374051+00:00
56391369-30f,mapillary_503016854074357,mapillary,503016854074357,18.475801324544,73.862345543813,4,443,266,168,168,0.486,opencv_hough_v1,candidate,2026-09-08T16:59:03.380318+00:00
c548230b-481,mapillary_503016854074357,mapillary,503016854074357,18.475801324544,73.862345543813,4,736,258,162,162,0.608,opencv_hough_v1,candidate,2026-09-08T16:59:03.386091+00:00
f237d364-523,mapillary_503016854074357,mapillary,503016854074357,18.475801324544,73.862345543813,4,232,249,210,210,0.468,opencv_hough_v1,candidate,2026-09-08T16:59:03.392124+00:00
c1138bc1-4d2,mapillary_503016854074357,mapillary,503016854074357,18.475801324544,73.862345543813,4,329,260,186,186,0.488,opencv_hough_v1,candidate,2026-09-08T16:59:03.398452+00:00
ba58854d-127,mapillary_503016854074357,mapillary,503016854074357,18.475801324544,73.862345543813,4,246,298,238,238,0.5,opencv_hough_v1,candidate,2026-09-08T16:59:03.405807+00:00
047f4380-342,mapillary_503016854074357,mapillary,503016854074357,18.475801324544,73.862345543813,4,681,148,238,238,0.527,opencv_hough_v1,candidate,2026-09-08T16:59:03.413232+00:00
af21a01f-782,mapillary_503016854074357,mapillary,503016854074357,18.475801324544,73.862345543813,4,687,355,218,218,0.555,opencv_hough_v1,candidate,2026-09-08T16:59:03.420014+00:00
7a3762dc-892,mapillary_503016854074357,mapillary,503016854074357,18.475801324544,73.862345543813,4,553,270,160,160,0.487,opencv_hough_v1,candidate,2026-09-08T16:59:03.425866+00:00
d987f447-a62,mapillary_503016854074357,mapillary,503016854074357,18.475801324544,73.862345543813,4,42,412,238,238,0.504,opencv_hough_v1,candidate,2026-09-08T16:59:03.431729+00:00
5d5f258a-91c,mapillary_503016854074357,mapillary,503016854074357,18.475801324544,73.862345543813,4,68,446,238,238,0.509,opencv_hough_v1,candidate,2026-09-08T16:59:03.438087+00:00
df9e5c75-c81,mapillary_503016854074357,mapillary,503016854074357,18.475801324544,73.862345543813,4,78,295,238,238,0.459,opencv_hough_v1,candidate,2026-09-08T16:59:03.443999+00:00
3b93de81-c15,mapillary_503016854074357,mapillary,503016854074357,18.475801324544,73.862345543813,4,206,282,238,238,0.48,opencv_hough_v1,candidate,2026-09-08T16:59:03.450492+00:00
3e0e6fde-297,mapillary_503016854074357,mapillary,503016854074357,18.475801324544,73.862345543813,4,418,392,238,238,0.529,opencv_hough_v1,candidate,2026-09-08T16:59:03.457733+00:00
f6b87b2d-864,mapillary_503016854074357,mapillary,503016854074357,18.475801324544,73.862345543813,4,196,354,226,226,0.531,opencv_hough_v1,candidate,2026-09-08T16:59:03.465354+00:00
a58c5801-967,mapillary_503016854074357,mapillary,503016854074357,18.475801324544,73.862345543813,4,789,352,212,212,0.559,opencv_hough_v1,candidate,2026-09-08T16:59:03.472068+00:00
caffefea-98f,mapillary_503016854074357,mapillary,503016854074357,18.475801324544,73.862345543813,4,326,349,238,238,0.538,opencv_hough_v1,candidate,2026-09-08T16:59:03.478849+00:00
03fc73f8-bde,mapillary_503016854074357,mapillary,503016854074357,18.475801324544,73.862345543813,4,46,259,238,238,0.458,opencv_hough_v1,candidate,2026-09-08T16:59:03.485840+00:00
eb5c4dd4-cb6,mapillary_503016854074357,mapillary,503016854074357,18.475801324544,73.862345543813,4,380,399,238,238,0.532,opencv_hough_v1,candidate,2026-09-08T16:59:03.493103+00:00
0d3515f3-bec,mapillary_503016854074357,mapillary,503016854074357,18.475801324544,73.862345543813,4,492,367,238,238,0.513,opencv_hough_v1,candidate,2026-09-08T16:59:03.499422+00:00
b89c6bd2-fb2,mapillary_503016854074357,mapillary,503016854074357,18.475801324544,73.862345543813,4,154,375,238,238,0.524,opencv_hough_v1,candidate,2026-09-08T16:59:03.505571+00:00
fc12c57d-f8f,mapillary_503016854074357,mapillary,503016854074357,18.475801324544,73.862345543813,4,118,263,212,212,0.464,opencv_hough_v1,candidate,2026-09-08T16:59:03.513279+00:00
681ac1b1-9fd,mapillary_503016854074357,mapillary,503016854074357,18.475801324544,73.862345543813,4,283,268,188,188,0.503,opencv_hough_v1,candidate,2026-09-08T16:59:03.519202+00:00
34ac18b4-5f2,mapillary_503016854074357,mapillary,503016854074357,18.475801324544,73.862345543813,4,656,278,138,138,0.579,opencv_hough_v1,candidate,2026-09-08T16:59:03.525052+00:00
8b8f9d0e-345,mapillary_503016854074357,mapillary,503016854074357,18.475801324544,73.862345543813,4,94,398,238,238,0.513,opencv_hough_v1,candidate,2026-09-08T16:59:03.531163+00:00
144157de-660,mapillary_503016854074357,mapillary,503016854074357,18.475801324544,73.862345543813,4,123,316,238,238,0.49,opencv_hough_v1,candidate,2026-09-08T16:59:03.537541+00:00
fbb67de1-5e5,mapillary_503016854074357,mapillary,503016854074357,18.475801324544,73.862345543813,4,413,340,238,238,0.513,opencv_hough_v1,candidate,2026-09-08T16:59:03.543469+00:00
3ea099e0-aae,mapillary_503016854074357,mapillary,503016854074357,18.475801324544,73.862345543813,4,153,339,238,238,0.511,opencv_hough_v1,candidate,2026-09-08T16:59:03.549693+00:00
2b8485ad-46f,mapillary_503016854074357,mapillary,503016854074357,18.475801324544,73.862345543813,4,705,362,238,238,0.514,opencv_hough_v1,candidate,2026-09-08T16:59:03.556661+00:00
b3707fcc-e57,mapillary_503016854074357,mapillary,503016854074357,18.475801324544,73.862345543813,4,382,283,154,154,0.521,opencv_hough_v1,candidate,2026-09-08T16:59:03.563625+00:00
205e8a46-203,mapillary_503016854074357,mapillary,503016854074357,18.475801324544,73.862345543813,4,149,286,202,202,0.486,opencv_hough_v1,candidate,2026-09-08T16:59:03.569678+00:00
af4dfdf5-e9e,mapillary_503016854074357,mapillary,503016854074357,18.475801324544,73.862345543813,4,6,308,238,238,0.476,opencv_hough_v1,candidate,2026-09-08T16:59:03.575497+00:00
d9bf276b-bf2,mapillary_503016854074357,mapillary,503016854074357,18.475801324544,73.862345543813,4,726,142,238,238,0.527,opencv_hough_v1,candidate,2026-09-08T16:59:03.581918+00:00
52c15437-d39,mapillary_503016854074357,mapillary,503016854074357,18.475801324544,73.862345543813,4,249,351,238,238,0.528,opencv_hough_v1,candidate,2026-09-08T16:59:03.587638+00:00
399d3881-b2b,mapillary_503016854074357,mapillary,503016854074357,18.475801324544,73.862345543813,4,80,367,238,238,0.499,opencv_hough_v1,candidate,2026-09-08T16:59:03.593694+00:00
aa3025e1-f3e,mapillary_503016854074357,mapillary,503016854074357,18.475801324544,73.862345543813,4,262,528,238,238,0.442,opencv_hough_v1,candidate,2026-09-08T16:59:03.599559+00:00
995305be-e38,mapillary_503016854074357,mapillary,503016854074357,18.475801324544,73.862345543813,4,813,324,211,220,0.525,opencv_hough_v1,candidate,2026-09-08T16:59:03.606915+00:00
17c0a480-759,mapillary_503016854074357,mapillary,503016854074357,18.475801324544,73.862345543813,4,125,440,214,214,0.542,opencv_hough_v1,candidate,2026-09-08T16:59:03.615886+00:00
583a6768-0b3,mapillary_503016854074357,mapillary,503016854074357,18.475801324544,73.862345543813,4,103,290,186,186,0.49,opencv_hough_v1,candidate,2026-09-08T16:59:03.623219+00:00
5539b234-d4a,mapillary_503016854074357,mapillary,503016854074357,18.475801324544,73.862345543813,4,83,534,210,210,0.507,opencv_hough_v1,candidate,2026-09-08T16:59:03.629939+00:00
332aa042-841,mapillary_503016854074357,mapillary,503016854074357,18.475801324544,73.862345543813,4,219,405,236,236,0.524,opencv_hough_v1,candidate,2026-09-08T16:59:03.636810+00:00
e7d35614-87e,mapillary_503016854074357,mapillary,503016854074357,18.475801324544,73.862345543813,4,282,256,148,148,0.499,opencv_hough_v1,candidate,2026-09-08T16:59:03.642879+00:00
319ebebd-651,mapillary_503016854074357,mapillary,503016854074357,18.475801324544,73.862345543813,4,222,337,238,238,0.521,opencv_hough_v1,candidate,2026-09-08T16:59:03.648772+00:00
9f2cf4f7-5da,mapillary_503016854074357,mapillary,503016854074357,18.475801324544,73.862345543813,4,300,366,238,238,0.545,opencv_hough_v1,candidate,2026-09-08T16:59:03.655684+00:00
bf8c56ef-3bb,mapillary_503016854074357,mapillary,503016854074357,18.475801324544,73.862345543813,4,596,381,238,238,0.521,opencv_hough_v1,candidate,2026-09-08T16:59:03.663703+00:00
67597dff-c0e,mapillary_503016854074357,mapillary,503016854074357,18.475801324544,73.862345543813,4,533,475,238,238,0.5,opencv_hough_v1,candidate,2026-09-08T16:59:03.670938+00:00
41c73170-93f,mapillary_503016854074357,mapillary,503016854074357,18.475801324544,73.862345543813,4,0,351,238,238,0.478,opencv_hough_v1,candidate,2026-09-08T16:59:03.677300+00:00
304248a7-84a,mapillary_503016854074357,mapillary,503016854074357,18.475801324544,73.862345543813,4,646,317,180,180,0.566,opencv_hough_v1,candidate,2026-09-08T16:59:03.683712+00:00
35fd20ef-b0f,mapillary_503016854074357,mapillary,503016854074357,18.475801324544,73.862345543813,4,140,519,172,172,0.565,opencv_hough_v1,candidate,2026-09-08T16:59:03.690090+00:00
65141f36-0e4,mapillary_503016854074357,mapillary,503016854074357,18.475801324544,73.862345543813,4,725,253,132,132,0.618,opencv_hough_v1,candidate,2026-09-08T16:59:03.696040+00:00
078dbc4f-7ba,mapillary_503016854074357,mapillary,503016854074357,18.475801324544,73.862345543813,4,887,277,118,118,0.574,opencv_hough_v1,candidate,2026-09-08T16:59:03.702171+00:00
3c234bb3-0ce,mapillary_503016854074357,mapillary,503016854074357,18.475801324544,73.862345543813,4,410,314,170,170,0.542,opencv_hough_v1,candidate,2026-09-08T16:59:03.709022+00:00
d3e4b00d-946,mapillary_503016854074357,mapillary,503016854074357,18.475801324544,73.862345543813,4,38,310,238,238,0.469,opencv_hough_v1,candidate,2026-09-08T16:59:03.715577+00:00
ec9cec5b-f58,mapillary_503016854074357,mapillary,503016854074357,18.475801324544,73.862345543813,4,188,318,228,228,0.512,opencv_hough_v1,candidate,2026-09-08T16:59:03.721643+00:00
e83dc24d-6e1,mapillary_503016854074357,mapillary,503016854074357,18.475801324544,73.862345543813,4,41,249,196,196,0.504,opencv_hough_v1,candidate,2026-09-08T16:59:03.727452+00:00
ded04d8b-2ad,mapillary_503016854074357,mapillary,503016854074357,18.475801324544,73.862345543813,4,330,302,162,162,0.539,opencv_hough_v1,candidate,2026-09-08T16:59:03.733299+00:00
6cca01b8-8c3,mapillary_503016854074357,mapillary,503016854074357,18.475801324544,73.862345543813,4,549,257,128,128,0.47,opencv_hough_v1,candidate,2026-09-08T16:59:03.739080+00:00
a614a333-c8a,mapillary_503016854074357,mapillary,503016854074357,18.475801324544,73.862345543813,4,191,386,238,238,0.52,opencv_hough_v1,candidate,2026-09-08T16:59:03.745080+00:00
a90f44a3-0c1,mapillary_503016854074357,mapillary,503016854074357,18.475801324544,73.862345543813,4,276,397,238,238,0.537,opencv_hough_v1,candidate,2026-09-08T16:59:03.752961+00:00
89b162a4-3bb,mapillary_503016854074357,mapillary,503016854074357,18.475801324544,73.862345543813,4,691,265,122,122,0.587,opencv_hough_v1,candidate,2026-09-08T16:59:03.760372+00:00
ea10a571-86e,mapillary_503016854074357,mapillary,503016854074357,18.475801324544,73.862345543813,4,342,378,238,238,0.539,opencv_hough_v1,candidate,2026-09-08T16:59:03.766360+00:00
9afe4004-a7f,mapillary_503016854074357,mapillary,503016854074357,18.475801324544,73.862345543813,4,660,256,122,122,0.561,opencv_hough_v1,candidate,2026-09-08T16:59:03.772136+00:00
93203047-88d,mapillary_503016854074357,mapillary,503016854074357,18.475801324544,73.862345543813,4,789,264,112,112,0.619,opencv_hough_v1,candidate,2026-09-08T16:59:03.777981+00:00
911e1b8d-c80,mapillary_503016854074357,mapillary,503016854074357,18.475801324544,73.862345543813,4,776,295,154,154,0.583,opencv_hough_v1,candidate,2026-09-08T16:59:03.784318+00:00
71695781-060,mapillary_503016854074357,mapillary,503016854074357,18.475801324544,73.862345543813,4,527,507,238,238,0.495,opencv_hough_v1,candidate,2026-09-08T16:59:03.790350+00:00
3fa50038-32a,mapillary_503016854074357,mapillary,503016854074357,18.475801324544,73.862345543813,4,662,365,204,204,0.569,opencv_hough_v1,candidate,2026-09-08T16:59:03.796215+00:00
d4cb6b27-8f8,mapillary_503016854074357,mapillary,503016854074357,18.475801324544,73.862345543813,4,631,291,128,128,0.538,opencv_hough_v1,candidate,2026-09-08T16:59:03.803391+00:00
428e7c48-9d5,mapillary_503016854074357,mapillary,503016854074357,18.475801324544,73.862345543813,4,47,547,202,202,0.499,opencv_hough_v1,candidate,2026-09-08T16:59:03.810217+00:00
b9c8d630-836,mapillary_503016854074357,mapillary,503016854074357,18.475801324544,73.862345543813,4,0,330,238,238,0.473,opencv_hough_v1,candidate,2026-09-08T16:59:03.816322+00:00
94ec3701-5a7,mapillary_503016854074357,mapillary,503016854074357,18.475801324544,73.862345543813,4,479,410,212,212,0.554,opencv_hough_v1,candidate,2026-09-08T16:59:03.822710+00:00
f04e08e0-74b,mapillary_503016854074357,mapillary,503016854074357,18.475801324544,73.862345543813,4,0,289,238,238,0.474,opencv_hough_v1,candidate,2026-09-08T16:59:03.829167+00:00
e78865e8-e36,mapillary_503016854074357,mapillary,503016854074357,18.475801324544,73.862345543813,4,540,334,160,160,0.531,opencv_hough_v1,candidate,2026-09-08T16:59:03.835480+00:00
2075c808-cd8,mapillary_503016854074357,mapillary,503016854074357,18.475801324544,73.862345543813,4,251,142,238,238,0.452,opencv_hough_v1,candidate,2026-09-08T16:59:03.842173+00:00
8b845eab-e30,mapillary_503016854074357,mapillary,503016854074357,18.475801324544,73.862345543813,4,856,268,118,118,0.578,opencv_hough_v1,candidate,2026-09-08T16:59:03.848786+00:00
72bb3a36-d7c,mapillary_503016854074357,mapillary,503016854074357,18.475801324544,73.862345543813,4,476,535,226,226,0.501,opencv_hough_v1,candidate,2026-09-08T16:59:03.856260+00:00
04dde4b4-12e,mapillary_503016854074357,mapillary,503016854074357,18.475801324544,73.862345543813,4,386,519,196,196,0.511,opencv_hough_v1,candidate,2026-09-08T16:59:03.862676+00:00
b5c7defb-31d,mapillary_503016854074357,mapillary,503016854074357,18.475801324544,73.862345543813,4,404,422,238,238,0.526,opencv_hough_v1,candidate,2026-09-08T16:59:03.869161+00:00
114fba76-c98,mapillary_503016854074357,mapillary,503016854074357,18.475801324544,73.862345543813,4,0,360,238,238,0.474,opencv_hough_v1,candidate,2026-09-08T16:59:03.875246+00:00
1062beb0-3ea,mapillary_503016854074357,mapillary,503016854074357,18.475801324544,73.862345543813,4,57,369,196,196,0.531,opencv_hough_v1,candidate,2026-09-08T16:59:03.881127+00:00
279c29f8-465,mapillary_503016854074357,mapillary,503016854074357,18.475801324544,73.862345543813,4,180,268,130,130,0.54,opencv_hough_v1,candidate,2026-09-08T16:59:03.887236+00:00
6d3d4114-f74,mapillary_503016854074357,mapillary,503016854074357,18.475801324544,73.862345543813,4,218,270,120,120,0.523,opencv_hough_v1,candidate,2026-09-08T16:59:03.894568+00:00
8758447d-e06,mapillary_503016854074357,mapillary,503016854074357,18.475801324544,73.862345543813,4,408,257,110,110,0.515,opencv_hough_v1,candidate,2026-09-08T16:59:03.903064+00:00
656cdc54-c4a,mapillary_503016854074357,mapillary,503016854074357,18.475801324544,73.862345543813,4,308,423,238,238,0.518,opencv_hough_v1,candidate,2026-09-08T16:59:03.910401+00:00
605f1bc4-665,mapillary_503016854074357,mapillary,503016854074357,18.475801324544,73.862345543813,4,245,555,204,204,0.462,opencv_hough_v1,candidate,2026-09-08T16:59:03.916468+00:00
aeeed5e5-223,mapillary_503016854074357,mapillary,503016854074357,18.475801324544,73.862345543813,4,192,538,202,202,0.483,opencv_hough_v1,candidate,2026-09-08T16:59:03.922682+00:00
6114af1d-e25,mapillary_503016854074357,mapillary,503016854074357,18.475801324544,73.862345543813,4,239,390,202,202,0.577,opencv_hough_v1,candidate,2026-09-08T16:59:03.928759+00:00
357f46b4-1fe,mapillary_503016854074357,mapillary,503016854074357,18.475801324544,73.862345543813,4,230,518,194,194,0.486,opencv_hough_v1,candidate,2026-09-08T16:59:03.935154+00:00
17f25a32-f35,mapillary_503016854074357,mapillary,503016854074357,18.475801324544,73.862345543813,4,329,269,132,132,0.486,opencv_hough_v1,candidate,2026-09-08T16:59:03.940923+00:00
a205e36f-5f8,mapillary_503016854074357,mapillary,503016854074357,18.475801324544,73.862345543813,4,423,534,238,234,0.484,opencv_hough_v1,candidate,2026-09-08T16:59:03.946982+00:00
3187bbfb-786,mapillary_503016854074357,mapillary,503016854074357,18.475801324544,73.862345543813,4,564,379,172,172,0.58,opencv_hough_v1,candidate,2026-09-08T16:59:03.953372+00:00
bc1a22a9-76e,mapillary_503016854074357,mapillary,503016854074357,18.475801324544,73.862345543813,4,246,390,238,238,0.532,opencv_hough_v1,candidate,2026-09-08T16:59:03.959899+00:00
7ec38387-44e,mapillary_503016854074357,mapillary,503016854074357,18.475801324544,73.862345543813,4,3,232,194,194,0.506,opencv_hough_v1,candidate,2026-09-08T16:59:03.966752+00:00
c935aa34-a5c,mapillary_503016854074357,mapillary,503016854074357,18.475801324544,73.862345543813,4,668,402,196,196,0.567,opencv_hough_v1,candidate,2026-09-08T16:59:03.973607+00:00
fedca71d-8fe,mapillary_503016854074357,mapillary,503016854074357,18.475801324544,73.862345543813,4,859,377,164,164,0.594,opencv_hough_v1,candidate,2026-09-08T16:59:03.980038+00:00
94f9996c-934,mapillary_503016854074357,mapillary,503016854074357,18.475801324544,73.862345543813,4,17,176,238,238,0.45,opencv_hough_v1,candidate,2026-09-08T16:59:03.986557+00:00
7674477b-076,mapillary_503016854074357,mapillary,503016854074357,18.475801324544,73.862345543813,4,0,537,190,190,0.481,opencv_hough_v1,candidate,2026-09-08T16:59:03.992294+00:00
9d1eb146-862,mapillary_503016854074357,mapillary,503016854074357,18.475801324544,73.862345543813,4,300,526,236,236,0.45,opencv_hough_v1,candidate,2026-09-08T16:59:03.999302+00:00
d25cf30a-24c,mapillary_503016854074357,mapillary,503016854074357,18.475801324544,73.862345543813,4,506,421,214,214,0.549,opencv_hough_v1,candidate,2026-09-08T16:59:04.006320+00:00
589b16aa-a86,mapillary_503016854074357,mapillary,503016854074357,18.475801324544,73.862345543813,4,834,320,128,128,0.554,opencv_hough_v1,candidate,2026-09-08T16:59:04.012691+00:00
28dca376-0f1,mapillary_503016854074357,mapillary,503016854074357,18.475801324544,73.862345543813,4,132,386,206,206,0.552,opencv_hough_v1,candidate,2026-09-08T16:59:04.019305+00:00
288e47a0-92c,mapillary_503016854074357,mapillary,503016854074357,18.475801324544,73.862345543813,4,615,353,132,132,0.574,opencv_hough_v1,candidate,2026-09-08T16:59:04.025189+00:00
6284a35e-e80,mapillary_503016854074357,mapillary,503016854074357,18.475801324544,73.862345543813,4,562,499,238,238,0.493,opencv_hough_v1,candidate,2026-09-08T16:59:04.031730+00:00
e8886587-53c,mapillary_503016854074357,mapillary,503016854074357,18.475801324544,73.862345543813,4,161,343,132,132,0.525,opencv_hough_v1,candidate,2026-09-08T16:59:04.037561+00:00
74a31c52-7ea,mapillary_503016854074357,mapillary,503016854074357,18.475801324544,73.862345543813,4,881,321,118,118,0.533,opencv_hough_v1,candidate,2026-09-08T16:59:04.044195+00:00
3019d19c-9fa,mapillary_503016854074357,mapillary,503016854074357,18.475801324544,73.862345543813,4,609,259,106,106,0.485,opencv_hough_v1,candidate,2026-09-08T16:59:04.053944+00:00
164f9c20-ef1,mapillary_503016854074357,mapillary,503016854074357,18.475801324544,73.862345543813,4,443,424,226,226,0.54,opencv_hough_v1,candidate,2026-09-08T16:59:04.061147+00:00
2250ddb0-fc8,mapillary_503016854074357,mapillary,503016854074357,18.475801324544,73.862345543813,4,214,566,202,202,0.465,opencv_hough_v1,candidate,2026-09-08T16:59:04.067467+00:00
06f9a65a-a2f,mapillary_503016854074357,mapillary,503016854074357,18.475801324544,73.862345543813,4,134,553,168,168,0.547,opencv_hough_v1,candidate,2026-09-08T16:59:04.072967+00:00
90d401b4-f93,mapillary_503016854074357,mapillary,503016854074357,18.475801324544,73.862345543813,4,465,263,110,110,0.497,opencv_hough_v1,candidate,2026-09-08T16:59:04.078902+00:00
d2379c7c-418,mapillary_503016854074357,mapillary,503016854074357,18.475801324544,73.862345543813,4,577,473,184,184,0.556,opencv_hough_v1,candidate,2026-09-08T16:59:04.085144+00:00
41215c5d-ca0,mapillary_503016854074357,mapillary,503016854074357,18.475801324544,73.862345543813,4,831,188,168,168,0.641,opencv_hough_v1,candidate,2026-09-08T16:59:04.091982+00:00
1b884019-318,mapillary_503016854074357,mapillary,503016854074357,18.475801324544,73.862345543813,4,352,533,198,198,0.496,opencv_hough_v1,candidate,2026-09-08T16:59:04.099354+00:00
fe73a1f9-5cd,mapillary_503016854074357,mapillary,503016854074357,18.475801324544,73.862345543813,4,500,560,238,208,0.49,opencv_hough_v1,candidate,2026-09-08T16:59:04.106250+00:00
9b51a316-d5e,mapillary_503016854074357,mapillary,503016854074357,18.475801324544,73.862345543813,4,558,535,238,233,0.496,opencv_hough_v1,candidate,2026-09-08T16:59:04.112807+00:00
b658d4f2-c1b,mapillary_503016854074357,mapillary,503016854074357,18.475801324544,73.862345543813,4,6,163,212,212,0.492,opencv_hough_v1,candidate,2026-09-08T16:59:04.120233+00:00
97ffd3b7-ae1,mapillary_503016854074357,mapillary,503016854074357,18.475801324544,73.862345543813,4,11,463,178,178,0.56,opencv_hough_v1,candidate,2026-09-08T16:59:04.127832+00:00
00815e88-a2d,mapillary_503016854074357,mapillary,503016854074357,18.475801324544,73.862345543813,4,753,402,238,238,0.487,opencv_hough_v1,candidate,2026-09-08T16:59:04.134561+00:00
1ef0f017-248,mapillary_503016854074357,mapillary,503016854074357,18.475801324544,73.862345543813,4,0,351,220,220,0.494,opencv_hough_v1,candidate,2026-09-08T16:59:04.141459+00:00
60c80a16-5f2,mapillary_503016854074357,mapillary,503016854074357,18.475801324544,73.862345543813,4,263,519,196,196,0.475,opencv_hough_v1,candidate,2026-09-08T16:59:04.148227+00:00
56547a97-114,mapillary_503016854074357,mapillary,503016854074357,18.475801324544,73.862345543813,4,80,524,178,178,0.54,opencv_hough_v1,candidate,2026-09-08T16:59:04.156475+00:00
e15978b8-e9f,mapillary_503016854074357,mapillary,503016854074357,18.475801324544,73.862345543813,4,709,321,112,112,0.578,opencv_hough_v1,candidate,2026-09-08T16:59:04.164536+00:00
90693e51-ff5,mapillary_503016854074357,mapillary,503016854074357,18.475801324544,73.862345543813,4,19,419,162,162,0.581,opencv_hough_v1,candidate,2026-09-08T16:59:04.170991+00:00
e7ee589e-09e,mapillary_503016854074357,mapillary,503016854074357,18.475801324544,73.862345543813,4,3,274,160,160,0.552,opencv_hough_v1,candidate,2026-09-08T16:59:04.176964+00:00
974ef75f-bc7,mapillary_503016854074357,mapillary,503016854074357,18.475801324544,73.862345543813,4,466,168,180,180,0.542,opencv_hough_v1,candidate,2026-09-08T16:59:04.183277+00:00
94aca839-6fd,mapillary_503016854074357,mapillary,503016854074357,18.475801324544,73.862345543813,4,837,399,164,164,0.608,opencv_hough_v1,candidate,2026-09-08T16:59:04.189021+00:00
4e0d3987-ad2,mapillary_503016854074357,mapillary,503016854074357,18.475801324544,73.862345543813,4,59,542,154,154,0.537,opencv_hough_v1,candidate,2026-09-08T16:59:04.194908+00:00
1521fd66-cb8,mapillary_503016854074357,mapillary,503016854074357,18.475801324544,73.862345543813,4,609,463,168,168,0.577,opencv_hough_v1,candidate,2026-09-08T16:59:04.201147+00:00
1d9c66bd-a3f,mapillary_503016854074357,mapillary,503016854074357,18.475801324544,73.862345543813,4,310,231,138,138,0.482,opencv_hough_v1,candidate,2026-09-08T16:59:04.208824+00:00
50a3d2d6-728,mapillary_503016854074357,mapillary,503016854074357,18.475801324544,73.862345543813,4,499,314,114,114,0.471,opencv_hough_v1,candidate,2026-09-08T16:59:04.216995+00:00
089e1b0a-2d9,mapillary_503016854074357,mapillary,503016854074357,18.475801324544,73.862345543813,4,131,271,106,106,0.524,opencv_hough_v1,candidate,2026-09-08T16:59:04.223469+00:00
06b179dd-73b,mapillary_503016854074357,mapillary,503016854074357,18.475801324544,73.862345543813,4,501,500,226,226,0.51,opencv_hough_v1,candidate,2026-09-08T16:59:04.230037+00:00
132fa506-788,mapillary_503016854074357,mapillary,503016854074357,18.475801324544,73.862345543813,4,702,423,222,222,0.517,opencv_hough_v1,candidate,2026-09-08T16:59:04.236336+00:00
c4d1d9d2-272,mapillary_503016854074357,mapillary,503016854074357,18.475801324544,73.862345543813,4,273,451,218,218,0.516,opencv_hough_v1,candidate,2026-09-08T16:59:04.242878+00:00
bb282612-0e0,mapillary_503016854074357,mapillary,503016854074357,18.475801324544,73.862345543813,4,792,397,218,218,0.495,opencv_hough_v1,candidate,2026-09-08T16:59:04.249391+00:00
11fade30-4ea,mapillary_503016854074357,mapillary,503016854074357,18.475801324544,73.862345543813,4,9,208,172,172,0.55,opencv_hough_v1,candidate,2026-09-08T16:59:04.257388+00:00
f534ee50-5af,mapillary_503016854074357,mapillary,503016854074357,18.475801324544,73.862345543813,4,0,508,238,238,0.438,opencv_hough_v1,candidate,2026-09-08T16:59:04.265347+00:00
d5c8447e-211,mapillary_503016854074357,mapillary,503016854074357,18.475801324544,73.862345543813,4,428,172,172,172,0.549,opencv_hough_v1,candidate,2026-09-08T16:59:04.272110+00:00
a1c43436-3af,mapillary_503016854074357,mapillary,503016854074357,18.475801324544,73.862345543813,4,823,259,104,104,0.618,opencv_hough_v1,candidate,2026-09-08T16:59:04.279652+00:00
941021dd-bba,mapillary_503016854074357,mapillary,503016854074357,18.475801324544,73.862345543813,4,720,532,234,234,0.462,opencv_hough_v1,candidate,2026-09-08T16:59:04.286795+00:00
d089223c-4fd,mapillary_503016854074357,mapillary,503016854074357,18.475801324544,73.862345543813,4,847,309,78,78,0.51,opencv_hough_v1,candidate,2026-09-08T16:59:04.293526+00:00
d69263a7-178,mapillary_503016854074357,mapillary,503016854074357,18.475801324544,73.862345543813,4,410,348,110,110,0.555,opencv_hough_v1,candidate,2026-09-08T16:59:04.300279+00:00
c802b0c9-7f2,mapillary_503016854074357,mapillary,503016854074357,18.475801324544,73.862345543813,4,0,572,168,168,0.489,opencv_hough_v1,candidate,2026-09-08T16:59:04.307189+00:00
9d34fdbb-d43,mapillary_503016854074357,mapillary,503016854074357,18.475801324544,73.862345543813,4,648,190,148,148,0.618,opencv_hough_v1,candidate,2026-09-08T16:59:04.315671+00:00
e4381597-791,mapillary_503016854074357,mapillary,503016854074357,18.475801324544,73.862345543813,4,595,535,230,230,0.5,opencv_hough_v1,candidate,2026-09-08T16:59:04.325477+00:00
772e52a6-17e,mapillary_503016854074357,mapillary,503016854074357,18.475801324544,73.862345543813,4,538,551,210,210,0.522,opencv_hough_v1,candidate,2026-09-08T16:59:04.333555+00:00
9afef33b-f23,mapillary_503016854074357,mapillary,503016854074357,18.475801324544,73.862345543813,4,678,449,198,198,0.538,opencv_hough_v1,candidate,2026-09-08T16:59:04.342564+00:00
defb2204-5d8,mapillary_503016854074357,mapillary,503016854074357,18.475801324544,73.862345543813,4,666,524,238,238,0.468,opencv_hough_v1,candidate,2026-09-08T16:59:04.350916+00:00
81221ff3-4d8,mapillary_503016854074357,mapillary,503016854074357,18.475801324544,73.862345543813,4,463,533,186,186,0.544,opencv_hough_v1,candidate,2026-09-08T16:59:04.359948+00:00
893261bb-5d0,mapillary_503016854074357,mapillary,503016854074357,18.475801324544,73.862345543813,4,106,600,154,154,0.552,opencv_hough_v1,candidate,2026-09-08T16:59:04.366580+00:00
758c2366-3bf,mapillary_503016854074357,mapillary,503016854074357,18.475801324544,73.862345543813,4,2,528,136,136,0.525,opencv_hough_v1,candidate,2026-09-08T16:59:04.373119+00:00
15e96ba4-222,mapillary_503016854074357,mapillary,503016854074357,18.475801324544,73.862345543813,4,207,298,122,122,0.535,opencv_hough_v1,candidate,2026-09-08T16:59:04.381605+00:00
e1364c1b-b76,mapillary_503016854074357,mapillary,503016854074357,18.475801324544,73.862345543813,4,42,587,146,146,0.535,opencv_hough_v1,candidate,2026-09-08T16:59:04.388729+00:00
0743da28-532,mapillary_503016854074357,mapillary,503016854074357,18.475801324544,73.862345543813,4,621,388,122,122,0.586,opencv_hough_v1,candidate,2026-09-08T16:59:04.395367+00:00
aec20b56-c1e,mapillary_503016854074357,mapillary,503016854074357,18.475801324544,73.862345543813,4,4,266,118,118,0.588,opencv_hough_v1,candidate,2026-09-08T16:59:04.401566+00:00
67b2ed4b-af2,mapillary_503016854074357,mapillary,503016854074357,18.475801324544,73.862345543813,4,525,326,118,118,0.481,opencv_hough_v1,candidate,2026-09-08T16:59:04.407884+00:00
c47f16a7-b35,mapillary_503016854074357,mapillary,503016854074357,18.475801324544,73.862345543813,4,300,525,190,190,0.48,opencv_hough_v1,candidate,2026-09-08T16:59:04.414639+00:00
22cfbf2a-fd3,mapillary_503016854074357,mapillary,503016854074357,18.475801324544,73.862345543813,4,172,440,162,162,0.613,opencv_hough_v1,candidate,2026-09-08T16:59:04.420481+00:00
aa8fc501-07f,mapillary_503016854074357,mapillary,503016854074357,18.475801324544,73.862345543813,4,476,334,102,102,0.474,opencv_hough_v1,candidate,2026-09-08T16:59:04.426821+00:00
a5b366f8-ed7,mapillary_503016854074357,mapillary,503016854074357,18.475801324544,73.862345543813,4,503,258,96,96,0.458,opencv_hough_v1,candidate,2026-09-08T16:59:04.433719+00:00
83a550f8-847,mapillary_503016854074357,mapillary,503016854074357,18.475801324544,73.862345543813,4,920,265,88,88,0.576,opencv_hough_v1,candidate,2026-09-08T16:59:04.439440+00:00
23035ac6-7c7,mapillary_503016854074357,mapillary,503016854074357,18.475801324544,73.862345543813,4,0,357,234,234,0.478,opencv_hough_v1,candidate,2026-09-08T16:59:04.445559+00:00
c2e19d6e-58c,mapillary_503016854074357,mapillary,503016854074357,18.475801324544,73.862345543813,4,56,461,148,148,0.632,opencv_hough_v1,candidate,2026-09-08T16:59:04.451290+00:00
08d78f49-046,mapillary_503016854074357,mapillary,503016854074357,18.475801324544,73.862345543813,4,919,361,86,86,0.481,opencv_hough_v1,candidate,2026-09-08T16:59:04.456896+00:00
a64e8470-266,mapillary_503016854074357,mapillary,503016854074357,18.475801324544,73.862345543813,4,476,579,184,184,0.534,opencv_hough_v1,candidate,2026-09-08T16:59:04.462865+00:00
515f8fe0-572,mapillary_503016854074357,mapillary,503016854074357,18.475801324544,73.862345543813,4,0,358,170,170,0.527,opencv_hough_v1,candidate,2026-09-08T16:59:04.469611+00:00
940ccf93-3b7,mapillary_503016854074357,mapillary,503016854074357,18.475801324544,73.862345543813,4,68,328,148,148,0.513,opencv_hough_v1,candidate,2026-09-08T16:59:04.476833+00:00
cc3438dc-74e,mapillary_503016854074357,mapillary,503016854074357,18.475801324544,73.862345543813,4,655,257,78,78,0.511,opencv_hough_v1,candidate,2026-09-08T16:59:04.483977+00:00
9d3f13d2-5dd,mapillary_503016854074357,mapillary,503016854074357,18.475801324544,73.862345543813,4,814,526,210,214,0.447,opencv_hough_v1,candidate,2026-09-08T16:59:04.491560+00:00
73ec2949-9be,mapillary_503016854074357,mapillary,503016854074357,18.475801324544,73.862345543813,4,95,422,144,144,0.624,opencv_hough_v1,candidate,2026-09-08T16:59:04.498754+00:00
8e43c835-623,mapillary_503016854074357,mapillary,503016854074357,18.475801324544,73.862345543813,4,619,474,98,98,0.58,opencv_hough_v1,candidate,2026-09-08T16:59:04.504272+00:00
3d2e35ae-700,mapillary_503016854074357,mapillary,503016854074357,18.475801324544,73.862345543813,4,154,620,122,122,0.551,opencv_hough_v1,candidate,2026-09-08T16:59:04.510736+00:00
e152d7ab-b3c,mapillary_503016854074357,mapillary,503016854074357,18.475801324544,73.862345543813,4,932,257,92,156,0.544,opencv_hough_v1,candidate,2026-09-08T16:59:04.516494+00:00
e2e07755-98d,mapillary_503016854074357,mapillary,503016854074357,18.475801324544,73.862345543813,4,63,531,120,120,0.535,opencv_hough_v1,candidate,2026-09-08T16:59:04.522221+00:00
aefe1c6a-3c7,mapillary_503016854074357,mapillary,503016854074357,18.475801324544,73.862345543813,4,195,530,120,120,0.592,opencv_hough_v1,candidate,2026-09-08T16:59:04.529856+00:00
bcf4c78f-073,mapillary_503016854074357,mapillary,503016854074357,18.475801324544,73.862345543813,4,392,280,74,74,0.436,opencv_hough_v1,candidate,2026-09-08T16:59:04.536638+00:00
4ff1dc36-989,mapillary_503016854074357,mapillary,503016854074357,18.475801324544,73.862345543813,4,85,621,236,147,0.447,opencv_hough_v1,candidate,2026-09-08T16:59:04.542826+00:00
02576004-174,mapillary_503016854074357,mapillary,503016854074357,18.475801324544,73.862345543813,4,182,264,88,88,0.503,opencv_hough_v1,candidate,2026-09-08T16:59:04.549378+00:00
e36be0bf-9d7,mapillary_503016854074357,mapillary,503016854074357,18.475801324544,73.862345543813,4,0,563,198,198,0.458,opencv_hough_v1,candidate,2026-09-08T16:59:04.555450+00:00
44c09d14-cab,mapillary_503016854074357,mapillary,503016854074357,18.475801324544,73.862345543813,4,403,573,156,156,0.548,opencv_hough_v1,candidate,2026-09-08T16:59:04.561996+00:00
7dd69b3c-ac8,mapillary_503016854074357,mapillary,503016854074357,18.475801324544,73.862345543813,4,238,545,110,110,0.544,opencv_hough_v1,candidate,2026-09-08T16:59:04.567617+00:00
1ef65849-3a3,mapillary_503016854074357,mapillary,503016854074357,18.475801324544,73.862345543813,4,773,257,90,90,0.596,opencv_hough_v1,candidate,2026-09-08T16:59:04.574600+00:00
3c799ee8-a6a,mapillary_503016854074357,mapillary,503016854074357,18.475801324544,73.862345543813,4,33,640,122,122,0.526,opencv_hough_v1,candidate,2026-09-08T16:59:04.581734+00:00
54d16384-c7d,mapillary_503016854074357,mapillary,503016854074357,18.475801324544,73.862345543813,4,637,511,160,160,0.565,opencv_hough_v1,candidate,2026-09-08T16:59:04.588312+00:00
8ba38c6b-dfe,mapillary_503016854074357,mapillary,503016854074357,18.475801324544,73.862345543813,4,704,194,130,130,0.616,opencv_hough_v1,candidate,2026-09-08T16:59:04.593970+00:00
9f7e169e-260,mapillary_503016854074357,mapillary,503016854074357,18.475801324544,73.862345543813,4,75,429,120,120,0.61,opencv_hough_v1,candidate,2026-09-08T16:59:04.599802+00:00
27f191b1-caa,mapillary_503016854074357,mapillary,503016854074357,18.475801324544,73.862345543813,4,292,246,110,110,0.453,opencv_hough_v1,candidate,2026-09-08T16:59:04.605501+00:00
97a36fcc-4ce,mapillary_503016854074357,mapillary,503016854074357,18.475801324544,73.862345543813,4,237,262,70,70,0.448,opencv_hough_v1,candidate,2026-09-08T16:59:04.610965+00:00
fc6aafe9-a6f,mapillary_503016854074357,mapillary,503016854074357,18.475801324544,73.862345543813,4,931,275,93,184,0.485,opencv_hough_v1,candidate,2026-09-08T16:59:04.616701+00:00
2065dae8-541,mapillary_503016854074357,mapillary,503016854074357,18.475801324544,73.862345543813,4,0,349,146,146,0.527,opencv_hough_v1,candidate,2026-09-08T16:59:04.624109+00:00
5faacca8-898,mapillary_503016854074357,mapillary,503016854074357,18.475801324544,73.862345543813,4,263,621,140,140,0.518,opencv_hough_v1,candidate,2026-09-08T16:59:04.630821+00:00
9e0e43fc-86d,mapillary_503016854074357,mapillary,503016854074357,18.475801324544,73.862345543813,4,79,622,122,122,0.552,opencv_hough_v1,candidate,2026-09-08T16:59:04.636561+00:00
fb610feb-ae2,mapillary_503016854074357,mapillary,503016854074357,18.475801324544,73.862345543813,4,221,462,130,130,0.642,opencv_hough_v1,candidate,2026-09-08T16:59:04.642604+00:00
76e6c03e-b76,mapillary_503016854074357,mapillary,503016854074357,18.475801324544,73.862345543813,4,593,257,78,78,0.429,opencv_hough_v1,candidate,2026-09-08T16:59:04.648357+00:00
10a62d22-89a,mapillary_503016854074357,mapillary,503016854074357,18.475801324544,73.862345543813,4,44,648,220,120,0.467,opencv_hough_v1,candidate,2026-09-08T16:59:04.654063+00:00
3c417345-d3d,mapillary_503016854074357,mapillary,503016854074357,18.475801324544,73.862345543813,4,8,478,118,118,0.577,opencv_hough_v1,candidate,2026-09-08T16:59:04.660103+00:00
c67e51d4-fab,mapillary_503016854074357,mapillary,503016854074357,18.475801324544,73.862345543813,4,4,321,70,70,0.485,opencv_hough_v1,candidate,2026-09-08T16:59:04.667285+00:00
f28d5190-3fc,mapillary_503016854074357,mapillary,503016854074357,18.475801324544,73.862345543813,4,936,333,66,66,0.511,opencv_hough_v1,candidate,2026-09-08T16:59:04.674804+00:00
b5ee1113-0f2,mapillary_503016854074357,mapillary,503016854074357,18.475801324544,73.862345543813,4,171,186,144,144,0.521,opencv_hough_v1,candidate,2026-09-08T16:59:04.680528+00:00
8b53c952-62c,mapillary_503016854074357,mapillary,503016854074357,18.475801324544,73.862345543813,4,569,477,140,140,0.623,opencv_hough_v1,candidate,2026-09-08T16:59:04.686432+00:00
cad53ac9-5be,mapillary_503016854074357,mapillary,503016854074357,18.475801324544,73.862345543813,4,559,190,138,138,0.585,opencv_hough_v1,candidate,2026-09-08T16:59:04.692648+00:00
26d3cb4d-f2b,mapillary_503016854074357,mapillary,503016854074357,18.475801324544,73.862345543813,4,543,258,88,88,0.424,opencv_hough_v1,candidate,2026-09-08T16:59:04.699012+00:00
7ee23e0c-909,mapillary_503016854074357,mapillary,503016854074357,18.475801324544,73.862345543813,4,147,637,238,131,0.432,opencv_hough_v1,candidate,2026-09-08T16:59:04.704793+00:00
fca7451d-393,mapillary_503016854074357,mapillary,503016854074357,18.475801324544,73.862345543813,4,687,511,98,98,0.536,opencv_hough_v1,candidate,2026-09-08T16:59:04.710692+00:00
35e80583-9eb,mapillary_503016854074357,mapillary,503016854074357,18.475801324544,73.862345543813,4,220,573,94,94,0.529,opencv_hough_v1,candidate,2026-09-08T16:59:04.717787+00:00
9ee87347-c28,mapillary_503016854074357,mapillary,503016854074357,18.475801324544,73.862345543813,4,164,398,90,90,0.518,opencv_hough_v1,candidate,2026-09-08T16:59:04.724599+00:00
d0a0d5ad-ef8,mapillary_503016854074357,mapillary,503016854074357,18.475801324544,73.862345543813,4,789,543,235,225,0.448,opencv_hough_v1,candidate,2026-09-08T16:59:04.730892+00:00
dae3492b-664,mapillary_503016854074357,mapillary,503016854074357,18.475801324544,73.862345543813,4,764,550,206,206,0.476,opencv_hough_v1,candidate,2026-09-08T16:59:04.737105+00:00
2875baf6-0a5,mapillary_503016854074357,mapillary,503016854074357,18.475801324544,73.862345543813,4,728,254,74,74,0.557,opencv_hough_v1,candidate,2026-09-08T16:59:04.742919+00:00
208efb91-d9f,mapillary_503016854074357,mapillary,503016854074357,18.475801324544,73.862345543813,4,141,634,202,134,0.475,opencv_hough_v1,candidate,2026-09-08T16:59:04.748957+00:00
5f40930c-022,mapillary_503016854074357,mapillary,503016854074357,18.475801324544,73.862345543813,4,313,581,176,176,0.499,opencv_hough_v1,candidate,2026-09-08T16:59:04.755250+00:00
39659a3c-ae9,mapillary_503016854074357,mapillary,503016854074357,18.475801324544,73.862345543813,4,613,592,176,176,0.553,opencv_hough_v1,candidate,2026-09-08T16:59:04.762274+00:00
98816c89-c69,mapillary_503016854074357,mapillary,503016854074357,18.475801324544,73.862345543813,4,438,565,148,148,0.566,opencv_hough_v1,candidate,2026-09-08T16:59:04.769406+00:00
5fe53ef7-e0b,mapillary_503016854074357,mapillary,503016854074357,18.475801324544,73.862345543813,4,434,528,118,118,0.553,opencv_hough_v1,candidate,2026-09-08T16:59:04.776118+00:00
6e02d36c-7ef,mapillary_503016854074357,mapillary,503016854074357,18.475801324544,73.862345543813,4,458,262,66,66,0.514,opencv_hough_v1,candidate,2026-09-08T16:59:04.781723+00:00
31d6bd68-ef8,mapillary_503016854074357,mapillary,503016854074357,18.475801324544,73.862345543813,4,648,553,214,214,0.508,opencv_hough_v1,candidate,2026-09-08T16:59:04.787614+00:00
7468b4e3-e1a,mapillary_503016854074357,mapillary,503016854074357,18.475801324544,73.862345543813,4,0,326,164,164,0.526,opencv_hough_v1,candidate,2026-09-08T16:59:04.793585+00:00
9a7bd222-3c0,mapillary_503016854074357,mapillary,503016854074357,18.475801324544,73.862345543813,4,409,256,62,62,0.44,opencv_hough_v1,candidate,2026-09-08T16:59:04.799500+00:00
4b6160dd-b1d,mapillary_503016854074357,mapillary,503016854074357,18.475801324544,73.862345543813,4,814,200,122,122,0.662,opencv_hough_v1,candidate,2026-09-08T16:59:04.805583+00:00
3009c2eb-814,mapillary_503016854074357,mapillary,503016854074357,18.475801324544,73.862345543813,4,803,622,138,138,0.597,opencv_hough_v1,candidate,2026-09-08T16:59:04.812305+00:00
7aec1078-5c3,mapillary_503016854074357,mapillary,503016854074357,18.475801324544,73.862345543813,4,266,270,72,72,0.461,opencv_hough_v1,candidate,2026-09-08T16:59:04.819289+00:00
9a9a9ffb-13f,mapillary_503016854074357,mapillary,503016854074357,18.475801324544,73.862345543813,4,459,535,140,140,0.584,opencv_hough_v1,candidate,2026-09-08T16:59:04.825162+00:00
aae61cef-d2c,mapillary_503016854074357,mapillary,503016854074357,18.475801324544,73.862345543813,4,227,627,104,104,0.496,opencv_hough_v1,candidate,2026-09-08T16:59:04.831032+00:00
d5babee2-970,mapillary_503016854074357,mapillary,503016854074357,18.475801324544,73.862345543813,4,370,647,212,121,0.512,opencv_hough_v1,candidate,2026-09-08T16:59:04.836960+00:00
b52dff71-9fe,mapillary_503016854074357,mapillary,503016854074357,18.475801324544,73.862345543813,4,360,533,146,146,0.53,opencv_hough_v1,candidate,2026-09-08T16:59:04.843579+00:00
d62fb438-4d7,mapillary_503016854074357,mapillary,503016854074357,18.475801324544,73.862345543813,4,926,338,98,138,0.525,opencv_hough_v1,candidate,2026-09-08T16:59:04.850484+00:00
49a9df65-eae,mapillary_503016854074357,mapillary,503016854074357,18.475801324544,73.862345543813,4,624,437,112,112,0.604,opencv_hough_v1,candidate,2026-09-08T16:59:04.856250+00:00
ba27248f-a91,mapillary_503016854074357,mapillary,503016854074357,18.475801324544,73.862345543813,4,170,302,78,78,0.502,opencv_hough_v1,candidate,2026-09-08T16:59:04.864416+00:00
8de0f5c3-a10,mapillary_503016854074357,mapillary,503016854074357,18.475801324544,73.862345543813,4,899,267,64,64,0.551,opencv_hough_v1,candidate,2026-09-08T16:59:04.871227+00:00
fec7f2b2-5a5,mapillary_503016854074357,mapillary,503016854074357,18.475801324544,73.862345543813,4,163,519,112,112,0.61,opencv_hough_v1,candidate,2026-09-08T16:59:04.877943+00:00
0551ced7-b67,mapillary_503016854074357,mapillary,503016854074357,18.475801324544,73.862345543813,4,205,599,104,104,0.521,opencv_hough_v1,candidate,2026-09-08T16:59:04.884322+00:00
7a3f2dd2-779,mapillary_503016854074357,mapillary,503016854074357,18.475801324544,73.862345543813,4,706,560,236,208,0.469,opencv_hough_v1,candidate,2026-09-08T16:59:04.892204+00:00
72fb72a3-5ec,mapillary_503016854074357,mapillary,503016854074357,18.475801324544,73.862345543813,4,813,409,211,236,0.454,opencv_hough_v1,candidate,2026-09-08T16:59:04.899266+00:00
4aebc45f-265,mapillary_503016854074357,mapillary,503016854074357,18.475801324544,73.862345543813,4,315,528,132,132,0.506,opencv_hough_v1,candidate,2026-09-08T16:59:04.905878+00:00
bcda2f71-74b,mapillary_503016854074357,mapillary,503016854074357,18.475801324544,73.862345543813,4,9,345,80,80,0.495,opencv_hough_v1,candidate,2026-09-08T16:59:04.913448+00:00
040ee3ad-ed9,mapillary_503016854074357,mapillary,503016854074357,18.475801324544,73.862345543813,4,243,527,80,80,0.574,opencv_hough_v1,candidate,2026-09-08T16:59:04.920438+00:00
bdc3cae9-af9,mapillary_503016854074357,mapillary,503016854074357,18.475801324544,73.862345543813,4,268,186,144,144,0.5,opencv_hough_v1,candidate,2026-09-08T16:59:04.926347+00:00
2683d21e-dc3,mapillary_503016854074357,mapillary,503016854074357,18.475801324544,73.862345543813,4,747,454,98,98,0.636,opencv_hough_v1,candidate,2026-09-08T16:59:04.932269+00:00
f4cd0fe5-d1a,mapillary_503016854074357,mapillary,503016854074357,18.475801324544,73.862345543813,4,427,223,86,86,0.505,opencv_hough_v1,candidate,2026-09-08T16:59:04.938674+00:00
f451f8f9-599,mapillary_503016854074357,mapillary,503016854074357,18.475801324544,73.862345543813,4,832,362,74,74,0.499,opencv_hough_v1,candidate,2026-09-08T16:59:04.945151+00:00
eda3daa4-2df,mapillary_503016854074357,mapillary,503016854074357,18.475801324544,73.862345543813,4,747,313,70,70,0.543,opencv_hough_v1,candidate,2026-09-08T16:59:04.951404+00:00
ad05db64-925,mapillary_503016854074357,mapillary,503016854074357,18.475801324544,73.862345543813,4,270,529,112,112,0.526,opencv_hough_v1,candidate,2026-09-08T16:59:04.957852+00:00
2c41a8e6-79e,mapillary_503016854074357,mapillary,503016854074357,18.475801324544,73.862345543813,4,851,532,173,214,0.448,opencv_hough_v1,candidate,2026-09-08T16:59:04.966156+00:00
c6e20eb5-00a,mapillary_503016854074357,mapillary,503016854074357,18.475801324544,73.862345543813,4,767,532,178,178,0.483,opencv_hough_v1,candidate,2026-09-08T16:59:04.972617+00:00
b04f6a92-e1a,mapillary_503016854074357,mapillary,503016854074357,18.475801324544,73.862345543813,4,647,221,88,88,0.569,opencv_hough_v1,candidate,2026-09-08T16:59:04.978713+00:00
724d32e1-dbd,mapillary_503016854074357,mapillary,503016854074357,18.475801324544,73.862345543813,4,861,596,163,164,0.563,opencv_hough_v1,candidate,2026-09-08T16:59:04.984815+00:00
8cbc7065-79a,mapillary_503016854074357,mapillary,503016854074357,18.475801324544,73.862345543813,4,526,484,130,130,0.615,opencv_hough_v1,candidate,2026-09-08T16:59:04.990820+00:00
4f7c4334-2b5,mapillary_503016854074357,mapillary,503016854074357,18.475801324544,73.862345543813,4,762,536,130,130,0.494,opencv_hough_v1,candidate,2026-09-08T16:59:04.996812+00:00
6e2eb623-600,mapillary_503016854074357,mapillary,503016854074357,18.475801324544,73.862345543813,4,869,425,148,148,0.614,opencv_hough_v1,candidate,2026-09-08T16:59:05.003299+00:00
0a825849-5a4,mapillary_503016854074357,mapillary,503016854074357,18.475801324544,73.862345543813,4,0,492,114,114,0.557,opencv_hough_v1,candidate,2026-09-08T16:59:05.010150+00:00
8ec8d4db-712,mapillary_503016854074357,mapillary,503016854074357,18.475801324544,73.862345543813,4,229,654,110,110,0.478,opencv_hough_v1,candidate,2026-09-08T16:59:05.017428+00:00
e23b8564-c33,mapillary_503016854074357,mapillary,503016854074357,18.475801324544,73.862345543813,4,414,521,102,102,0.532,opencv_hough_v1,candidate,2026-09-08T16:59:05.023310+00:00
ebd5c37e-62b,mapillary_503016854074357,mapillary,503016854074357,18.475801324544,73.862345543813,4,460,637,98,98,0.541,opencv_hough_v1,candidate,2026-09-08T16:59:05.029143+00:00
b385c5eb-b70,mapillary_503016854074357,mapillary,503016854074357,18.475801324544,73.862345543813,4,171,229,86,86,0.455,opencv_hough_v1,candidate,2026-09-08T16:59:05.035774+00:00
ff8f1a10-10c,mapillary_503016854074357,mapillary,503016854074357,18.475801324544,73.862345543813,4,1,298,54,54,0.462,opencv_hough_v1,candidate,2026-09-08T16:59:05.041458+00:00
da889bf0-63f,mapillary_503016854074357,mapillary,503016854074357,18.475801324544,73.862345543813,4,912,154,112,220,0.538,opencv_hough_v1,candidate,2026-09-08T16:59:05.047301+00:00
03c2519b-995,mapillary_503016854074357,mapillary,503016854074357,18.475801324544,73.862345543813,4,528,542,110,110,0.565,opencv_hough_v1,candidate,2026-09-08T16:59:05.053209+00:00
79f42457-07c,mapillary_503016854074357,mapillary,503016854074357,18.475801324544,73.862345543813,4,349,605,164,163,0.532,opencv_hough_v1,candidate,2026-09-08T16:59:05.060027+00:00
d3c165c3-ba0,mapillary_503016854074357,mapillary,503016854074357,18.475801324544,73.862345543813,4,898,386,126,146,0.585,opencv_hough_v1,candidate,2026-09-08T16:59:05.066734+00:00
91d40513-98d,mapillary_503016854074357,mapillary,503016854074357,18.475801324544,73.862345543813,4,195,631,104,104,0.514,opencv_hough_v1,candidate,2026-09-08T16:59:05.072273+00:00
1e2f9a0b-928,mapillary_503016854074357,mapillary,503016854074357,18.475801324544,73.862345543813,4,619,233,80,80,0.517,opencv_hough_v1,candidate,2026-09-08T16:59:05.078493+00:00
c52df8d1-e57,mapillary_503016854074357,mapillary,503016854074357,18.475801324544,73.862345543813,4,548,381,70,70,0.461,opencv_hough_v1,candidate,2026-09-08T16:59:05.084257+00:00
86c1713d-f20,mapillary_503016854074357,mapillary,503016854074357,18.475801324544,73.862345543813,4,955,257,69,90,0.518,opencv_hough_v1,candidate,2026-09-08T16:59:05.090204+00:00
3ef7eca5-ea1,mapillary_503016854074357,mapillary,503016854074357,18.475801324544,73.862345543813,4,365,219,96,96,0.476,opencv_hough_v1,candidate,2026-09-08T16:59:05.096169+00:00
80c0df8e-804,mapillary_503016854074357,mapillary,503016854074357,18.475801324544,73.862345543813,4,919,229,86,86,0.616,opencv_hough_v1,candidate,2026-09-08T16:59:05.103627+00:00
391d30db-9b6,mapillary_503016854074357,mapillary,503016854074357,18.475801324544,73.862345543813,4,0,626,140,140,0.507,opencv_hough_v1,candidate,2026-09-08T16:59:05.110229+00:00
81ba774b-8fc,mapillary_503016854074357,mapillary,503016854074357,18.475801324544,73.862345543813,4,703,525,148,148,0.543,opencv_hough_v1,candidate,2026-09-08T16:59:05.116543+00:00
bc9d04e4-08b,mapillary_503016854074357,mapillary,503016854074357,18.475801324544,73.862345543813,4,258,658,122,110,0.491,opencv_hough_v1,candidate,2026-09-08T16:59:05.122585+00:00
bfc4c0b3-70f,mapillary_503016854074357,mapillary,503016854074357,18.475801324544,73.862345543813,4,120,650,114,114,0.556,opencv_hough_v1,candidate,2026-09-08T16:59:05.128633+00:00
1bac0461-642,mapillary_503016854074357,mapillary,503016854074357,18.475801324544,73.862345543813,4,14,657,96,96,0.484,opencv_hough_v1,candidate,2026-09-08T16:59:05.134701+00:00
86212fec-8f7,mapillary_503016854074357,mapillary,503016854074357,18.475801324544,73.862345543813,4,321,350,74,74,0.507,opencv_hough_v1,candidate,2026-09-08T16:59:05.140475+00:00
39f30991-ae8,mapillary_503016854074357,mapillary,503016854074357,18.475801324544,73.862345543813,4,274,519,72,72,0.542,opencv_hough_v1,candidate,2026-09-08T16:59:05.146180+00:00
25525acb-c5d,mapillary_503016854074357,mapillary,503016854074357,18.475801324544,73.862345543813,4,247,221,102,102,0.469,opencv_hough_v1,candidate,2026-09-08T16:59:05.152843+00:00
3720adf5-b29,mapillary_503016854074357,mapillary,503016854074357,18.475801324544,73.862345543813,4,0,300,86,86,0.489,opencv_hough_v1,candidate,2026-09-08T16:59:05.160279+00:00
050dc847-0ec,mapillary_503016854074357,mapillary,503016854074357,18.475801324544,73.862345543813,4,3,216,130,130,0.595,opencv_hough_v1,candidate,2026-09-08T16:59:05.166543+00:00
56b76a60-47f,mapillary_503016854074357,mapillary,503016854074357,18.475801324544,73.862345543813,4,405,619,88,88,0.513,opencv_hough_v1,candidate,2026-09-08T16:59:05.173133+00:00
845520b7-140,mapillary_503016854074357,mapillary,503016854074357,18.475801324544,73.862345543813,4,506,674,82,82,0.507,opencv_hough_v1,candidate,2026-09-08T16:59:05.179280+00:00
0797694b-b0b,mapillary_503016854074357,mapillary,503016854074357,18.475801324544,73.862345543813,4,154,258,58,58,0.473,opencv_hough_v1,candidate,2026-09-08T16:59:05.185477+00:00
92f47764-101,mapillary_503016854074357,mapillary,503016854074357,18.475801324544,73.862345543813,4,844,632,122,122,0.579,opencv_hough_v1,candidate,2026-09-08T16:59:05.191718+00:00
a49842eb-b7f,mapillary_503016854074357,mapillary,503016854074357,18.475801324544,73.862345543813,4,121,545,76,76,0.528,opencv_hough_v1,candidate,2026-09-08T16:59:05.198959+00:00
c4c9f436-534,mapillary_503016854074357,mapillary,503016854074357,18.475801324544,73.862345543813,4,404,372,62,62,0.542,opencv_hough_v1,candidate,2026-09-08T16:59:05.207384+00:00
c96f2c8e-68e,mapillary_503016854074357,mapillary,503016854074357,18.475801324544,73.862345543813,4,499,261,52,52,0.428,opencv_hough_v1,candidate,2026-09-08T16:59:05.214238+00:00
880bd22d-68b,mapillary_503016854074357,mapillary,503016854074357,18.475801324544,73.862345543813,4,310,670,94,94,0.488,opencv_hough_v1,candidate,2026-09-08T16:59:05.221979+00:00
63aa9a51-4c5,mapillary_503016854074357,mapillary,503016854074357,18.475801324544,73.862345543813,4,154,558,82,82,0.531,opencv_hough_v1,candidate,2026-09-08T16:59:05.229215+00:00
30952483-cff,mapillary_503016854074357,mapillary,503016854074357,18.475801324544,73.862345543813,4,388,657,118,111,0.568,opencv_hough_v1,candidate,2026-09-08T16:59:05.236694+00:00
352ae396-59c,mapillary_503016854074357,mapillary,503016854074357,18.475801324544,73.862345543813,4,784,459,102,102,0.631,opencv_hough_v1,candidate,2026-09-08T16:59:05.243374+00:00
e731f860-699,mapillary_503016854074357,mapillary,503016854074357,18.475801324544,73.862345543813,4,510,533,86,86,0.532,opencv_hough_v1,candidate,2026-09-08T16:59:05.250098+00:00
546acbf4-25b,mapillary_503016854074357,mapillary,503016854074357,18.475801324544,73.862345543813,4,665,616,140,140,0.589,opencv_hough_v1,candidate,2026-09-08T16:59:05.258092+00:00
0a0cbcab-287,mapillary_503016854074357,mapillary,503016854074357,18.475801324544,73.862345543813,4,0,537,100,100,0.489,opencv_hough_v1,candidate,2026-09-08T16:59:05.266287+00:00
8e20db13-896,mapillary_503016854074357,mapillary,503016854074357,18.475801324544,73.862345543813,4,276,308,62,62,0.529,opencv_hough_v1,candidate,2026-09-08T16:59:05.272821+00:00
29af5af9-63a,mapillary_503016854074357,mapillary,503016854074357,18.475801324544,73.862345543813,4,90,672,78,78,0.531,opencv_hough_v1,candidate,2026-09-08T16:59:05.279168+00:00
108e5c2a-4d3,mapillary_503016854074357,mapillary,503016854074357,18.475801324544,73.862345543813,4,713,497,52,52,0.427,opencv_hough_v1,candidate,2026-09-08T16:59:05.285409+00:00
445eb4f9-2a8,mapillary_503016854074357,mapillary,503016854074357,18.475801324544,73.862345543813,4,41,685,136,83,0.546,opencv_hough_v1,candidate,2026-09-08T16:59:05.291229+00:00
e48296f3-2f2,mapillary_503016854074357,mapillary,503016854074357,18.475801324544,73.862345543813,4,811,533,120,120,0.439,opencv_hough_v1,candidate,2026-09-08T16:59:05.297214+00:00
7e6b51f7-8b7,mapillary_503016854074357,mapillary,503016854074357,18.475801324544,73.862345543813,4,20,460,94,94,0.567,opencv_hough_v1,candidate,2026-09-08T16:59:05.304185+00:00
249d8a17-4af,mapillary_503016854074357,mapillary,503016854074357,18.475801324544,73.862345543813,4,389,536,78,78,0.481,opencv_hough_v1,candidate,2026-09-08T16:59:05.311457+00:00
7d5c2f2d-ef6,mapillary_503016854074357,mapillary,503016854074357,18.475801324544,73.862345543813,4,582,539,74,74,0.56,opencv_hough_v1,candidate,2026-09-08T16:59:05.317780+00:00
0eb6c08f-7d9,mapillary_503016854074357,mapillary,503016854074357,18.475801324544,73.862345543813,4,491,710,102,58,0.533,opencv_hough_v1,candidate,2026-09-08T16:59:05.323577+00:00
7b6b5f7c-41a,mapillary_503016854074357,mapillary,503016854074357,18.475801324544,73.862345543813,4,435,647,80,80,0.529,opencv_hough_v1,candidate,2026-09-08T16:59:05.329710+00:00
8772bf73-a46,mapillary_503016854074357,mapillary,503016854074357,18.475801324544,73.862345543813,4,459,519,64,64,0.54,opencv_hough_v1,candidate,2026-09-08T16:59:05.335697+00:00
5599554f-a0e,mapillary_503016854074357,mapillary,503016854074357,18.475801324544,73.862345543813,4,6,258,52,52,0.476,opencv_hough_v1,candidate,2026-09-08T16:59:05.341544+00:00
32600ba4-1e9,mapillary_503016854074357,mapillary,503016854074357,18.475801324544,73.862345543813,4,629,656,104,104,0.558,opencv_hough_v1,candidate,2026-09-08T16:59:05.347504+00:00
110cc154-1bc,mapillary_503016854074357,mapillary,503016854074357,18.475801324544,73.862345543813,4,12,580,88,88,0.442,opencv_hough_v1,candidate,2026-09-08T16:59:05.354929+00:00
a9f5b47c-5f6,mapillary_503016854074357,mapillary,503016854074357,18.475801324544,73.862345543813,4,550,704,126,64,0.57,opencv_hough_v1,candidate,2026-09-08T16:59:05.361966+00:00
2178fcb5-8f1,mapillary_503016854074357,mapillary,503016854074357,18.475801324544,73.862345543813,4,886,660,98,98,0.555,opencv_hough_v1,candidate,2026-09-08T16:59:05.368451+00:00
74e0a495-cd7,mapillary_503016854074357,mapillary,503016854074357,18.475801324544,73.862345543813,4,552,218,80,80,0.472,opencv_hough_v1,candidate,2026-09-08T16:59:05.374291+00:00
60855a83-7e8,mapillary_503016854074357,mapillary,503016854074357,18.475801324544,73.862345543813,4,311,519,72,72,0.508,opencv_hough_v1,candidate,2026-09-08T16:59:05.380242+00:00
b3cf64d7-ce4,mapillary_503016854074357,mapillary,503016854074357,18.475801324544,73.862345543813,4,934,668,86,86,0.547,opencv_hough_v1,candidate,2026-09-08T16:59:05.387009+00:00
24bc478f-0db,mapillary_503016854074357,mapillary,503016854074357,18.475801324544,73.862345543813,4,937,459,76,76,0.591,opencv_hough_v1,candidate,2026-09-08T16:59:05.394105+00:00
aa7ef3dc-bcd,mapillary_503016854074357,mapillary,503016854074357,18.475801324544,73.862345543813,4,4,707,56,56,0.49,opencv_hough_v1,candidate,2026-09-08T16:59:05.407454+00:00
8575d31f-79e,mapillary_503016854074357,mapillary,503016854074357,18.475801324544,73.862345543813,4,16,698,122,70,0.519,opencv_hough_v1,candidate,2026-09-08T16:59:05.414239+00:00
32090223-7f3,mapillary_503016854074357,mapillary,503016854074357,18.475801324544,73.862345543813,4,762,539,66,66,0.442,opencv_hough_v1,candidate,2026-09-08T16:59:05.420267+00:00
ac6f3db9-e95,mapillary_503016854074357,mapillary,503016854074357,18.475801324544,73.862345543813,4,576,695,56,56,0.474,opencv_hough_v1,candidate,2026-09-08T16:59:05.427288+00:00
46f58925-033,mapillary_503016854074357,mapillary,503016854074357,18.475801324544,73.862345543813,4,483,535,72,72,0.537,opencv_hough_v1,candidate,2026-09-08T16:59:05.433494+00:00
5511ea4a-8b8,mapillary_503016854074357,mapillary,503016854074357,18.475801324544,73.862345543813,4,178,671,80,80,0.503,opencv_hough_v1,candidate,2026-09-08T16:59:05.439163+00:00
78dc74a7-0a0,mapillary_503016854074357,mapillary,503016854074357,18.475801324544,73.862345543813,4,364,686,74,74,0.521,opencv_hough_v1,candidate,2026-09-08T16:59:05.444768+00:00
add90674-74e,mapillary_503016854074357,mapillary,503016854074357,18.475801324544,73.862345543813,4,785,649,112,112,0.575,opencv_hough_v1,candidate,2026-09-08T16:59:05.451320+00:00
50603f0c-7fa,mapillary_503016854074357,mapillary,503016854074357,18.475801324544,73.862345543813,4,265,703,128,65,0.523,opencv_hough_v1,candidate,2026-09-08T16:59:05.458083+00:00
f9622906-0fb,mapillary_503016854074357,mapillary,503016854074357,18.475801324544,73.862345543813,4,0,222,96,96,0.509,opencv_hough_v1,candidate,2026-09-08T16:59:05.463517+00:00
ae4cb4c3-969,mapillary_503016854074357,mapillary,503016854074357,18.475801324544,73.862345543813,4,698,586,74,74,0.517,opencv_hough_v1,candidate,2026-09-08T16:59:05.469389+00:00
7def86b7-dba,mapillary_503016854074357,mapillary,503016854074357,18.475801324544,73.862345543813,4,434,499,62,62,0.569,opencv_hough_v1,candidate,2026-09-08T16:59:05.475473+00:00
4cc37d5a-d73,mapillary_503016854074357,mapillary,503016854074357,18.475801324544,73.862345543813,4,0,335,78,78,0.491,opencv_hough_v1,candidate,2026-09-08T16:59:05.481281+00:00
eda3ae17-86d,mapillary_503016854074357,mapillary,503016854074357,18.475801324544,73.862345543813,4,336,651,64,64,0.422,opencv_hough_v1,candidate,2026-09-08T16:59:05.487002+00:00
11bfc27c-a38,mapillary_503016854074357,mapillary,503016854074357,18.475801324544,73.862345543813,4,984,379,40,80,0.376,opencv_hough_v1,candidate,2026-09-08T16:59:05.493488+00:00
98fa88a9-400,mapillary_503016854074357,mapillary,503016854074357,18.475801324544,73.862345543813,4,7,491,52,52,0.536,opencv_hough_v1,candidate,2026-09-08T16:59:05.500519+00:00
4f927d3c-4a7,mapillary_503016854074357,mapillary,503016854074357,18.475801324544,73.862345543813,4,600,664,86,86,0.53,opencv_hough_v1,candidate,2026-09-08T16:59:05.506827+00:00
c6015318-027,mapillary_503016854074357,mapillary,503016854074357,18.475801324544,73.862345543813,4,843,714,52,52,0.532,opencv_hough_v1,candidate,2026-09-08T16:59:05.512405+00:00
1f7b8e97-ae0,mapillary_503016854074357,mapillary,503016854074357,18.475801324544,73.862345543813,4,123,223,80,80,0.471,opencv_hough_v1,candidate,2026-09-08T16:59:05.518404+00:00
92db0f1d-8c1,mapillary_503016854074357,mapillary,503016854074357,18.475801324544,73.862345543813,4,462,682,66,66,0.512,opencv_hough_v1,candidate,2026-09-08T16:59:05.524806+00:00
1a448f88-e76,mapillary_503016854074357,mapillary,503016854074357,18.475801324544,73.862345543813,4,0,277,50,50,0.461,opencv_hough_v1,candidate,2026-09-08T16:59:05.530875+00:00
74b0ed5a-2c9,mapillary_503016854074357,mapillary,503016854074357,18.475801324544,73.862345543813,4,952,641,72,92,0.547,opencv_hough_v1,candidate,2026-09-08T16:59:05.536427+00:00
19e197e1-64c,mapillary_503016854074357,mapillary,503016854074357,18.475801324544,73.862345543813,4,967,246,50,50,0.523,opencv_hough_v1,candidate,2026-09-08T16:59:05.542355+00:00
a2689f93-c21,mapillary_503016854074357,mapillary,503016854074357,18.475801324544,73.862345543813,4,23,555,44,44,0.412,opencv_hough_v1,candidate,2026-09-08T16:59:05.548840+00:00
bfc861a2-337,mapillary_503016854074357,mapillary,503016854074357,18.475801324544,73.862345543813,4,549,713,52,52,0.478,opencv_hough_v1,candidate,2026-09-08T16:59:05.555357+00:00
9c1dfd54-bf8,mapillary_503016854074357,mapillary,503016854074357,18.475801324544,73.862345543813,4,800,707,50,50,0.522,opencv_hough_v1,candidate,2026-09-08T16:59:05.561022+00:00
5d5af194-19f,mapillary_503016854074357,mapillary,503016854074357,18.475801324544,73.862345543813,4,501,714,46,46,0.478,opencv_hough_v1,candidate,2026-09-08T16:59:05.566824+00:00
a9988ff6-f8c,mapillary_503016854074357,mapillary,503016854074357,18.475801324544,73.862345543813,4,979,417,45,64,0.4,opencv_hough_v1,candidate,2026-09-08T16:59:05.573339+00:00
64d754f8-941,mapillary_503016854074357,mapillary,503016854074357,18.475801324544,73.862345543813,4,0,494,56,56,0.542,opencv_hough_v1,candidate,2026-09-08T16:59:05.585205+00:00
f4106238-773,mapillary_267033215105455,mapillary,267033215105455,18.473394024773,73.858057435449,154,143,314,222,222,0.409,opencv_hough_v1,candidate,2026-09-08T16:59:05.790674+00:00
2dbe23f4-43c,mapillary_267033215105455,mapillary,267033215105455,18.473394024773,73.858057435449,154,65,421,238,238,0.389,opencv_hough_v1,candidate,2026-09-08T16:59:05.796983+00:00
fabd0fc2-10f,mapillary_267033215105455,mapillary,267033215105455,18.473394024773,73.858057435449,154,130,363,238,238,0.399,opencv_hough_v1,candidate,2026-09-08T16:59:05.802048+00:00
a4608d4c-233,mapillary_267033215105455,mapillary,267033215105455,18.473394024773,73.858057435449,154,173,296,198,198,0.439,opencv_hough_v1,candidate,2026-09-08T16:59:05.807208+00:00
086df1bb-5a3,mapillary_267033215105455,mapillary,267033215105455,18.473394024773,73.858057435449,154,81,331,238,238,0.39,opencv_hough_v1,candidate,2026-09-08T16:59:05.812209+00:00
2f86710e-e8a,mapillary_267033215105455,mapillary,267033215105455,18.473394024773,73.858057435449,154,104,391,238,238,0.396,opencv_hough_v1,candidate,2026-09-08T16:59:05.817086+00:00
573aa9ff-25d,mapillary_267033215105455,mapillary,267033215105455,18.473394024773,73.858057435449,154,45,362,238,238,0.396,opencv_hough_v1,candidate,2026-09-08T16:59:05.822359+00:00
244ca501-753,mapillary_267033215105455,mapillary,267033215105455,18.473394024773,73.858057435449,154,20,416,222,222,0.399,opencv_hough_v1,candidate,2026-09-08T16:59:05.827495+00:00
1e4129f4-75f,mapillary_267033215105455,mapillary,267033215105455,18.473394024773,73.858057435449,154,819,279,178,178,0.366,opencv_hough_v1,candidate,2026-09-08T16:59:05.832739+00:00
88da9b6a-f21,mapillary_267033215105455,mapillary,267033215105455,18.473394024773,73.858057435449,154,0,432,238,238,0.369,opencv_hough_v1,candidate,2026-09-08T16:59:05.838118+00:00
4d833422-d33,mapillary_267033215105455,mapillary,267033215105455,18.473394024773,73.858057435449,154,83,231,198,198,0.42,opencv_hough_v1,candidate,2026-09-08T16:59:05.844318+00:00
b200aebc-368,mapillary_267033215105455,mapillary,267033215105455,18.473394024773,73.858057435449,154,281,265,152,152,0.5,opencv_hough_v1,candidate,2026-09-08T16:59:05.850683+00:00
b0a1cd5b-8c2,mapillary_267033215105455,mapillary,267033215105455,18.473394024773,73.858057435449,154,318,263,198,198,0.47,opencv_hough_v1,candidate,2026-09-08T16:59:05.856056+00:00
7f10b7f7-715,mapillary_267033215105455,mapillary,267033215105455,18.473394024773,73.858057435449,154,117,333,238,238,0.391,opencv_hough_v1,candidate,2026-09-08T16:59:05.861704+00:00
4826b758-f82,mapillary_267033215105455,mapillary,267033215105455,18.473394024773,73.858057435449,154,0,259,226,226,0.394,opencv_hough_v1,candidate,2026-09-08T16:59:05.867320+00:00
8f35440a-c0b,mapillary_267033215105455,mapillary,267033215105455,18.473394024773,73.858057435449,154,35,278,202,202,0.432,opencv_hough_v1,candidate,2026-09-08T16:59:05.872873+00:00
6a7eb593-37d,mapillary_267033215105455,mapillary,267033215105455,18.473394024773,73.858057435449,154,164,286,154,154,0.473,opencv_hough_v1,candidate,2026-09-08T16:59:05.878946+00:00
126e48da-5e7,mapillary_267033215105455,mapillary,267033215105455,18.473394024773,73.858057435449,154,70,260,190,190,0.447,opencv_hough_v1,candidate,2026-09-08T16:59:05.884565+00:00
d689440d-981,mapillary_267033215105455,mapillary,267033215105455,18.473394024773,73.858057435449,154,0,494,188,188,0.408,opencv_hough_v1,candidate,2026-09-08T16:59:05.890134+00:00
d3c0bc6c-f65,mapillary_267033215105455,mapillary,267033215105455,18.473394024773,73.858057435449,154,231,302,152,152,0.488,opencv_hough_v1,candidate,2026-09-08T16:59:05.895528+00:00
86a410b1-15c,mapillary_267033215105455,mapillary,267033215105455,18.473394024773,73.858057435449,154,62,388,238,238,0.391,opencv_hough_v1,candidate,2026-09-08T16:59:05.901782+00:00
87f34f5b-6c3,mapillary_267033215105455,mapillary,267033215105455,18.473394024773,73.858057435449,154,342,251,152,152,0.492,opencv_hough_v1,candidate,2026-09-08T16:59:05.908681+00:00
cb8655dc-e80,mapillary_267033215105455,mapillary,267033215105455,18.473394024773,73.858057435449,154,127,390,180,180,0.468,opencv_hough_v1,candidate,2026-09-08T16:59:05.920221+00:00
d602d74b-aee,mapillary_267033215105455,mapillary,267033215105455,18.473394024773,73.858057435449,154,202,289,152,152,0.477,opencv_hough_v1,candidate,2026-09-08T16:59:05.926622+00:00
0b38ef43-a1f,mapillary_267033215105455,mapillary,267033215105455,18.473394024773,73.858057435449,154,12,257,160,160,0.47,opencv_hough_v1,candidate,2026-09-08T16:59:05.932303+00:00
c50298a6-0ab,mapillary_267033215105455,mapillary,267033215105455,18.473394024773,73.858057435449,154,35,342,222,222,0.427,opencv_hough_v1,candidate,2026-09-08T16:59:05.937909+00:00
1efce321-7ed,mapillary_267033215105455,mapillary,267033215105455,18.473394024773,73.858057435449,154,783,258,194,194,0.353,opencv_hough_v1,candidate,2026-09-08T16:59:05.943831+00:00
d75deac0-43c,mapillary_267033215105455,mapillary,267033215105455,18.473394024773,73.858057435449,154,9,494,178,178,0.427,opencv_hough_v1,candidate,2026-09-08T16:59:05.949217+00:00
a2f08be0-d00,mapillary_267033215105455,mapillary,267033215105455,18.473394024773,73.858057435449,154,187,227,176,176,0.428,opencv_hough_v1,candidate,2026-09-08T16:59:05.954714+00:00
d2160cfa-81c,mapillary_267033215105455,mapillary,267033215105455,18.473394024773,73.858057435449,154,18,378,230,230,0.401,opencv_hough_v1,candidate,2026-09-08T16:59:05.959742+00:00
9808f6b3-968,mapillary_267033215105455,mapillary,267033215105455,18.473394024773,73.858057435449,154,148,434,214,214,0.408,opencv_hough_v1,candidate,2026-09-08T16:59:05.964700+00:00
37ed2f34-240,mapillary_267033215105455,mapillary,267033215105455,18.473394024773,73.858057435449,154,102,596,190,172,0.401,opencv_hough_v1,candidate,2026-09-08T16:59:05.970798+00:00
38f48468-faf,mapillary_267033215105455,mapillary,267033215105455,18.473394024773,73.858057435449,154,188,366,170,170,0.45,opencv_hough_v1,candidate,2026-09-08T16:59:05.977048+00:00
7ebc41da-d45,mapillary_267033215105455,mapillary,267033215105455,18.473394024773,73.858057435449,154,36,250,184,184,0.455,opencv_hough_v1,candidate,2026-09-08T16:59:05.982232+00:00
5ea7d177-02e,mapillary_267033215105455,mapillary,267033215105455,18.473394024773,73.858057435449,154,0,382,238,238,0.376,opencv_hough_v1,candidate,2026-09-08T16:59:05.988060+00:00
dc20730c-cf7,mapillary_267033215105455,mapillary,267033215105455,18.473394024773,73.858057435449,154,676,233,186,186,0.376,opencv_hough_v1,candidate,2026-09-08T16:59:05.993017+00:00
cbc76135-1da,mapillary_267033215105455,mapillary,267033215105455,18.473394024773,73.858057435449,154,517,248,144,144,0.47,opencv_hough_v1,candidate,2026-09-08T16:59:05.997956+00:00
2b52598e-871,mapillary_267033215105455,mapillary,267033215105455,18.473394024773,73.858057435449,154,317,286,140,140,0.534,opencv_hough_v1,candidate,2026-09-08T16:59:06.002958+00:00
846d432c-f58,mapillary_267033215105455,mapillary,267033215105455,18.473394024773,73.858057435449,154,364,290,234,234,0.45,opencv_hough_v1,candidate,2026-09-08T16:59:06.008503+00:00
b863d92d-f16,mapillary_267033215105455,mapillary,267033215105455,18.473394024773,73.858057435449,154,648,266,146,146,0.402,opencv_hough_v1,candidate,2026-09-08T16:59:06.013598+00:00
38c2392e-e4e,mapillary_267033215105455,mapillary,267033215105455,18.473394024773,73.858057435449,154,275,408,90,90,0.402,opencv_hough_v1,candidate,2026-09-08T16:59:06.018732+00:00
efe37d17-dde,mapillary_267033215105455,mapillary,267033215105455,18.473394024773,73.858057435449,154,168,396,210,210,0.423,opencv_hough_v1,candidate,2026-09-08T16:59:06.024167+00:00
bb110d87-161,mapillary_267033215105455,mapillary,267033215105455,18.473394024773,73.858057435449,154,391,260,204,204,0.464,opencv_hough_v1,candidate,2026-09-08T16:59:06.029144+00:00
4b94c38c-2a4,mapillary_267033215105455,mapillary,267033215105455,18.473394024773,73.858057435449,154,171,248,152,152,0.45,opencv_hough_v1,candidate,2026-09-08T16:59:06.035739+00:00
8d5beb00-110,mapillary_267033215105455,mapillary,267033215105455,18.473394024773,73.858057435449,154,843,323,152,152,0.379,opencv_hough_v1,candidate,2026-09-08T16:59:06.041716+00:00
dbe202e0-446,mapillary_267033215105455,mapillary,267033215105455,18.473394024773,73.858057435449,154,126,545,136,136,0.463,opencv_hough_v1,candidate,2026-09-08T16:59:06.047177+00:00
b10b64a0-2a9,mapillary_267033215105455,mapillary,267033215105455,18.473394024773,73.858057435449,154,0,533,182,182,0.405,opencv_hough_v1,candidate,2026-09-08T16:59:06.052505+00:00
15e3afa4-446,mapillary_267033215105455,mapillary,267033215105455,18.473394024773,73.858057435449,154,528,274,162,162,0.455,opencv_hough_v1,candidate,2026-09-08T16:59:06.058050+00:00
d738a86f-c56,mapillary_267033215105455,mapillary,267033215105455,18.473394024773,73.858057435449,154,165,329,140,140,0.512,opencv_hough_v1,candidate,2026-09-08T16:59:06.065387+00:00
00eed1a9-24d,mapillary_267033215105455,mapillary,267033215105455,18.473394024773,73.858057435449,154,131,290,138,138,0.479,opencv_hough_v1,candidate,2026-09-08T16:59:06.071326+00:00
c55b9145-4be,mapillary_267033215105455,mapillary,267033215105455,18.473394024773,73.858057435449,154,400,269,98,98,0.406,opencv_hough_v1,candidate,2026-09-08T16:59:06.076193+00:00
f23cbb1f-65a,mapillary_267033215105455,mapillary,267033215105455,18.473394024773,73.858057435449,154,0,274,226,226,0.368,opencv_hough_v1,candidate,2026-09-08T16:59:06.081416+00:00
00466a4a-bab,mapillary_267033215105455,mapillary,267033215105455,18.473394024773,73.858057435449,154,50,558,122,122,0.452,opencv_hough_v1,candidate,2026-09-08T16:59:06.086177+00:00
7f2509af-1e9,mapillary_267033215105455,mapillary,267033215105455,18.473394024773,73.858057435449,154,277,309,114,114,0.492,opencv_hough_v1,candidate,2026-09-08T16:59:06.091504+00:00
6da73773-801,mapillary_267033215105455,mapillary,267033215105455,18.473394024773,73.858057435449,154,564,261,118,118,0.406,opencv_hough_v1,candidate,2026-09-08T16:59:06.096350+00:00
cfad123e-103,mapillary_267033215105455,mapillary,267033215105455,18.473394024773,73.858057435449,154,407,160,196,196,0.508,opencv_hough_v1,candidate,2026-09-08T16:59:06.102501+00:00
4a5af434-0f1,mapillary_267033215105455,mapillary,267033215105455,18.473394024773,73.858057435449,154,94,618,144,144,0.446,opencv_hough_v1,candidate,2026-09-08T16:59:06.108559+00:00
86e73b30-e2b,mapillary_267033215105455,mapillary,267033215105455,18.473394024773,73.858057435449,154,35,341,148,148,0.49,opencv_hough_v1,candidate,2026-09-08T16:59:06.113470+00:00
62a33106-442,mapillary_267033215105455,mapillary,267033215105455,18.473394024773,73.858057435449,154,147,588,112,112,0.432,opencv_hough_v1,candidate,2026-09-08T16:59:06.118455+00:00
c99064be-a30,mapillary_267033215105455,mapillary,267033215105455,18.473394024773,73.858057435449,154,873,491,136,136,0.396,opencv_hough_v1,candidate,2026-09-08T16:59:06.128635+00:00
2b163da5-47f,mapillary_267033215105455,mapillary,267033215105455,18.473394024773,73.858057435449,154,672,258,218,218,0.356,opencv_hough_v1,candidate,2026-09-08T16:59:06.134125+00:00
73f42283-4ec,mapillary_267033215105455,mapillary,267033215105455,18.473394024773,73.858057435449,154,731,257,162,162,0.402,opencv_hough_v1,candidate,2026-09-08T16:59:06.139148+00:00
b04f574a-9df,mapillary_267033215105455,mapillary,267033215105455,18.473394024773,73.858057435449,154,146,263,136,136,0.465,opencv_hough_v1,candidate,2026-09-08T16:59:06.144032+00:00
ea2618ea-fd6,mapillary_267033215105455,mapillary,267033215105455,18.473394024773,73.858057435449,154,391,298,112,112,0.475,opencv_hough_v1,candidate,2026-09-08T16:59:06.148821+00:00
10fd0dec-024,mapillary_267033215105455,mapillary,267033215105455,18.473394024773,73.858057435449,154,48,470,178,178,0.444,opencv_hough_v1,candidate,2026-09-08T16:59:06.153662+00:00
031031c3-a09,mapillary_267033215105455,mapillary,267033215105455,18.473394024773,73.858057435449,154,647,263,204,204,0.372,opencv_hough_v1,candidate,2026-09-08T16:59:06.160775+00:00
ff7e7b0c-738,mapillary_267033215105455,mapillary,267033215105455,18.473394024773,73.858057435449,154,849,272,130,130,0.414,opencv_hough_v1,candidate,2026-09-08T16:59:06.166585+00:00
26ccd05e-4e2,mapillary_267033215105455,mapillary,267033215105455,18.473394024773,73.858057435449,154,250,362,114,114,0.455,opencv_hough_v1,candidate,2026-09-08T16:59:06.171699+00:00
72a7bd4c-670,mapillary_267033215105455,mapillary,267033215105455,18.473394024773,73.858057435449,154,321,261,96,96,0.492,opencv_hough_v1,candidate,2026-09-08T16:59:06.176582+00:00
6f4feb3e-a7a,mapillary_267033215105455,mapillary,267033215105455,18.473394024773,73.858057435449,154,862,296,156,156,0.386,opencv_hough_v1,candidate,2026-09-08T16:59:06.181489+00:00
586be8c0-8e1,mapillary_267033215105455,mapillary,267033215105455,18.473394024773,73.858057435449,154,5,267,84,84,0.42,opencv_hough_v1,candidate,2026-09-08T16:59:06.186464+00:00
a1af4a04-db1,mapillary_267033215105455,mapillary,267033215105455,18.473394024773,73.858057435449,154,437,269,114,114,0.457,opencv_hough_v1,candidate,2026-09-08T16:59:06.191482+00:00
f0706511-f98,mapillary_267033215105455,mapillary,267033215105455,18.473394024773,73.858057435449,154,93,257,108,108,0.446,opencv_hough_v1,candidate,2026-09-08T16:59:06.196379+00:00
1c765b97-565,mapillary_267033215105455,mapillary,267033215105455,18.473394024773,73.858057435449,154,813,484,148,148,0.386,opencv_hough_v1,candidate,2026-09-08T16:59:06.201295+00:00
e87855ab-f6c,mapillary_267033215105455,mapillary,267033215105455,18.473394024773,73.858057435449,154,928,271,96,146,0.449,opencv_hough_v1,candidate,2026-09-08T16:59:06.206462+00:00
5d2ba131-6ea,mapillary_267033215105455,mapillary,267033215105455,18.473394024773,73.858057435449,154,315,338,106,106,0.511,opencv_hough_v1,candidate,2026-09-08T16:59:06.211224+00:00
76512b00-3b9,mapillary_267033215105455,mapillary,267033215105455,18.473394024773,73.858057435449,154,889,283,124,124,0.411,opencv_hough_v1,candidate,2026-09-08T16:59:06.217724+00:00
37cb64b9-0f0,mapillary_267033215105455,mapillary,267033215105455,18.473394024773,73.858057435449,154,200,215,138,138,0.439,opencv_hough_v1,candidate,2026-09-08T16:59:06.223475+00:00
1be4c36e-91a,mapillary_267033215105455,mapillary,267033215105455,18.473394024773,73.858057435449,154,176,540,120,120,0.457,opencv_hough_v1,candidate,2026-09-08T16:59:06.228288+00:00
dbecb0ed-c3e,mapillary_267033215105455,mapillary,267033215105455,18.473394024773,73.858057435449,154,95,534,120,120,0.448,opencv_hough_v1,candidate,2026-09-08T16:59:06.233036+00:00
aabaa966-5d2,mapillary_267033215105455,mapillary,267033215105455,18.473394024773,73.858057435449,154,896,273,84,84,0.395,opencv_hough_v1,candidate,2026-09-08T16:59:06.237919+00:00
6014e46b-6db,mapillary_267033215105455,mapillary,267033215105455,18.473394024773,73.858057435449,154,272,302,82,82,0.445,opencv_hough_v1,candidate,2026-09-08T16:59:06.242838+00:00
0957cccc-eb0,mapillary_267033215105455,mapillary,267033215105455,18.473394024773,73.858057435449,154,36,387,100,100,0.429,opencv_hough_v1,candidate,2026-09-08T16:59:06.247955+00:00
19ca13fd-4b2,mapillary_267033215105455,mapillary,267033215105455,18.473394024773,73.858057435449,154,765,233,168,168,0.405,opencv_hough_v1,candidate,2026-09-08T16:59:06.253043+00:00
968f85d9-5e0,mapillary_267033215105455,mapillary,267033215105455,18.473394024773,73.858057435449,154,116,598,86,86,0.418,opencv_hough_v1,candidate,2026-09-08T16:59:06.257920+00:00
6c9ab808-1bf,mapillary_267033215105455,mapillary,267033215105455,18.473394024773,73.858057435449,154,71,613,80,80,0.407,opencv_hough_v1,candidate,2026-09-08T16:59:06.262783+00:00
6f015c02-d3b,mapillary_267033215105455,mapillary,267033215105455,18.473394024773,73.858057435449,154,10,627,202,141,0.385,opencv_hough_v1,candidate,2026-09-08T16:59:06.267689+00:00
b9f06eaa-b8a,mapillary_267033215105455,mapillary,267033215105455,18.473394024773,73.858057435449,154,0,476,168,168,0.435,opencv_hough_v1,candidate,2026-09-08T16:59:06.273754+00:00
ec3a9fd6-9b7,mapillary_267033215105455,mapillary,267033215105455,18.473394024773,73.858057435449,154,549,195,168,168,0.467,opencv_hough_v1,candidate,2026-09-08T16:59:06.279438+00:00
e04da1cb-dbd,mapillary_267033215105455,mapillary,267033215105455,18.473394024773,73.858057435449,154,162,605,148,148,0.444,opencv_hough_v1,candidate,2026-09-08T16:59:06.284668+00:00
ce995b88-ac6,mapillary_267033215105455,mapillary,267033215105455,18.473394024773,73.858057435449,154,0,602,146,146,0.439,opencv_hough_v1,candidate,2026-09-08T16:59:06.289477+00:00
fd6c6a36-d62,mapillary_267033215105455,mapillary,267033215105455,18.473394024773,73.858057435449,154,197,591,90,90,0.405,opencv_hough_v1,candidate,2026-09-08T16:59:06.293902+00:00
d9ad27e5-212,mapillary_267033215105455,mapillary,267033215105455,18.473394024773,73.858057435449,154,487,257,90,90,0.449,opencv_hough_v1,candidate,2026-09-08T16:59:06.298843+00:00
5278787c-0c1,mapillary_267033215105455,mapillary,267033215105455,18.473394024773,73.858057435449,154,101,643,164,125,0.418,opencv_hough_v1,candidate,2026-09-08T16:59:06.303673+00:00
edf5b5d9-72f,mapillary_267033215105455,mapillary,267033215105455,18.473394024773,73.858057435449,154,27,241,120,120,0.47,opencv_hough_v1,candidate,2026-09-08T16:59:06.308770+00:00
3f88a336-560,mapillary_267033215105455,mapillary,267033215105455,18.473394024773,73.858057435449,154,286,264,96,96,0.485,opencv_hough_v1,candidate,2026-09-08T16:59:06.313614+00:00
2422d474-446,mapillary_267033215105455,mapillary,267033215105455,18.473394024773,73.858057435449,154,900,442,122,122,0.408,opencv_hough_v1,candidate,2026-09-08T16:59:06.318271+00:00
fa11aebc-1e8,mapillary_267033215105455,mapillary,267033215105455,18.473394024773,73.858057435449,154,932,258,92,96,0.43,opencv_hough_v1,candidate,2026-09-08T16:59:06.323079+00:00
2f4559bb-b05,mapillary_267033215105455,mapillary,267033215105455,18.473394024773,73.858057435449,154,854,470,114,114,0.357,opencv_hough_v1,candidate,2026-09-08T16:59:06.328012+00:00
bc515bde-ad0,mapillary_267033215105455,mapillary,267033215105455,18.473394024773,73.858057435449,154,230,176,168,168,0.426,opencv_hough_v1,candidate,2026-09-08T16:59:06.334817+00:00
94062564-eea,mapillary_267033215105455,mapillary,267033215105455,18.473394024773,73.858057435449,154,208,537,118,118,0.466,opencv_hough_v1,candidate,2026-09-08T16:59:06.341244+00:00
60fbff00-620,mapillary_267033215105455,mapillary,267033215105455,18.473394024773,73.858057435449,154,91,352,124,124,0.489,opencv_hough_v1,candidate,2026-09-08T16:59:06.346394+00:00
16e95efd-f2c,mapillary_267033215105455,mapillary,267033215105455,18.473394024773,73.858057435449,154,336,225,106,106,0.455,opencv_hough_v1,candidate,2026-09-08T16:59:06.351671+00:00
6bb430ea-fa0,mapillary_267033215105455,mapillary,267033215105455,18.473394024773,73.858057435449,154,519,290,82,82,0.451,opencv_hough_v1,candidate,2026-09-08T16:59:06.356609+00:00
9b2ed011-94c,mapillary_267033215105455,mapillary,267033215105455,18.473394024773,73.858057435449,154,480,213,116,116,0.545,opencv_hough_v1,candidate,2026-09-08T16:59:06.361783+00:00
66ee6b58-02c,mapillary_267033215105455,mapillary,267033215105455,18.473394024773,73.858057435449,154,165,197,148,148,0.432,opencv_hough_v1,candidate,2026-09-08T16:59:06.367109+00:00
6074db4e-ff2,mapillary_267033215105455,mapillary,267033215105455,18.473394024773,73.858057435449,154,421,244,98,98,0.425,opencv_hough_v1,candidate,2026-09-08T16:59:06.372293+00:00
fda4ef84-597,mapillary_267033215105455,mapillary,267033215105455,18.473394024773,73.858057435449,154,391,262,64,64,0.378,opencv_hough_v1,candidate,2026-09-08T16:59:06.377223+00:00
fe674168-1b9,mapillary_267033215105455,mapillary,267033215105455,18.473394024773,73.858057435449,154,946,348,60,60,0.379,opencv_hough_v1,candidate,2026-09-08T16:59:06.382784+00:00
ec0f1560-e55,mapillary_267033215105455,mapillary,267033215105455,18.473394024773,73.858057435449,154,0,361,176,176,0.416,opencv_hough_v1,candidate,2026-09-08T16:59:06.388146+00:00
80dc7288-cd7,mapillary_267033215105455,mapillary,267033215105455,18.473394024773,73.858057435449,154,162,349,86,86,0.465,opencv_hough_v1,candidate,2026-09-08T16:59:06.394105+00:00
9004b482-fc9,mapillary_267033215105455,mapillary,267033215105455,18.473394024773,73.858057435449,154,915,436,70,70,0.372,opencv_hough_v1,candidate,2026-09-08T16:59:06.399915+00:00
0ffd261d-bdc,mapillary_267033215105455,mapillary,267033215105455,18.473394024773,73.858057435449,154,14,483,90,90,0.408,opencv_hough_v1,candidate,2026-09-08T16:59:06.404920+00:00
7be7358d-0c0,mapillary_267033215105455,mapillary,267033215105455,18.473394024773,73.858057435449,154,139,537,88,88,0.416,opencv_hough_v1,candidate,2026-09-08T16:59:06.410005+00:00
cb776691-468,mapillary_267033215105455,mapillary,267033215105455,18.473394024773,73.858057435449,154,309,392,58,58,0.453,opencv_hough_v1,candidate,2026-09-08T16:59:06.415507+00:00
487f690f-150,mapillary_267033215105455,mapillary,267033215105455,18.473394024773,73.858057435449,154,823,545,76,76,0.356,opencv_hough_v1,candidate,2026-09-08T16:59:06.420749+00:00
e42a6d7a-271,mapillary_267033215105455,mapillary,267033215105455,18.473394024773,73.858057435449,154,189,532,74,74,0.418,opencv_hough_v1,candidate,2026-09-08T16:59:06.425756+00:00
fc8a9641-a9c,mapillary_267033215105455,mapillary,267033215105455,18.473394024773,73.858057435449,154,268,259,70,70,0.398,opencv_hough_v1,candidate,2026-09-08T16:59:06.430534+00:00
e9082dcd-1b0,mapillary_267033215105455,mapillary,267033215105455,18.473394024773,73.858057435449,154,473,330,132,132,0.555,opencv_hough_v1,candidate,2026-09-08T16:59:06.435932+00:00
7f766bce-245,mapillary_267033215105455,mapillary,267033215105455,18.473394024773,73.858057435449,154,679,257,108,108,0.379,opencv_hough_v1,candidate,2026-09-08T16:59:06.445685+00:00
9a631aee-f1f,mapillary_267033215105455,mapillary,267033215105455,18.473394024773,73.858057435449,154,343,352,114,114,0.527,opencv_hough_v1,candidate,2026-09-08T16:59:06.451807+00:00
2aa275f4-5e3,mapillary_267033215105455,mapillary,267033215105455,18.473394024773,73.858057435449,154,0,594,114,114,0.404,opencv_hough_v1,candidate,2026-09-08T16:59:06.457610+00:00
35061fcc-bf6,mapillary_267033215105455,mapillary,267033215105455,18.473394024773,73.858057435449,154,60,423,88,88,0.377,opencv_hough_v1,candidate,2026-09-08T16:59:06.462240+00:00
fd958744-409,mapillary_267033215105455,mapillary,267033215105455,18.473394024773,73.858057435449,154,867,270,76,76,0.381,opencv_hough_v1,candidate,2026-09-08T16:59:06.466798+00:00
ddcac621-46e,mapillary_267033215105455,mapillary,267033215105455,18.473394024773,73.858057435449,154,34,343,98,98,0.505,opencv_hough_v1,candidate,2026-09-08T16:59:06.471718+00:00
6e26eb05-b2a,mapillary_267033215105455,mapillary,267033215105455,18.473394024773,73.858057435449,154,84,279,66,66,0.365,opencv_hough_v1,candidate,2026-09-08T16:59:06.476585+00:00
8fb4721f-143,mapillary_267033215105455,mapillary,267033215105455,18.473394024773,73.858057435449,154,790,292,110,110,0.394,opencv_hough_v1,candidate,2026-09-08T16:59:06.481737+00:00
a8ec88cc-cbe,mapillary_267033215105455,mapillary,267033215105455,18.473394024773,73.858057435449,154,527,214,92,92,0.545,opencv_hough_v1,candidate,2026-09-08T16:59:06.486773+00:00
feaec7d2-4cf,mapillary_267033215105455,mapillary,267033215105455,18.473394024773,73.858057435449,154,666,258,78,78,0.369,opencv_hough_v1,candidate,2026-09-08T16:59:06.492944+00:00
735a709c-3e2,mapillary_267033215105455,mapillary,267033215105455,18.473394024773,73.858057435449,154,920,485,100,100,0.383,opencv_hough_v1,candidate,2026-09-08T16:59:06.498227+00:00
915b05ef-d30,mapillary_267033215105455,mapillary,267033215105455,18.473394024773,73.858057435449,154,472,262,56,56,0.416,opencv_hough_v1,candidate,2026-09-08T16:59:06.503127+00:00
54035ce8-fcd,mapillary_267033215105455,mapillary,267033215105455,18.473394024773,73.858057435449,154,147,227,86,86,0.431,opencv_hough_v1,candidate,2026-09-08T16:59:06.514899+00:00
77717713-88a,mapillary_267033215105455,mapillary,267033215105455,18.473394024773,73.858057435449,154,625,323,76,76,0.355,opencv_hough_v1,candidate,2026-09-08T16:59:06.520613+00:00
5740413b-af5,mapillary_267033215105455,mapillary,267033215105455,18.473394024773,73.858057435449,154,0,348,126,126,0.416,opencv_hough_v1,candidate,2026-09-08T16:59:06.525507+00:00
434d1600-ba6,mapillary_267033215105455,mapillary,267033215105455,18.473394024773,73.858057435449,154,971,257,53,90,0.424,opencv_hough_v1,candidate,2026-09-08T16:59:06.530805+00:00
91f314ef-aaa,mapillary_267033215105455,mapillary,267033215105455,18.473394024773,73.858057435449,154,313,243,80,80,0.436,opencv_hough_v1,candidate,2026-09-08T16:59:06.535945+00:00
820cabbb-751,mapillary_267033215105455,mapillary,267033215105455,18.473394024773,73.858057435449,154,239,592,68,68,0.393,opencv_hough_v1,candidate,2026-09-08T16:59:06.540774+00:00
2c29ba97-15e,mapillary_267033215105455,mapillary,267033215105455,18.473394024773,73.858057435449,154,538,265,58,58,0.437,opencv_hough_v1,candidate,2026-09-08T16:59:06.545902+00:00
1d9a8296-706,mapillary_267033215105455,mapillary,267033215105455,18.473394024773,73.858057435449,154,761,272,48,48,0.369,opencv_hough_v1,candidate,2026-09-08T16:59:06.550730+00:00
8f946ce8-d02,mapillary_267033215105455,mapillary,267033215105455,18.473394024773,73.858057435449,154,638,285,106,106,0.366,opencv_hough_v1,candidate,2026-09-08T16:59:06.560830+00:00
9845d8da-bb0,mapillary_267033215105455,mapillary,267033215105455,18.473394024773,73.858057435449,154,227,645,102,102,0.416,opencv_hough_v1,candidate,2026-09-08T16:59:06.565750+00:00
4e8e8574-5ec,mapillary_267033215105455,mapillary,267033215105455,18.473394024773,73.858057435449,154,489,317,72,72,0.468,opencv_hough_v1,candidate,2026-09-08T16:59:06.572305+00:00
30a0ab0e-f96,mapillary_267033215105455,mapillary,267033215105455,18.473394024773,73.858057435449,154,693,558,192,192,0.389,opencv_hough_v1,candidate,2026-09-08T16:59:06.583571+00:00
8c5f665f-508,mapillary_267033215105455,mapillary,267033215105455,18.473394024773,73.858057435449,154,969,336,55,76,0.369,opencv_hough_v1,candidate,2026-09-08T16:59:06.588466+00:00
a6edc2a7-33f,mapillary_267033215105455,mapillary,267033215105455,18.473394024773,73.858057435449,154,932,404,66,66,0.358,opencv_hough_v1,candidate,2026-09-08T16:59:06.594130+00:00
000295b2-991,mapillary_267033215105455,mapillary,267033215105455,18.473394024773,73.858057435449,154,779,339,76,76,0.358,opencv_hough_v1,candidate,2026-09-08T16:59:06.599248+00:00
5280bf08-910,mapillary_267033215105455,mapillary,267033215105455,18.473394024773,73.858057435449,154,846,220,76,76,0.408,opencv_hough_v1,candidate,2026-09-08T16:59:06.604236+00:00
ae2add53-98e,mapillary_267033215105455,mapillary,267033215105455,18.473394024773,73.858057435449,154,123,244,62,62,0.455,opencv_hough_v1,candidate,2026-09-08T16:59:06.608875+00:00
07cca1e3-88e,mapillary_267033215105455,mapillary,267033215105455,18.473394024773,73.858057435449,154,90,250,52,52,0.445,opencv_hough_v1,candidate,2026-09-08T16:59:06.613885+00:00
3adb58de-d68,mapillary_267033215105455,mapillary,267033215105455,18.473394024773,73.858057435449,154,410,215,96,96,0.461,opencv_hough_v1,candidate,2026-09-08T16:59:06.618747+00:00
9531ad47-b15,mapillary_267033215105455,mapillary,267033215105455,18.473394024773,73.858057435449,154,344,399,54,54,0.47,opencv_hough_v1,candidate,2026-09-08T16:59:06.623382+00:00
0ce910ad-bf4,mapillary_267033215105455,mapillary,267033215105455,18.473394024773,73.858057435449,154,328,398,116,116,0.524,opencv_hough_v1,candidate,2026-09-08T16:59:06.628365+00:00
08cc6821-116,mapillary_267033215105455,mapillary,267033215105455,18.473394024773,73.858057435449,154,31,225,76,76,0.474,opencv_hough_v1,candidate,2026-09-08T16:59:06.645275+00:00
9911dc45-a2c,mapillary_267033215105455,mapillary,267033215105455,18.473394024773,73.858057435449,154,247,598,104,104,0.432,opencv_hough_v1,candidate,2026-09-08T16:59:06.655204+00:00
6efc2d2c-4c0,mapillary_267033215105455,mapillary,267033215105455,18.473394024773,73.858057435449,154,392,230,62,62,0.41,opencv_hough_v1,candidate,2026-09-08T16:59:06.660100+00:00
ca141dd2-a65,mapillary_267033215105455,mapillary,267033215105455,18.473394024773,73.858057435449,154,975,479,49,92,0.37,opencv_hough_v1,candidate,2026-09-08T16:59:06.665369+00:00
1ddd3b01-358,mapillary_152469530173725,mapillary,152469530173725,18.47468512208,73.862409346909,360,131,279,238,238,0.39,opencv_hough_v1,candidate,2026-09-08T16:59:07.651224+00:00
9b2ae7b8-b4d,mapillary_152469530173725,mapillary,152469530173725,18.47468512208,73.862409346909,360,105,301,238,238,0.381,opencv_hough_v1,candidate,2026-09-08T16:59:07.662892+00:00
d426de3b-971,mapillary_152469530173725,mapillary,152469530173725,18.47468512208,73.862409346909,360,44,261,238,238,0.386,opencv_hough_v1,candidate,2026-09-08T16:59:07.674761+00:00
c7c4debe-ee2,mapillary_152469530173725,mapillary,152469530173725,18.47468512208,73.862409346909,360,77,283,238,238,0.379,opencv_hough_v1,candidate,2026-09-08T16:59:07.682772+00:00
f38df4e0-3ec,mapillary_152469530173725,mapillary,152469530173725,18.47468512208,73.862409346909,360,86,263,218,218,0.421,opencv_hough_v1,candidate,2026-09-08T16:59:07.690869+00:00
8129d340-aa4,mapillary_152469530173725,mapillary,152469530173725,18.47468512208,73.862409346909,360,785,259,238,238,0.394,opencv_hough_v1,candidate,2026-09-08T16:59:07.699083+00:00
bb0a6513-117,mapillary_152469530173725,mapillary,152469530173725,18.47468512208,73.862409346909,360,527,261,196,196,0.48,opencv_hough_v1,candidate,2026-09-08T16:59:07.707129+00:00
0a85e00c-859,mapillary_152469530173725,mapillary,152469530173725,18.47468512208,73.862409346909,360,292,261,186,186,0.446,opencv_hough_v1,candidate,2026-09-08T16:59:07.714405+00:00
32dd0444-a34,mapillary_152469530173725,mapillary,152469530173725,18.47468512208,73.862409346909,360,131,267,196,196,0.451,opencv_hough_v1,candidate,2026-09-08T16:59:07.721246+00:00
301240a1-ed2,mapillary_152469530173725,mapillary,152469530173725,18.47468512208,73.862409346909,360,445,263,172,172,0.453,opencv_hough_v1,candidate,2026-09-08T16:59:07.728812+00:00
5caa0710-330,mapillary_152469530173725,mapillary,152469530173725,18.47468512208,73.862409346909,360,25,257,218,218,0.408,opencv_hough_v1,candidate,2026-09-08T16:59:07.737975+00:00
f07664d7-b95,mapillary_152469530173725,mapillary,152469530173725,18.47468512208,73.862409346909,360,33,302,238,238,0.355,opencv_hough_v1,candidate,2026-09-08T16:59:07.748643+00:00
bfce0b65-887,mapillary_152469530173725,mapillary,152469530173725,18.47468512208,73.862409346909,360,312,295,178,178,0.44,opencv_hough_v1,candidate,2026-09-08T16:59:07.759076+00:00
88f93559-559,mapillary_152469530173725,mapillary,152469530173725,18.47468512208,73.862409346909,360,275,349,238,238,0.436,opencv_hough_v1,candidate,2026-09-08T16:59:07.767297+00:00
5b2b3134-695,mapillary_152469530173725,mapillary,152469530173725,18.47468512208,73.862409346909,360,354,263,170,170,0.454,opencv_hough_v1,candidate,2026-09-08T16:59:07.774460+00:00
49caf5bd-8f8,mapillary_152469530173725,mapillary,152469530173725,18.47468512208,73.862409346909,360,840,265,184,202,0.387,opencv_hough_v1,candidate,2026-09-08T16:59:07.780768+00:00
aed1086e-8ef,mapillary_152469530173725,mapillary,152469530173725,18.47468512208,73.862409346909,360,778,262,194,194,0.439,opencv_hough_v1,candidate,2026-09-08T16:59:07.787470+00:00
f8824a0d-a88,mapillary_152469530173725,mapillary,152469530173725,18.47468512208,73.862409346909,360,760,289,212,212,0.434,opencv_hough_v1,candidate,2026-09-08T16:59:07.802835+00:00
7264e1cc-3b0,mapillary_152469530173725,mapillary,152469530173725,18.47468512208,73.862409346909,360,615,355,238,238,0.479,opencv_hough_v1,candidate,2026-09-08T16:59:07.810802+00:00
a9a045aa-ddb,mapillary_152469530173725,mapillary,152469530173725,18.47468512208,73.862409346909,360,174,263,170,170,0.497,opencv_hough_v1,candidate,2026-09-08T16:59:07.819714+00:00
d1b7b76a-33a,mapillary_152469530173725,mapillary,152469530173725,18.47468512208,73.862409346909,360,267,288,156,156,0.491,opencv_hough_v1,candidate,2026-09-08T16:59:07.827333+00:00
5f23b848-1ca,mapillary_152469530173725,mapillary,152469530173725,18.47468512208,73.862409346909,360,314,364,238,238,0.443,opencv_hough_v1,candidate,2026-09-08T16:59:07.834060+00:00
fad5957d-114,mapillary_152469530173725,mapillary,152469530173725,18.47468512208,73.862409346909,360,246,369,238,238,0.414,opencv_hough_v1,candidate,2026-09-08T16:59:07.841724+00:00
07c3d129-ffc,mapillary_152469530173725,mapillary,152469530173725,18.47468512208,73.862409346909,360,346,339,238,238,0.441,opencv_hough_v1,candidate,2026-09-08T16:59:07.849395+00:00
9463a88e-6cf,mapillary_152469530173725,mapillary,152469530173725,18.47468512208,73.862409346909,360,381,345,238,238,0.446,opencv_hough_v1,candidate,2026-09-08T16:59:07.857551+00:00
086052a1-a9c,mapillary_152469530173725,mapillary,152469530173725,18.47468512208,73.862409346909,360,740,279,178,178,0.475,opencv_hough_v1,candidate,2026-09-08T16:59:07.864767+00:00
3f66b63c-2b6,mapillary_152469530173725,mapillary,152469530173725,18.47468512208,73.862409346909,360,182,332,178,178,0.439,opencv_hough_v1,candidate,2026-09-08T16:59:07.871919+00:00
f1715489-635,mapillary_152469530173725,mapillary,152469530173725,18.47468512208,73.862409346909,360,403,266,152,152,0.472,opencv_hough_v1,candidate,2026-09-08T16:59:07.878966+00:00
3f234cfb-2e2,mapillary_152469530173725,mapillary,152469530173725,18.47468512208,73.862409346909,360,512,264,168,168,0.485,opencv_hough_v1,candidate,2026-09-08T16:59:07.887357+00:00
47f24670-77e,mapillary_152469530173725,mapillary,152469530173725,18.47468512208,73.862409346909,360,656,271,144,144,0.53,opencv_hough_v1,candidate,2026-09-08T16:59:07.894634+00:00
436e558e-46c,mapillary_152469530173725,mapillary,152469530173725,18.47468512208,73.862409346909,360,475,298,164,164,0.466,opencv_hough_v1,candidate,2026-09-08T16:59:07.901280+00:00
015a9fb7-9c4,mapillary_152469530173725,mapillary,152469530173725,18.47468512208,73.862409346909,360,335,256,140,140,0.495,opencv_hough_v1,candidate,2026-09-08T16:59:07.907090+00:00
2b5e4ca7-31b,mapillary_152469530173725,mapillary,152469530173725,18.47468512208,73.862409346909,360,278,260,132,132,0.511,opencv_hough_v1,candidate,2026-09-08T16:59:07.913308+00:00
6d401825-2d1,mapillary_152469530173725,mapillary,152469530173725,18.47468512208,73.862409346909,360,339,384,238,238,0.443,opencv_hough_v1,candidate,2026-09-08T16:59:07.920010+00:00
8fd4a09b-c78,mapillary_152469530173725,mapillary,152469530173725,18.47468512208,73.862409346909,360,292,326,156,156,0.469,opencv_hough_v1,candidate,2026-09-08T16:59:07.927062+00:00
9c6a0f5e-e78,mapillary_152469530173725,mapillary,152469530173725,18.47468512208,73.862409346909,360,7,257,184,184,0.445,opencv_hough_v1,candidate,2026-09-08T16:59:07.933840+00:00
ba744ac4-b13,mapillary_152469530173725,mapillary,152469530173725,18.47468512208,73.862409346909,360,149,257,156,156,0.524,opencv_hough_v1,candidate,2026-09-08T16:59:07.941878+00:00
09607bf8-24a,mapillary_152469530173725,mapillary,152469530173725,18.47468512208,73.862409346909,360,412,308,144,144,0.479,opencv_hough_v1,candidate,2026-09-08T16:59:07.950491+00:00
c715cb8b-99e,mapillary_152469530173725,mapillary,152469530173725,18.47468512208,73.862409346909,360,198,396,238,238,0.386,opencv_hough_v1,candidate,2026-09-08T16:59:07.958390+00:00
b6148d47-8b5,mapillary_152469530173725,mapillary,152469530173725,18.47468512208,73.862409346909,360,597,379,238,238,0.477,opencv_hough_v1,candidate,2026-09-08T16:59:07.964947+00:00
ce7af3d4-4e7,mapillary_152469530173725,mapillary,152469530173725,18.47468512208,73.862409346909,360,434,361,238,238,0.451,opencv_hough_v1,candidate,2026-09-08T16:59:07.971573+00:00
f8574dd0-4c1,mapillary_152469530173725,mapillary,152469530173725,18.47468512208,73.862409346909,360,512,165,238,238,0.489,opencv_hough_v1,candidate,2026-09-08T16:59:07.977967+00:00
7c751ec3-1f5,mapillary_152469530173725,mapillary,152469530173725,18.47468512208,73.862409346909,360,376,387,238,238,0.448,opencv_hough_v1,candidate,2026-09-08T16:59:07.984929+00:00
2133def1-e4f,mapillary_152469530173725,mapillary,152469530173725,18.47468512208,73.862409346909,360,843,308,178,178,0.421,opencv_hough_v1,candidate,2026-09-08T16:59:07.991914+00:00
9e6393fb-ea3,mapillary_152469530173725,mapillary,152469530173725,18.47468512208,73.862409346909,360,591,282,146,146,0.524,opencv_hough_v1,candidate,2026-09-08T16:59:07.998317+00:00
c5bc62fc-14b,mapillary_152469530173725,mapillary,152469530173725,18.47468512208,73.862409346909,360,500,355,238,238,0.457,opencv_hough_v1,candidate,2026-09-08T16:59:08.005067+00:00
2813a9c0-c74,mapillary_152469530173725,mapillary,152469530173725,18.47468512208,73.862409346909,360,128,272,138,138,0.526,opencv_hough_v1,candidate,2026-09-08T16:59:08.011293+00:00
6ae349e9-126,mapillary_152469530173725,mapillary,152469530173725,18.47468512208,73.862409346909,360,312,402,238,238,0.434,opencv_hough_v1,candidate,2026-09-08T16:59:08.018226+00:00
2b07b73e-c0a,mapillary_152469530173725,mapillary,152469530173725,18.47468512208,73.862409346909,360,560,345,238,238,0.468,opencv_hough_v1,candidate,2026-09-08T16:59:08.024850+00:00
f59f4006-f1c,mapillary_152469530173725,mapillary,152469530173725,18.47468512208,73.862409346909,360,647,363,238,238,0.489,opencv_hough_v1,candidate,2026-09-08T16:59:08.030996+00:00
581f1f68-ba5,mapillary_152469530173725,mapillary,152469530173725,18.47468512208,73.862409346909,360,800,314,186,186,0.446,opencv_hough_v1,candidate,2026-09-08T16:59:08.037101+00:00
3f9dde99-6f6,mapillary_152469530173725,mapillary,152469530173725,18.47468512208,73.862409346909,360,545,376,238,238,0.469,opencv_hough_v1,candidate,2026-09-08T16:59:08.043658+00:00
b0fc4518-1b5,mapillary_152469530173725,mapillary,152469530173725,18.47468512208,73.862409346909,360,692,288,138,138,0.517,opencv_hough_v1,candidate,2026-09-08T16:59:08.050138+00:00
befbb6ab-a78,mapillary_152469530173725,mapillary,152469530173725,18.47468512208,73.862409346909,360,818,256,172,172,0.442,opencv_hough_v1,candidate,2026-09-08T16:59:08.056668+00:00
b2efa778-cc3,mapillary_152469530173725,mapillary,152469530173725,18.47468512208,73.862409346909,360,80,254,168,168,0.501,opencv_hough_v1,candidate,2026-09-08T16:59:08.063082+00:00
ba4b51e1-50b,mapillary_152469530173725,mapillary,152469530173725,18.47468512208,73.862409346909,360,553,317,146,146,0.513,opencv_hough_v1,candidate,2026-09-08T16:59:08.070714+00:00
c64635a2-20e,mapillary_152469530173725,mapillary,152469530173725,18.47468512208,73.862409346909,360,485,145,238,238,0.503,opencv_hough_v1,candidate,2026-09-08T16:59:08.079702+00:00
76224df5-88a,mapillary_152469530173725,mapillary,152469530173725,18.47468512208,73.862409346909,360,574,256,146,146,0.544,opencv_hough_v1,candidate,2026-09-08T16:59:08.085228+00:00
5c36ee6d-3d1,mapillary_152469530173725,mapillary,152469530173725,18.47468512208,73.862409346909,360,653,313,136,136,0.525,opencv_hough_v1,candidate,2026-09-08T16:59:08.091240+00:00
4cb53940-57b,mapillary_152469530173725,mapillary,152469530173725,18.47468512208,73.862409346909,360,219,372,144,144,0.47,opencv_hough_v1,candidate,2026-09-08T16:59:08.096878+00:00
05cd91ec-c00,mapillary_152469530173725,mapillary,152469530173725,18.47468512208,73.862409346909,360,465,385,238,238,0.461,opencv_hough_v1,candidate,2026-09-08T16:59:08.102928+00:00
66a855e4-b7c,mapillary_152469530173725,mapillary,152469530173725,18.47468512208,73.862409346909,360,170,363,156,156,0.441,opencv_hough_v1,candidate,2026-09-08T16:59:08.108491+00:00
ad6afe17-443,mapillary_152469530173725,mapillary,152469530173725,18.47468512208,73.862409346909,360,34,382,194,194,0.359,opencv_hough_v1,candidate,2026-09-08T16:59:08.114727+00:00
deb8c140-772,mapillary_152469530173725,mapillary,152469530173725,18.47468512208,73.862409346909,360,234,400,238,238,0.397,opencv_hough_v1,candidate,2026-09-08T16:59:08.120761+00:00
01a06728-579,mapillary_152469530173725,mapillary,152469530173725,18.47468512208,73.862409346909,360,266,396,238,238,0.413,opencv_hough_v1,candidate,2026-09-08T16:59:08.127849+00:00
e2f5206c-46b,mapillary_152469530173725,mapillary,152469530173725,18.47468512208,73.862409346909,360,72,362,198,198,0.375,opencv_hough_v1,candidate,2026-09-08T16:59:08.133853+00:00
1b6045dc-776,mapillary_152469530173725,mapillary,152469530173725,18.47468512208,73.862409346909,360,455,314,140,140,0.483,opencv_hough_v1,candidate,2026-09-08T16:59:08.139934+00:00
b4ed709d-9e5,mapillary_152469530173725,mapillary,152469530173725,18.47468512208,73.862409346909,360,515,381,238,238,0.465,opencv_hough_v1,candidate,2026-09-08T16:59:08.145883+00:00
a4e41017-e59,mapillary_152469530173725,mapillary,152469530173725,18.47468512208,73.862409346909,360,786,262,138,138,0.512,opencv_hough_v1,candidate,2026-09-08T16:59:08.152005+00:00
b3ba058f-f22,mapillary_152469530173725,mapillary,152469530173725,18.47468512208,73.862409346909,360,525,313,140,140,0.499,opencv_hough_v1,candidate,2026-09-08T16:59:08.157639+00:00
347332a3-fa5,mapillary_152469530173725,mapillary,152469530173725,18.47468512208,73.862409346909,360,339,420,238,238,0.438,opencv_hough_v1,candidate,2026-09-08T16:59:08.163347+00:00
0e0b5a44-a6c,mapillary_152469530173725,mapillary,152469530173725,18.47468512208,73.862409346909,360,386,257,124,124,0.472,opencv_hough_v1,candidate,2026-09-08T16:59:08.174212+00:00
81c8b9ac-ed5,mapillary_152469530173725,mapillary,152469530173725,18.47468512208,73.862409346909,360,175,389,162,162,0.436,opencv_hough_v1,candidate,2026-09-08T16:59:08.179846+00:00
c63ca7a9-c24,mapillary_152469530173725,mapillary,152469530173725,18.47468512208,73.862409346909,360,286,360,144,144,0.48,opencv_hough_v1,candidate,2026-09-08T16:59:08.187030+00:00
618bd16b-2de,mapillary_152469530173725,mapillary,152469530173725,18.47468512208,73.862409346909,360,235,296,110,110,0.51,opencv_hough_v1,candidate,2026-09-08T16:59:08.193657+00:00
4bd565e1-4a4,mapillary_152469530173725,mapillary,152469530173725,18.47468512208,73.862409346909,360,174,404,194,194,0.411,opencv_hough_v1,candidate,2026-09-08T16:59:08.199299+00:00
c95efeff-dbf,mapillary_152469530173725,mapillary,152469530173725,18.47468512208,73.862409346909,360,22,350,186,186,0.379,opencv_hough_v1,candidate,2026-09-08T16:59:08.204983+00:00
8b19a970-306,mapillary_152469530173725,mapillary,152469530173725,18.47468512208,73.862409346909,360,505,338,140,140,0.511,opencv_hough_v1,candidate,2026-09-08T16:59:08.210635+00:00
82699f89-531,mapillary_152469530173725,mapillary,152469530173725,18.47468512208,73.862409346909,360,390,451,238,238,0.429,opencv_hough_v1,candidate,2026-09-08T16:59:08.216715+00:00
5ab1772a-d62,mapillary_152469530173725,mapillary,152469530173725,18.47468512208,73.862409346909,360,52,142,238,238,0.523,opencv_hough_v1,candidate,2026-09-08T16:59:08.222414+00:00
c8eebf21-3ec,mapillary_152469530173725,mapillary,152469530173725,18.47468512208,73.862409346909,360,261,426,238,238,0.399,opencv_hough_v1,candidate,2026-09-08T16:59:08.228561+00:00
aaddbf31-7c2,mapillary_152469530173725,mapillary,152469530173725,18.47468512208,73.862409346909,360,648,393,238,238,0.479,opencv_hough_v1,candidate,2026-09-08T16:59:08.234679+00:00
4e272bfe-553,mapillary_152469530173725,mapillary,152469530173725,18.47468512208,73.862409346909,360,439,353,184,184,0.489,opencv_hough_v1,candidate,2026-09-08T16:59:08.240349+00:00
03943fa1-dc9,mapillary_152469530173725,mapillary,152469530173725,18.47468512208,73.862409346909,360,55,461,176,176,0.351,opencv_hough_v1,candidate,2026-09-08T16:59:08.247972+00:00
dbff3845-88e,mapillary_152469530173725,mapillary,152469530173725,18.47468512208,73.862409346909,360,663,141,238,238,0.524,opencv_hough_v1,candidate,2026-09-08T16:59:08.260197+00:00
70633c57-d27,mapillary_152469530173725,mapillary,152469530173725,18.47468512208,73.862409346909,360,10,331,156,156,0.413,opencv_hough_v1,candidate,2026-09-08T16:59:08.265742+00:00
acddc407-334,mapillary_152469530173725,mapillary,152469530173725,18.47468512208,73.862409346909,360,263,378,132,132,0.475,opencv_hough_v1,candidate,2026-09-08T16:59:08.271453+00:00
75a3f0ae-3ef,mapillary_152469530173725,mapillary,152469530173725,18.47468512208,73.862409346909,360,475,257,120,120,0.473,opencv_hough_v1,candidate,2026-09-08T16:59:08.277788+00:00
3ca6e7c1-af9,mapillary_152469530173725,mapillary,152469530173725,18.47468512208,73.862409346909,360,725,281,128,128,0.515,opencv_hough_v1,candidate,2026-09-08T16:59:08.283803+00:00
377d4445-2a1,mapillary_152469530173725,mapillary,152469530173725,18.47468512208,73.862409346909,360,53,250,162,162,0.506,opencv_hough_v1,candidate,2026-09-08T16:59:08.290619+00:00
295c8332-f77,mapillary_152469530173725,mapillary,152469530173725,18.47468512208,73.862409346909,360,227,256,104,104,0.499,opencv_hough_v1,candidate,2026-09-08T16:59:08.296961+00:00
e4d7e9b7-cfb,mapillary_152469530173725,mapillary,152469530173725,18.47468512208,73.862409346909,360,127,466,164,164,0.377,opencv_hough_v1,candidate,2026-09-08T16:59:08.303892+00:00
262eed30-796,mapillary_152469530173725,mapillary,152469530173725,18.47468512208,73.862409346909,360,271,299,98,98,0.498,opencv_hough_v1,candidate,2026-09-08T16:59:08.310495+00:00
3a4fc614-3bb,mapillary_152469530173725,mapillary,152469530173725,18.47468512208,73.862409346909,360,278,340,114,114,0.464,opencv_hough_v1,candidate,2026-09-08T16:59:08.317322+00:00
36151656-283,mapillary_152469530173725,mapillary,152469530173725,18.47468512208,73.862409346909,360,11,139,238,238,0.524,opencv_hough_v1,candidate,2026-09-08T16:59:08.324028+00:00
e8032a45-517,mapillary_152469530173725,mapillary,152469530173725,18.47468512208,73.862409346909,360,412,408,222,222,0.473,opencv_hough_v1,candidate,2026-09-08T16:59:08.330808+00:00
d2c338ba-0cc,mapillary_152469530173725,mapillary,152469530173725,18.47468512208,73.862409346909,360,188,438,186,186,0.415,opencv_hough_v1,candidate,2026-09-08T16:59:08.337072+00:00
42ffc679-aad,mapillary_152469530173725,mapillary,152469530173725,18.47468512208,73.862409346909,360,46,326,146,146,0.437,opencv_hough_v1,candidate,2026-09-08T16:59:08.343543+00:00
5b9ab5e1-236,mapillary_152469530173725,mapillary,152469530173725,18.47468512208,73.862409346909,360,556,260,122,122,0.52,opencv_hough_v1,candidate,2026-09-08T16:59:08.349337+00:00
c549a4a3-f19,mapillary_152469530173725,mapillary,152469530173725,18.47468512208,73.862409346909,360,319,256,110,110,0.478,opencv_hough_v1,candidate,2026-09-08T16:59:08.355348+00:00
b2ceadf4-3ec,mapillary_152469530173725,mapillary,152469530173725,18.47468512208,73.862409346909,360,722,401,210,210,0.533,opencv_hough_v1,candidate,2026-09-08T16:59:08.362407+00:00
c3c054bf-26d,mapillary_152469530173725,mapillary,152469530173725,18.47468512208,73.862409346909,360,2,310,136,136,0.444,opencv_hough_v1,candidate,2026-09-08T16:59:08.369118+00:00
1ca03f76-474,mapillary_152469530173725,mapillary,152469530173725,18.47468512208,73.862409346909,360,706,346,118,118,0.514,opencv_hough_v1,candidate,2026-09-08T16:59:08.374926+00:00
72ce51fc-dc5,mapillary_152469530173725,mapillary,152469530173725,18.47468512208,73.862409346909,360,629,329,114,114,0.503,opencv_hough_v1,candidate,2026-09-08T16:59:08.381159+00:00
9a3a296d-d17,mapillary_152469530173725,mapillary,152469530173725,18.47468512208,73.862409346909,360,572,405,238,238,0.462,opencv_hough_v1,candidate,2026-09-08T16:59:08.387195+00:00
2370c50a-84d,mapillary_152469530173725,mapillary,152469530173725,18.47468512208,73.862409346909,360,428,394,186,186,0.514,opencv_hough_v1,candidate,2026-09-08T16:59:08.393061+00:00
f2155461-a42,mapillary_152469530173725,mapillary,152469530173725,18.47468512208,73.862409346909,360,693,397,206,206,0.535,opencv_hough_v1,candidate,2026-09-08T16:59:08.399668+00:00
a9bf5ae4-809,mapillary_152469530173725,mapillary,152469530173725,18.47468512208,73.862409346909,360,880,286,144,186,0.386,opencv_hough_v1,candidate,2026-09-08T16:59:08.405923+00:00
b9d338ca-122,mapillary_152469530173725,mapillary,152469530173725,18.47468512208,73.862409346909,360,361,355,112,112,0.426,opencv_hough_v1,candidate,2026-09-08T16:59:08.411458+00:00
bb0ede2e-291,mapillary_152469530173725,mapillary,152469530173725,18.47468512208,73.862409346909,360,620,403,238,238,0.465,opencv_hough_v1,candidate,2026-09-08T16:59:08.417232+00:00
d6575c6a-36a,mapillary_152469530173725,mapillary,152469530173725,18.47468512208,73.862409346909,360,441,262,112,112,0.454,opencv_hough_v1,candidate,2026-09-08T16:59:08.424175+00:00
5c216513-304,mapillary_152469530173725,mapillary,152469530173725,18.47468512208,73.862409346909,360,370,420,238,238,0.44,opencv_hough_v1,candidate,2026-09-08T16:59:08.430971+00:00
f39bd4d7-52d,mapillary_152469530173725,mapillary,152469530173725,18.47468512208,73.862409346909,360,766,369,238,238,0.474,opencv_hough_v1,candidate,2026-09-08T16:59:08.436895+00:00
c81f613b-81d,mapillary_152469530173725,mapillary,152469530173725,18.47468512208,73.862409346909,360,719,163,202,202,0.558,opencv_hough_v1,candidate,2026-09-08T16:59:08.442632+00:00
2b20f3b6-3b5,mapillary_152469530173725,mapillary,152469530173725,18.47468512208,73.862409346909,360,862,367,132,132,0.468,opencv_hough_v1,candidate,2026-09-08T16:59:08.448379+00:00
5d135fbe-1db,mapillary_152469530173725,mapillary,152469530173725,18.47468512208,73.862409346909,360,197,256,102,102,0.504,opencv_hough_v1,candidate,2026-09-08T16:59:08.454002+00:00
068ac990-738,mapillary_152469530173725,mapillary,152469530173725,18.47468512208,73.862409346909,360,455,415,238,238,0.45,opencv_hough_v1,candidate,2026-09-08T16:59:08.459836+00:00
44db3b2a-92c,mapillary_152469530173725,mapillary,152469530173725,18.47468512208,73.862409346909,360,459,361,104,104,0.426,opencv_hough_v1,candidate,2026-09-08T16:59:08.465772+00:00
cbb28c3a-8dd,mapillary_152469530173725,mapillary,152469530173725,18.47468512208,73.862409346909,360,273,257,96,96,0.489,opencv_hough_v1,candidate,2026-09-08T16:59:08.471858+00:00
b1684968-cef,mapillary_152469530173725,mapillary,152469530173725,18.47468512208,73.862409346909,360,298,429,238,238,0.42,opencv_hough_v1,candidate,2026-09-08T16:59:08.479298+00:00
b92f0529-1e8,mapillary_152469530173725,mapillary,152469530173725,18.47468512208,73.862409346909,360,38,215,162,162,0.553,opencv_hough_v1,candidate,2026-09-08T16:59:08.486628+00:00
cf0933af-18e,mapillary_152469530173725,mapillary,152469530173725,18.47468512208,73.862409346909,360,902,272,120,120,0.427,opencv_hough_v1,candidate,2026-09-08T16:59:08.492696+00:00
3cf0f073-9a7,mapillary_152469530173725,mapillary,152469530173725,18.47468512208,73.862409346909,360,232,342,106,106,0.48,opencv_hough_v1,candidate,2026-09-08T16:59:08.498590+00:00
9cc4b0b2-8a3,mapillary_152469530173725,mapillary,152469530173725,18.47468512208,73.862409346909,360,438,395,230,230,0.465,opencv_hough_v1,candidate,2026-09-08T16:59:08.505328+00:00
916f8385-8a7,mapillary_152469530173725,mapillary,152469530173725,18.47468512208,73.862409346909,360,740,354,110,110,0.506,opencv_hough_v1,candidate,2026-09-08T16:59:08.519408+00:00
436c3eae-599,mapillary_152469530173725,mapillary,152469530173725,18.47468512208,73.862409346909,360,513,265,110,110,0.482,opencv_hough_v1,candidate,2026-09-08T16:59:08.526582+00:00
d2f44d76-0d6,mapillary_152469530173725,mapillary,152469530173725,18.47468512208,73.862409346909,360,867,259,94,94,0.464,opencv_hough_v1,candidate,2026-09-08T16:59:08.533887+00:00
fc231b0b-f6e,mapillary_152469530173725,mapillary,152469530173725,18.47468512208,73.862409346909,360,539,435,238,238,0.438,opencv_hough_v1,candidate,2026-09-08T16:59:08.552095+00:00
68ae47a2-a82,mapillary_152469530173725,mapillary,152469530173725,18.47468512208,73.862409346909,360,670,424,238,238,0.46,opencv_hough_v1,candidate,2026-09-08T16:59:08.558830+00:00
89b51226-369,mapillary_152469530173725,mapillary,152469530173725,18.47468512208,73.862409346909,360,914,263,110,218,0.368,opencv_hough_v1,candidate,2026-09-08T16:59:08.564966+00:00
423cc099-1a9,mapillary_152469530173725,mapillary,152469530173725,18.47468512208,73.862409346909,360,559,165,188,188,0.583,opencv_hough_v1,candidate,2026-09-08T16:59:08.571169+00:00
18446046-49d,mapillary_152469530173725,mapillary,152469530173725,18.47468512208,73.862409346909,360,3,290,118,118,0.44,opencv_hough_v1,candidate,2026-09-08T16:59:08.577274+00:00
189c05ed-bad,mapillary_152469530173725,mapillary,152469530173725,18.47468512208,73.862409346909,360,163,441,176,176,0.394,opencv_hough_v1,candidate,2026-09-08T16:59:08.582888+00:00
19489aa9-ed7,mapillary_152469530173725,mapillary,152469530173725,18.47468512208,73.862409346909,360,641,291,106,106,0.498,opencv_hough_v1,candidate,2026-09-08T16:59:08.588784+00:00
c2322464-fbc,mapillary_152469530173725,mapillary,152469530173725,18.47468512208,73.862409346909,360,579,378,132,132,0.562,opencv_hough_v1,candidate,2026-09-08T16:59:08.594771+00:00
0b35bafa-a11,mapillary_152469530173725,mapillary,152469530173725,18.47468512208,73.862409346909,360,260,192,138,138,0.524,opencv_hough_v1,candidate,2026-09-08T16:59:08.601449+00:00
5eae1ed1-d07,mapillary_152469530173725,mapillary,152469530173725,18.47468512208,73.862409346909,360,428,365,102,102,0.433,opencv_hough_v1,candidate,2026-09-08T16:59:08.607841+00:00
039c3fef-8c7,mapillary_152469530173725,mapillary,152469530173725,18.47468512208,73.862409346909,360,388,332,94,94,0.458,opencv_hough_v1,candidate,2026-09-08T16:59:08.613653+00:00
9e4954b0-d7a,mapillary_152469530173725,mapillary,152469530173725,18.47468512208,73.862409346909,360,135,387,136,136,0.431,opencv_hough_v1,candidate,2026-09-08T16:59:08.620151+00:00
b8d667db-3fb,mapillary_152469530173725,mapillary,152469530173725,18.47468512208,73.862409346909,360,627,256,104,104,0.534,opencv_hough_v1,candidate,2026-09-08T16:59:08.626715+00:00
ba58dedf-3a1,mapillary_152469530173725,mapillary,152469530173725,18.47468512208,73.862409346909,360,243,451,238,238,0.376,opencv_hough_v1,candidate,2026-09-08T16:59:08.634364+00:00
6a6ce905-743,mapillary_152469530173725,mapillary,152469530173725,18.47468512208,73.862409346909,360,297,464,238,238,0.401,opencv_hough_v1,candidate,2026-09-08T16:59:08.641036+00:00
75726184-b89,mapillary_152469530173725,mapillary,152469530173725,18.47468512208,73.862409346909,360,422,439,228,228,0.454,opencv_hough_v1,candidate,2026-09-08T16:59:08.647149+00:00
af5b0174-c11,mapillary_152469530173725,mapillary,152469530173725,18.47468512208,73.862409346909,360,769,259,98,98,0.53,opencv_hough_v1,candidate,2026-09-08T16:59:08.653554+00:00
c79814e8-d33,mapillary_152469530173725,mapillary,152469530173725,18.47468512208,73.862409346909,360,704,420,238,238,0.473,opencv_hough_v1,candidate,2026-09-08T16:59:08.660827+00:00
6c174c7e-0e7,mapillary_152469530173725,mapillary,152469530173725,18.47468512208,73.862409346909,360,811,387,213,236,0.473,opencv_hough_v1,candidate,2026-09-08T16:59:08.676195+00:00
274b58f4-677,mapillary_152469530173725,mapillary,152469530173725,18.47468512208,73.862409346909,360,488,408,238,238,0.455,opencv_hough_v1,candidate,2026-09-08T16:59:08.682131+00:00
b07ded83-1b1,mapillary_152469530173725,mapillary,152469530173725,18.47468512208,73.862409346909,360,342,178,164,164,0.491,opencv_hough_v1,candidate,2026-09-08T16:59:08.688012+00:00
355a9f33-590,mapillary_152469530173725,mapillary,152469530173725,18.47468512208,73.862409346909,360,286,184,152,152,0.502,opencv_hough_v1,candidate,2026-09-08T16:59:08.694038+00:00
22d2e8e1-a62,mapillary_152469530173725,mapillary,152469530173725,18.47468512208,73.862409346909,360,891,351,133,136,0.439,opencv_hough_v1,candidate,2026-09-08T16:59:08.700663+00:00
ff394670-a95,mapillary_152469530173725,mapillary,152469530173725,18.47468512208,73.862409346909,360,400,382,94,94,0.402,opencv_hough_v1,candidate,2026-09-08T16:59:08.707314+00:00
a1d27711-7d5,mapillary_152469530173725,mapillary,152469530173725,18.47468512208,73.862409346909,360,843,269,80,80,0.451,opencv_hough_v1,candidate,2026-09-08T16:59:08.714183+00:00
94ae5e18-816,mapillary_152469530173725,mapillary,152469530173725,18.47468512208,73.862409346909,360,225,460,196,196,0.41,opencv_hough_v1,candidate,2026-09-08T16:59:08.721131+00:00
b8d328a8-679,mapillary_152469530173725,mapillary,152469530173725,18.47468512208,73.862409346909,360,614,358,90,90,0.482,opencv_hough_v1,candidate,2026-09-08T16:59:08.730207+00:00
da071373-098,mapillary_152469530173725,mapillary,152469530173725,18.47468512208,73.862409346909,360,21,261,124,124,0.481,opencv_hough_v1,candidate,2026-09-08T16:59:08.737993+00:00
57045d3c-02f,mapillary_152469530173725,mapillary,152469530173725,18.47468512208,73.862409346909,360,736,392,98,98,0.534,opencv_hough_v1,candidate,2026-09-08T16:59:08.744467+00:00
1d20f539-294,mapillary_152469530173725,mapillary,152469530173725,18.47468512208,73.862409346909,360,783,367,94,94,0.496,opencv_hough_v1,candidate,2026-09-08T16:59:08.751234+00:00
94c154ab-daa,mapillary_152469530173725,mapillary,152469530173725,18.47468512208,73.862409346909,360,333,462,238,238,0.418,opencv_hough_v1,candidate,2026-09-08T16:59:08.757958+00:00
3a870cd9-d4e,mapillary_152469530173725,mapillary,152469530173725,18.47468512208,73.862409346909,360,90,463,170,170,0.371,opencv_hough_v1,candidate,2026-09-08T16:59:08.764222+00:00
0b1aa57d-410,mapillary_152469530173725,mapillary,152469530173725,18.47468512208,73.862409346909,360,659,372,102,102,0.542,opencv_hough_v1,candidate,2026-09-08T16:59:08.770717+00:00
39d9c251-abb,mapillary_152469530173725,mapillary,152469530173725,18.47468512208,73.862409346909,360,13,174,168,168,0.595,opencv_hough_v1,candidate,2026-09-08T16:59:08.776718+00:00
18ee330f-0d6,mapillary_152469530173725,mapillary,152469530173725,18.47468512208,73.862409346909,360,735,391,152,152,0.608,opencv_hough_v1,candidate,2026-09-08T16:59:08.783112+00:00
64d55d3a-399,mapillary_152469530173725,mapillary,152469530173725,18.47468512208,73.862409346909,360,18,392,140,140,0.418,opencv_hough_v1,candidate,2026-09-08T16:59:08.790151+00:00
58b1a6b2-55c,mapillary_152469530173725,mapillary,152469530173725,18.47468512208,73.862409346909,360,185,476,202,202,0.355,opencv_hough_v1,candidate,2026-09-08T16:59:08.797021+00:00
a89fde68-f6d,mapillary_152469530173725,mapillary,152469530173725,18.47468512208,73.862409346909,360,627,169,178,178,0.59,opencv_hough_v1,candidate,2026-09-08T16:59:08.802768+00:00
ee820838-b46,mapillary_152469530173725,mapillary,152469530173725,18.47468512208,73.862409346909,360,492,365,104,104,0.465,opencv_hough_v1,candidate,2026-09-08T16:59:08.810009+00:00
536a5ac7-de6,mapillary_152469530173725,mapillary,152469530173725,18.47468512208,73.862409346909,360,743,331,88,88,0.46,opencv_hough_v1,candidate,2026-09-08T16:59:08.815771+00:00
a45e21b1-179,mapillary_152469530173725,mapillary,152469530173725,18.47468512208,73.862409346909,360,717,262,94,94,0.505,opencv_hough_v1,candidate,2026-09-08T16:59:08.822315+00:00
0e5a6399-640,mapillary_152469530173725,mapillary,152469530173725,18.47468512208,73.862409346909,360,672,276,82,82,0.493,opencv_hough_v1,candidate,2026-09-08T16:59:08.828668+00:00
a80e09d6-7e6,mapillary_152469530173725,mapillary,152469530173725,18.47468512208,73.862409346909,360,788,445,236,238,0.458,opencv_hough_v1,candidate,2026-09-08T16:59:08.835095+00:00
3405d02e-b8f,mapillary_152469530173725,mapillary,152469530173725,18.47468512208,73.862409346909,360,518,307,86,86,0.428,opencv_hough_v1,candidate,2026-09-08T16:59:08.841460+00:00
e71c0a7d-689,mapillary_152469530173725,mapillary,152469530173725,18.47468512208,73.862409346909,360,94,248,122,122,0.555,opencv_hough_v1,candidate,2026-09-08T16:59:08.847983+00:00
7c2b8b02-00e,mapillary_152469530173725,mapillary,152469530173725,18.47468512208,73.862409346909,360,929,257,88,88,0.435,opencv_hough_v1,candidate,2026-09-08T16:59:08.855739+00:00
811b9f6a-aa4,mapillary_152469530173725,mapillary,152469530173725,18.47468512208,73.862409346909,360,550,419,210,210,0.496,opencv_hough_v1,candidate,2026-09-08T16:59:08.863404+00:00
2a81de0d-029,mapillary_152469530173725,mapillary,152469530173725,18.47468512208,73.862409346909,360,366,258,74,74,0.406,opencv_hough_v1,candidate,2026-09-08T16:59:08.870073+00:00
b6327b64-c4b,mapillary_152469530173725,mapillary,152469530173725,18.47468512208,73.862409346909,360,785,194,152,152,0.59,opencv_hough_v1,candidate,2026-09-08T16:59:08.877709+00:00
3a5c8816-e29,mapillary_152469530173725,mapillary,152469530173725,18.47468512208,73.862409346909,360,522,387,106,106,0.511,opencv_hough_v1,candidate,2026-09-08T16:59:08.884122+00:00
45024889-79a,mapillary_152469530173725,mapillary,152469530173725,18.47468512208,73.862409346909,360,764,420,202,202,0.54,opencv_hough_v1,candidate,2026-09-08T16:59:08.891398+00:00
b2fbb8b1-9fb,mapillary_152469530173725,mapillary,152469530173725,18.47468512208,73.862409346909,360,937,256,87,164,0.413,opencv_hough_v1,candidate,2026-09-08T16:59:08.898725+00:00
ae6624d5-9a1,mapillary_152469530173725,mapillary,152469530173725,18.47468512208,73.862409346909,360,0,267,102,102,0.443,opencv_hough_v1,candidate,2026-09-08T16:59:08.905003+00:00
f5999868-1b9,mapillary_152469530173725,mapillary,152469530173725,18.47468512208,73.862409346909,360,0,500,144,144,0.357,opencv_hough_v1,candidate,2026-09-08T16:59:08.918766+00:00
4c37f792-f93,mapillary_152469530173725,mapillary,152469530173725,18.47468512208,73.862409346909,360,861,195,132,132,0.573,opencv_hough_v1,candidate,2026-09-08T16:59:08.926439+00:00
9697579d-825,mapillary_152469530173725,mapillary,152469530173725,18.47468512208,73.862409346909,360,317,544,212,212,0.35,opencv_hough_v1,candidate,2026-09-08T16:59:08.933563+00:00
bf439317-e6e,mapillary_152469530173725,mapillary,152469530173725,18.47468512208,73.862409346909,360,81,450,130,130,0.396,opencv_hough_v1,candidate,2026-09-08T16:59:08.939963+00:00
e0ba998d-d84,mapillary_152469530173725,mapillary,152469530173725,18.47468512208,73.862409346909,360,570,376,86,86,0.49,opencv_hough_v1,candidate,2026-09-08T16:59:08.946161+00:00
3a5fc36a-963,mapillary_152469530173725,mapillary,152469530173725,18.47468512208,73.862409346909,360,554,247,94,94,0.553,opencv_hough_v1,candidate,2026-09-08T16:59:08.965359+00:00
868b6dec-7da,mapillary_152469530173725,mapillary,152469530173725,18.47468512208,73.862409346909,360,691,210,124,124,0.598,opencv_hough_v1,candidate,2026-09-08T16:59:08.979326+00:00
bb3c4aea-353,mapillary_152469530173725,mapillary,152469530173725,18.47468512208,73.862409346909,360,265,426,90,90,0.433,opencv_hough_v1,candidate,2026-09-08T16:59:08.987746+00:00
861532c3-fbc,mapillary_152469530173725,mapillary,152469530173725,18.47468512208,73.862409346909,360,707,459,238,238,0.439,opencv_hough_v1,candidate,2026-09-08T16:59:08.995101+00:00
bf422c95-5a0,mapillary_152469530173725,mapillary,152469530173725,18.47468512208,73.862409346909,360,143,261,90,90,0.522,opencv_hough_v1,candidate,2026-09-08T16:59:09.001350+00:00
f06bad96-fde,mapillary_152469530173725,mapillary,152469530173725,18.47468512208,73.862409346909,360,891,289,82,82,0.424,opencv_hough_v1,candidate,2026-09-08T16:59:09.007065+00:00
90614d71-367,mapillary_152469530173725,mapillary,152469530173725,18.47468512208,73.862409346909,360,838,448,176,176,0.571,opencv_hough_v1,candidate,2026-09-08T16:59:09.013519+00:00
3f257fae-faa,mapillary_152469530173725,mapillary,152469530173725,18.47468512208,73.862409346909,360,46,446,110,110,0.379,opencv_hough_v1,candidate,2026-09-08T16:59:09.019431+00:00
756b8162-98a,mapillary_152469530173725,mapillary,152469530173725,18.47468512208,73.862409346909,360,0,400,176,176,0.361,opencv_hough_v1,candidate,2026-09-08T16:59:09.025874+00:00
753dd9ff-3f9,mapillary_152469530173725,mapillary,152469530173725,18.47468512208,73.862409346909,360,0,410,114,114,0.386,opencv_hough_v1,candidate,2026-09-08T16:59:09.032041+00:00
f6597935-ea0,mapillary_152469530173725,mapillary,152469530173725,18.47468512208,73.862409346909,360,434,262,74,74,0.407,opencv_hough_v1,candidate,2026-09-08T16:59:09.038170+00:00
a47a4cee-921,mapillary_152469530173725,mapillary,152469530173725,18.47468512208,73.862409346909,360,907,256,66,66,0.442,opencv_hough_v1,candidate,2026-09-08T16:59:09.045975+00:00
182f1e68-2de,mapillary_152469530173725,mapillary,152469530173725,18.47468512208,73.862409346909,360,184,511,104,104,0.384,opencv_hough_v1,candidate,2026-09-08T16:59:09.052493+00:00
6f8999ad-231,mapillary_152469530173725,mapillary,152469530173725,18.47468512208,73.862409346909,360,803,392,94,94,0.524,opencv_hough_v1,candidate,2026-09-08T16:59:09.057815+00:00
3b05370d-b0c,mapillary_152469530173725,mapillary,152469530173725,18.47468512208,73.862409346909,360,393,569,148,148,0.422,opencv_hough_v1,candidate,2026-09-08T16:59:09.064542+00:00
a3fc06a1-fa4,mapillary_152469530173725,mapillary,152469530173725,18.47468512208,73.862409346909,360,835,389,98,98,0.471,opencv_hough_v1,candidate,2026-09-08T16:59:09.070179+00:00
f8c42453-415,mapillary_152469530173725,mapillary,152469530173725,18.47468512208,73.862409346909,360,806,257,86,86,0.512,opencv_hough_v1,candidate,2026-09-08T16:59:09.076381+00:00
6cfc38df-39c,mapillary_152469530173725,mapillary,152469530173725,18.47468512208,73.862409346909,360,347,393,82,82,0.357,opencv_hough_v1,candidate,2026-09-08T16:59:09.082144+00:00
dc3329af-987,mapillary_152469530173725,mapillary,152469530173725,18.47468512208,73.862409346909,360,316,256,66,66,0.437,opencv_hough_v1,candidate,2026-09-08T16:59:09.088249+00:00
a0012600-c1f,mapillary_152469530173725,mapillary,152469530173725,18.47468512208,73.862409346909,360,794,417,202,202,0.534,opencv_hough_v1,candidate,2026-09-08T16:59:09.101575+00:00
051abc4a-d8c,mapillary_152469530173725,mapillary,152469530173725,18.47468512208,73.862409346909,360,493,199,140,140,0.594,opencv_hough_v1,candidate,2026-09-08T16:59:09.107610+00:00
3f0129e5-228,mapillary_152469530173725,mapillary,152469530173725,18.47468512208,73.862409346909,360,315,581,140,140,0.381,opencv_hough_v1,candidate,2026-09-08T16:59:09.113333+00:00
8464487f-9e4,mapillary_152469530173725,mapillary,152469530173725,18.47468512208,73.862409346909,360,279,387,64,64,0.436,opencv_hough_v1,candidate,2026-09-08T16:59:09.118638+00:00
79acb1cd-e20,mapillary_152469530173725,mapillary,152469530173725,18.47468512208,73.862409346909,360,488,574,238,194,0.391,opencv_hough_v1,candidate,2026-09-08T16:59:09.124799+00:00
851417f3-a1c,mapillary_152469530173725,mapillary,152469530173725,18.47468512208,73.862409346909,360,241,202,114,114,0.524,opencv_hough_v1,candidate,2026-09-08T16:59:09.130885+00:00
c57aba7c-fec,mapillary_152469530173725,mapillary,152469530173725,18.47468512208,73.862409346909,360,11,215,112,112,0.558,opencv_hough_v1,candidate,2026-09-08T16:59:09.136998+00:00
ecaceefd-6ef,mapillary_152469530173725,mapillary,152469530173725,18.47468512208,73.862409346909,360,1,349,86,86,0.385,opencv_hough_v1,candidate,2026-09-08T16:59:09.142930+00:00
30e270de-1c4,mapillary_152469530173725,mapillary,152469530173725,18.47468512208,73.862409346909,360,933,320,91,168,0.411,opencv_hough_v1,candidate,2026-09-08T16:59:09.155088+00:00
523de84f-e5b,mapillary_152469530173725,mapillary,152469530173725,18.47468512208,73.862409346909,360,503,573,132,132,0.469,opencv_hough_v1,candidate,2026-09-08T16:59:09.162145+00:00
99149262-a4e,mapillary_152469530173725,mapillary,152469530173725,18.47468512208,73.862409346909,360,477,253,70,70,0.432,opencv_hough_v1,candidate,2026-09-08T16:59:09.168297+00:00
b86df55d-36a,mapillary_152469530173725,mapillary,152469530173725,18.47468512208,73.862409346909,360,715,400,62,62,0.462,opencv_hough_v1,candidate,2026-09-08T16:59:09.174981+00:00
7fbc5f85-f29,mapillary_152469530173725,mapillary,152469530173725,18.47468512208,73.862409346909,360,513,449,220,220,0.449,opencv_hough_v1,candidate,2026-09-08T16:59:09.192503+00:00
e5d3a18b-25c,mapillary_152469530173725,mapillary,152469530173725,18.47468512208,73.862409346909,360,325,593,176,175,0.371,opencv_hough_v1,candidate,2026-09-08T16:59:09.198439+00:00
84ea3e5f-a26,mapillary_152469530173725,mapillary,152469530173725,18.47468512208,73.862409346909,360,189,269,56,56,0.464,opencv_hough_v1,candidate,2026-09-08T16:59:09.204695+00:00
1caa6ed6-efb,mapillary_152469530173725,mapillary,152469530173725,18.47468512208,73.862409346909,360,0,324,136,136,0.435,opencv_hough_v1,candidate,2026-09-08T16:59:09.210667+00:00
36d3fe1e-dc2,mapillary_152469530173725,mapillary,152469530173725,18.47468512208,73.862409346909,360,880,408,144,222,0.496,opencv_hough_v1,candidate,2026-09-08T16:59:09.216702+00:00
d7f5ec3e-1c4,mapillary_152469530173725,mapillary,152469530173725,18.47468512208,73.862409346909,360,805,429,90,90,0.579,opencv_hough_v1,candidate,2026-09-08T16:59:09.224470+00:00
9dc3667e-daf,mapillary_152469530173725,mapillary,152469530173725,18.47468512208,73.862409346909,360,153,443,86,86,0.4,opencv_hough_v1,candidate,2026-09-08T16:59:09.231141+00:00
21916760-190,mapillary_152469530173725,mapillary,152469530173725,18.47468512208,73.862409346909,360,221,541,148,148,0.35,opencv_hough_v1,candidate,2026-09-08T16:59:09.236903+00:00
d491361d-f07,mapillary_152469530173725,mapillary,152469530173725,18.47468512208,73.862409346909,360,0,303,106,106,0.423,opencv_hough_v1,candidate,2026-09-08T16:59:09.242612+00:00
1d5d7da3-5d9,mapillary_152469530173725,mapillary,152469530173725,18.47468512208,73.862409346909,360,431,231,72,72,0.436,opencv_hough_v1,candidate,2026-09-08T16:59:09.248019+00:00
b186be86-0c1,mapillary_152469530173725,mapillary,152469530173725,18.47468512208,73.862409346909,360,473,577,128,128,0.455,opencv_hough_v1,candidate,2026-09-08T16:59:09.253864+00:00
8d7ebbc4-8fe,mapillary_152469530173725,mapillary,152469530173725,18.47468512208,73.862409346909,360,0,382,80,80,0.366,opencv_hough_v1,candidate,2026-09-08T16:59:09.260267+00:00
58af7cea-229,mapillary_152469530173725,mapillary,152469530173725,18.47468512208,73.862409346909,360,637,395,78,78,0.534,opencv_hough_v1,candidate,2026-09-08T16:59:09.267292+00:00
1011462f-156,mapillary_152469530173725,mapillary,152469530173725,18.47468512208,73.862409346909,360,538,574,154,154,0.459,opencv_hough_v1,candidate,2026-09-08T16:59:09.273812+00:00
af12cd86-b90,mapillary_152469530173725,mapillary,152469530173725,18.47468512208,73.862409346909,360,509,490,152,152,0.533,opencv_hough_v1,candidate,2026-09-08T16:59:09.281289+00:00
14e1e510-792,mapillary_152469530173725,mapillary,152469530173725,18.47468512208,73.862409346909,360,384,616,148,148,0.437,opencv_hough_v1,candidate,2026-09-08T16:59:09.287706+00:00
d3ea7e9d-646,mapillary_152469530173725,mapillary,152469530173725,18.47468512208,73.862409346909,360,347,221,90,90,0.446,opencv_hough_v1,candidate,2026-09-08T16:59:09.293603+00:00
88ceb0ae-939,mapillary_152469530173725,mapillary,152469530173725,18.47468512208,73.862409346909,360,238,257,44,44,0.435,opencv_hough_v1,candidate,2026-09-08T16:59:09.300154+00:00
35b871b2-7e9,mapillary_152469530173725,mapillary,152469530173725,18.47468512208,73.862409346909,360,845,212,94,94,0.529,opencv_hough_v1,candidate,2026-09-08T16:59:09.313110+00:00
4b92e228-58b,mapillary_152469530173725,mapillary,152469530173725,18.47468512208,73.862409346909,360,411,258,62,62,0.391,opencv_hough_v1,candidate,2026-09-08T16:59:09.319782+00:00
5cfa54e5-e21,mapillary_152469530173725,mapillary,152469530173725,18.47468512208,73.862409346909,360,183,221,88,88,0.563,opencv_hough_v1,candidate,2026-09-08T16:59:09.333600+00:00
a7dd4474-c8b,mapillary_152469530173725,mapillary,152469530173725,18.47468512208,73.862409346909,360,955,386,69,80,0.419,opencv_hough_v1,candidate,2026-09-08T16:59:09.340425+00:00
ee7c817e-f96,mapillary_152469530173725,mapillary,152469530173725,18.47468512208,73.862409346909,360,698,259,62,62,0.471,opencv_hough_v1,candidate,2026-09-08T16:59:09.349987+00:00
c9956340-e08,mapillary_152469530173725,mapillary,152469530173725,18.47468512208,73.862409346909,360,4,264,50,50,0.416,opencv_hough_v1,candidate,2026-09-08T16:59:09.357831+00:00
24d0c63e-74f,mapillary_152469530173725,mapillary,152469530173725,18.47468512208,73.862409346909,360,313,629,128,128,0.357,opencv_hough_v1,candidate,2026-09-08T16:59:09.363734+00:00
ce21e5d1-e9c,mapillary_152469530173725,mapillary,152469530173725,18.47468512208,73.862409346909,360,307,561,96,96,0.358,opencv_hough_v1,candidate,2026-09-08T16:59:09.369532+00:00
74d4adba-8f6,mapillary_152469530173725,mapillary,152469530173725,18.47468512208,73.862409346909,360,462,613,172,155,0.454,opencv_hough_v1,candidate,2026-09-08T16:59:09.375477+00:00
2318fd6b-675,mapillary_152469530173725,mapillary,152469530173725,18.47468512208,73.862409346909,360,893,437,131,132,0.587,opencv_hough_v1,candidate,2026-09-08T16:59:09.380993+00:00
907ce7df-1bb,mapillary_152469530173725,mapillary,152469530173725,18.47468512208,73.862409346909,360,939,229,80,80,0.497,opencv_hough_v1,candidate,2026-09-08T16:59:09.387170+00:00
71006a6d-ccf,mapillary_152469530173725,mapillary,152469530173725,18.47468512208,73.862409346909,360,334,557,114,114,0.379,opencv_hough_v1,candidate,2026-09-08T16:59:09.398909+00:00
57326a29-bf0,mapillary_152469530173725,mapillary,152469530173725,18.47468512208,73.862409346909,360,386,416,72,72,0.396,opencv_hough_v1,candidate,2026-09-08T16:59:09.404860+00:00
bb9caa0b-5cd,mapillary_152469530173725,mapillary,152469530173725,18.47468512208,73.862409346909,360,670,255,58,58,0.492,opencv_hough_v1,candidate,2026-09-08T16:59:09.411400+00:00
b5877972-fed,mapillary_152469530173725,mapillary,152469530173725,18.47468512208,73.862409346909,360,473,590,156,156,0.463,opencv_hough_v1,candidate,2026-09-08T16:59:09.418249+00:00
0d28c5fa-6d3,mapillary_152469530173725,mapillary,152469530173725,18.47468512208,73.862409346909,360,201,534,120,120,0.35,opencv_hough_v1,candidate,2026-09-08T16:59:09.424083+00:00
d81d81e4-a92,mapillary_152469530173725,mapillary,152469530173725,18.47468512208,73.862409346909,360,792,307,62,62,0.466,opencv_hough_v1,candidate,2026-09-08T16:59:09.437021+00:00
52c642cb-68f,mapillary_152469530173725,mapillary,152469530173725,18.47468512208,73.862409346909,360,968,255,56,106,0.413,opencv_hough_v1,candidate,2026-09-08T16:59:09.448863+00:00
f9e57e05-077,mapillary_152469530173725,mapillary,152469530173725,18.47468512208,73.862409346909,360,926,425,62,62,0.447,opencv_hough_v1,candidate,2026-09-08T16:59:09.454185+00:00
78b1e9fc-3d5,mapillary_152469530173725,mapillary,152469530173725,18.47468512208,73.862409346909,360,455,615,90,90,0.388,opencv_hough_v1,candidate,2026-09-08T16:59:09.459590+00:00
42161e77-84c,mapillary_152469530173725,mapillary,152469530173725,18.47468512208,73.862409346909,360,381,565,110,110,0.382,opencv_hough_v1,candidate,2026-09-08T16:59:09.465496+00:00
a08b40a9-3af,mapillary_152469530173725,mapillary,152469530173725,18.47468512208,73.862409346909,360,787,603,124,124,0.401,opencv_hough_v1,candidate,2026-09-08T16:59:09.470924+00:00
165af9c4-21b,mapillary_152469530173725,mapillary,152469530173725,18.47468512208,73.862409346909,360,893,435,70,70,0.462,opencv_hough_v1,candidate,2026-09-08T16:59:09.476482+00:00
d01e0178-058,mapillary_152469530173725,mapillary,152469530173725,18.47468512208,73.862409346909,360,558,440,62,62,0.535,opencv_hough_v1,candidate,2026-09-08T16:59:09.482605+00:00
afd4f369-9b8,mapillary_152469530173725,mapillary,152469530173725,18.47468512208,73.862409346909,360,969,433,48,48,0.486,opencv_hough_v1,candidate,2026-09-08T16:59:09.488931+00:00
478b28b2-7ad,mapillary_152469530173725,mapillary,152469530173725,18.47468512208,73.862409346909,360,763,264,54,54,0.492,opencv_hough_v1,candidate,2026-09-08T16:59:09.500548+00:00
fe5b235b-96c,mapillary_152469530173725,mapillary,152469530173725,18.47468512208,73.862409346909,360,988,427,36,72,0.44,opencv_hough_v1,candidate,2026-09-08T16:59:09.506118+00:00
4313fc0e-985,mapillary_152469530173725,mapillary,152469530173725,18.47468512208,73.862409346909,360,39,403,64,64,0.353,opencv_hough_v1,candidate,2026-09-08T16:59:09.511401+00:00
3a04c08a-021,mapillary_152469530173725,mapillary,152469530173725,18.47468512208,73.862409346909,360,383,697,124,71,0.455,opencv_hough_v1,candidate,2026-09-08T16:59:09.517232+00:00
41842134-64e,mapillary_152469530173725,mapillary,152469530173725,18.47468512208,73.862409346909,360,289,356,44,44,0.448,opencv_hough_v1,candidate,2026-09-08T16:59:09.524304+00:00
39999eb4-855,mapillary_152469530173725,mapillary,152469530173725,18.47468512208,73.862409346909,360,887,612,102,102,0.351,opencv_hough_v1,candidate,2026-09-08T16:59:09.531218+00:00
ebb8a011-eb2,mapillary_152469530173725,mapillary,152469530173725,18.47468512208,73.862409346909,360,541,572,62,62,0.465,opencv_hough_v1,candidate,2026-09-08T16:59:09.537398+00:00
1f602291-068,mapillary_152469530173725,mapillary,152469530173725,18.47468512208,73.862409346909,360,441,571,80,80,0.373,opencv_hough_v1,candidate,2026-09-08T16:59:09.543477+00:00
f8550dba-e9e,mapillary_152469530173725,mapillary,152469530173725,18.47468512208,73.862409346909,360,515,619,214,149,0.415,opencv_hough_v1,candidate,2026-09-08T16:59:09.549809+00:00
eb63abfc-a54,mapillary_152469530173725,mapillary,152469530173725,18.47468512208,73.862409346909,360,378,677,98,91,0.393,opencv_hough_v1,candidate,2026-09-08T16:59:09.555664+00:00
0032c7e9-c16,mapillary_152469530173725,mapillary,152469530173725,18.47468512208,73.862409346909,360,463,224,72,72,0.461,opencv_hough_v1,candidate,2026-09-08T16:59:09.562162+00:00
f1e94985-30b,mapillary_152469530173725,mapillary,152469530173725,18.47468512208,73.862409346909,360,444,676,78,78,0.43,opencv_hough_v1,candidate,2026-09-08T16:59:09.573917+00:00
3bbc0c94-bbd,mapillary_152469530173725,mapillary,152469530173725,18.47468512208,73.862409346909,360,569,575,76,76,0.458,opencv_hough_v1,candidate,2026-09-08T16:59:09.580086+00:00
3be67aa1-0a0,mapillary_152469530173725,mapillary,152469530173725,18.47468512208,73.862409346909,360,308,464,54,54,0.484,opencv_hough_v1,candidate,2026-09-08T16:59:09.587097+00:00
3babea2a-ccc,mapillary_152469530173725,mapillary,152469530173725,18.47468512208,73.862409346909,360,0,390,106,106,0.384,opencv_hough_v1,candidate,2026-09-08T16:59:09.593516+00:00
e6ffca1c-89e,mapillary_152469530173725,mapillary,152469530173725,18.47468512208,73.862409346909,360,465,576,88,88,0.399,opencv_hough_v1,candidate,2026-09-08T16:59:09.627948+00:00
cd3b13d9-b31,mapillary_152469530173725,mapillary,152469530173725,18.47468512208,73.862409346909,360,469,648,86,86,0.431,opencv_hough_v1,candidate,2026-09-08T16:59:09.634054+00:00
253b83b4-738,mapillary_152469530173725,mapillary,152469530173725,18.47468512208,73.862409346909,360,498,227,66,66,0.469,opencv_hough_v1,candidate,2026-09-08T16:59:09.640417+00:00
528b55ca-029,mapillary_152469530173725,mapillary,152469530173725,18.47468512208,73.862409346909,360,757,602,84,84,0.367,opencv_hough_v1,candidate,2026-09-08T16:59:09.651890+00:00
e4ec01b4-340,mapillary_152469530173725,mapillary,152469530173725,18.47468512208,73.862409346909,360,0,293,48,48,0.387,opencv_hough_v1,candidate,2026-09-08T16:59:09.658199+00:00
9e0b76b6-f0d,mapillary_152469530173725,mapillary,152469530173725,18.47468512208,73.862409346909,360,513,577,58,58,0.427,opencv_hough_v1,candidate,2026-09-08T16:59:09.669720+00:00
d960c888-430,mapillary_152469530173725,mapillary,152469530173725,18.47468512208,73.862409346909,360,607,563,116,116,0.42,opencv_hough_v1,candidate,2026-09-08T16:59:09.680982+00:00
aa45c3cd-7eb,mapillary_152469530173725,mapillary,152469530173725,18.47468512208,73.862409346909,360,979,255,45,54,0.417,opencv_hough_v1,candidate,2026-09-08T16:59:09.686941+00:00
27718524-6b3,mapillary_152469530173725,mapillary,152469530173725,18.47468512208,73.862409346909,360,731,655,136,113,0.489,opencv_hough_v1,candidate,2026-09-08T16:59:09.706160+00:00
36c4fba9-8a9,mapillary_152469530173725,mapillary,152469530173725,18.47468512208,73.862409346909,360,0,231,64,64,0.497,opencv_hough_v1,candidate,2026-09-08T16:59:09.717397+00:00
1f7ef5de-87a,mapillary_152469530173725,mapillary,152469530173725,18.47468512208,73.862409346909,360,966,465,46,46,0.443,opencv_hough_v1,candidate,2026-09-08T16:59:09.723015+00:00
df6a749f-6c0,mapillary_152469530173725,mapillary,152469530173725,18.47468512208,73.862409346909,360,438,721,92,47,0.466,opencv_hough_v1,candidate,2026-09-08T16:59:09.728623+00:00
022c410e-56d,mapillary_152469530173725,mapillary,152469530173725,18.47468512208,73.862409346909,360,530,686,74,74,0.463,opencv_hough_v1,candidate,2026-09-08T16:59:09.734395+00:00
8ad9fd2a-d93,mapillary_152469530173725,mapillary,152469530173725,18.47468512208,73.862409346909,360,939,532,85,98,0.579,opencv_hough_v1,candidate,2026-09-08T16:59:09.757164+00:00
acb2176c-d31,mapillary_973364723403931,mapillary,973364723403931,18.474625159671,73.862414951852,353,204,291,238,238,0.394,opencv_hough_v1,candidate,2026-09-08T16:59:10.466461+00:00
93d8c02d-b2e,mapillary_973364723403931,mapillary,973364723403931,18.474625159671,73.862414951852,353,314,334,238,238,0.411,opencv_hough_v1,candidate,2026-09-08T16:59:10.474760+00:00
1fb151fd-17a,mapillary_973364723403931,mapillary,973364723403931,18.474625159671,73.862414951852,353,331,272,186,186,0.446,opencv_hough_v1,candidate,2026-09-08T16:59:10.482199+00:00
9f950ad1-c09,mapillary_973364723403931,mapillary,973364723403931,18.474625159671,73.862414951852,353,368,330,238,238,0.424,opencv_hough_v1,candidate,2026-09-08T16:59:10.490926+00:00
0cc90b22-962,mapillary_973364723403931,mapillary,973364723403931,18.474625159671,73.862414951852,353,197,259,238,238,0.404,opencv_hough_v1,candidate,2026-09-08T16:59:10.499448+00:00
751aeeaf-65e,mapillary_973364723403931,mapillary,973364723403931,18.474625159671,73.862414951852,353,147,264,238,238,0.4,opencv_hough_v1,candidate,2026-09-08T16:59:10.506305+00:00
5a5b1d9d-36b,mapillary_973364723403931,mapillary,973364723403931,18.474625159671,73.862414951852,353,311,305,236,236,0.417,opencv_hough_v1,candidate,2026-09-08T16:59:10.514344+00:00
b51d20be-448,mapillary_973364723403931,mapillary,973364723403931,18.474625159671,73.862414951852,353,163,335,230,230,0.368,opencv_hough_v1,candidate,2026-09-08T16:59:10.520485+00:00
f9dbb278-f0b,mapillary_973364723403931,mapillary,973364723403931,18.474625159671,73.862414951852,353,110,282,238,238,0.379,opencv_hough_v1,candidate,2026-09-08T16:59:10.525994+00:00
ef8a3553-166,mapillary_973364723403931,mapillary,973364723403931,18.474625159671,73.862414951852,353,296,267,196,196,0.446,opencv_hough_v1,candidate,2026-09-08T16:59:10.532052+00:00
c7381055-5fb,mapillary_973364723403931,mapillary,973364723403931,18.474625159671,73.862414951852,353,786,280,218,218,0.387,opencv_hough_v1,candidate,2026-09-08T16:59:10.546766+00:00
a91fd629-a39,mapillary_973364723403931,mapillary,973364723403931,18.474625159671,73.862414951852,353,241,271,218,218,0.423,opencv_hough_v1,candidate,2026-09-08T16:59:10.555561+00:00
282800ff-271,mapillary_973364723403931,mapillary,973364723403931,18.474625159671,73.862414951852,353,403,336,230,230,0.437,opencv_hough_v1,candidate,2026-09-08T16:59:10.563452+00:00
a416586f-835,mapillary_973364723403931,mapillary,973364723403931,18.474625159671,73.862414951852,353,274,349,238,238,0.4,opencv_hough_v1,candidate,2026-09-08T16:59:10.571103+00:00
ef0ef743-6e4,mapillary_973364723403931,mapillary,973364723403931,18.474625159671,73.862414951852,353,291,391,238,238,0.399,opencv_hough_v1,candidate,2026-09-08T16:59:10.578079+00:00
13130711-ea2,mapillary_973364723403931,mapillary,973364723403931,18.474625159671,73.862414951852,353,143,245,210,210,0.456,opencv_hough_v1,candidate,2026-09-08T16:59:10.586830+00:00
69523a25-122,mapillary_973364723403931,mapillary,973364723403931,18.474625159671,73.862414951852,353,178,315,202,202,0.412,opencv_hough_v1,candidate,2026-09-08T16:59:10.594562+00:00
b7cebc0f-42c,mapillary_973364723403931,mapillary,973364723403931,18.474625159671,73.862414951852,353,97,328,230,230,0.35,opencv_hough_v1,candidate,2026-09-08T16:59:10.602229+00:00
4affac92-df7,mapillary_973364723403931,mapillary,973364723403931,18.474625159671,73.862414951852,353,382,267,164,164,0.478,opencv_hough_v1,candidate,2026-09-08T16:59:10.608361+00:00
8c925378-612,mapillary_973364723403931,mapillary,973364723403931,18.474625159671,73.862414951852,353,761,304,238,238,0.403,opencv_hough_v1,candidate,2026-09-08T16:59:10.614123+00:00
03468c6e-e3f,mapillary_973364723403931,mapillary,973364723403931,18.474625159671,73.862414951852,353,312,366,238,238,0.41,opencv_hough_v1,candidate,2026-09-08T16:59:10.619711+00:00
b17414ae-b62,mapillary_973364723403931,mapillary,973364723403931,18.474625159671,73.862414951852,353,443,187,238,238,0.481,opencv_hough_v1,candidate,2026-09-08T16:59:10.626309+00:00
0f6a5db2-8a4,mapillary_973364723403931,mapillary,973364723403931,18.474625159671,73.862414951852,353,754,286,190,190,0.433,opencv_hough_v1,candidate,2026-09-08T16:59:10.632336+00:00
a3019e7b-af7,mapillary_973364723403931,mapillary,973364723403931,18.474625159671,73.862414951852,353,570,331,238,238,0.462,opencv_hough_v1,candidate,2026-09-08T16:59:10.638085+00:00
33c7b4fa-b14,mapillary_973364723403931,mapillary,973364723403931,18.474625159671,73.862414951852,353,830,314,186,186,0.39,opencv_hough_v1,candidate,2026-09-08T16:59:10.644910+00:00
c1196ba2-bae,mapillary_973364723403931,mapillary,973364723403931,18.474625159671,73.862414951852,353,611,344,238,238,0.478,opencv_hough_v1,candidate,2026-09-08T16:59:10.651278+00:00
331900b7-7ab,mapillary_973364723403931,mapillary,973364723403931,18.474625159671,73.862414951852,353,305,343,190,190,0.463,opencv_hough_v1,candidate,2026-09-08T16:59:10.657790+00:00
62984aa1-127,mapillary_973364723403931,mapillary,973364723403931,18.474625159671,73.862414951852,353,522,340,238,238,0.457,opencv_hough_v1,candidate,2026-09-08T16:59:10.664286+00:00
5ff322c4-320,mapillary_973364723403931,mapillary,973364723403931,18.474625159671,73.862414951852,353,741,369,238,238,0.483,opencv_hough_v1,candidate,2026-09-08T16:59:10.670726+00:00
aa2f3636-abe,mapillary_973364723403931,mapillary,973364723403931,18.474625159671,73.862414951852,353,450,351,198,198,0.474,opencv_hough_v1,candidate,2026-09-08T16:59:10.683005+00:00
767d4d98-25e,mapillary_973364723403931,mapillary,973364723403931,18.474625159671,73.862414951852,353,798,323,222,222,0.408,opencv_hough_v1,candidate,2026-09-08T16:59:10.694130+00:00
6f823914-065,mapillary_973364723403931,mapillary,973364723403931,18.474625159671,73.862414951852,353,218,265,168,168,0.508,opencv_hough_v1,candidate,2026-09-08T16:59:10.699668+00:00
780d85a0-709,mapillary_973364723403931,mapillary,973364723403931,18.474625159671,73.862414951852,353,255,384,204,204,0.409,opencv_hough_v1,candidate,2026-09-08T16:59:10.706559+00:00
d7741244-c61,mapillary_973364723403931,mapillary,973364723403931,18.474625159671,73.862414951852,353,473,236,204,204,0.486,opencv_hough_v1,candidate,2026-09-08T16:59:10.712798+00:00
193b5c98-505,mapillary_973364723403931,mapillary,973364723403931,18.474625159671,73.862414951852,353,87,273,212,212,0.413,opencv_hough_v1,candidate,2026-09-08T16:59:10.718192+00:00
ba80b9ea-570,mapillary_973364723403931,mapillary,973364723403931,18.474625159671,73.862414951852,353,334,320,146,146,0.478,opencv_hough_v1,candidate,2026-09-08T16:59:10.729980+00:00
12975f20-bab,mapillary_973364723403931,mapillary,973364723403931,18.474625159671,73.862414951852,353,487,347,184,184,0.495,opencv_hough_v1,candidate,2026-09-08T16:59:10.735281+00:00
ec3a7c9e-aa0,mapillary_973364723403931,mapillary,973364723403931,18.474625159671,73.862414951852,353,647,355,238,238,0.486,opencv_hough_v1,candidate,2026-09-08T16:59:10.741169+00:00
4592554d-e5f,mapillary_973364723403931,mapillary,973364723403931,18.474625159671,73.862414951852,353,262,266,156,156,0.518,opencv_hough_v1,candidate,2026-09-08T16:59:10.752434+00:00
e1b6c3b7-1a6,mapillary_973364723403931,mapillary,973364723403931,18.474625159671,73.862414951852,353,366,370,206,206,0.459,opencv_hough_v1,candidate,2026-09-08T16:59:10.759052+00:00
7f69ff66-d65,mapillary_973364723403931,mapillary,973364723403931,18.474625159671,73.862414951852,353,290,327,160,160,0.472,opencv_hough_v1,candidate,2026-09-08T16:59:10.765747+00:00
12a24edf-afb,mapillary_973364723403931,mapillary,973364723403931,18.474625159671,73.862414951852,353,411,373,238,238,0.439,opencv_hough_v1,candidate,2026-09-08T16:59:10.776820+00:00
7fb9b3ae-a42,mapillary_973364723403931,mapillary,973364723403931,18.474625159671,73.862414951852,353,459,295,160,160,0.475,opencv_hough_v1,candidate,2026-09-08T16:59:10.782636+00:00
4c4a55fa-169,mapillary_973364723403931,mapillary,973364723403931,18.474625159671,73.862414951852,353,118,266,168,168,0.483,opencv_hough_v1,candidate,2026-09-08T16:59:10.788414+00:00
dbf81859-45e,mapillary_973364723403931,mapillary,973364723403931,18.474625159671,73.862414951852,353,726,319,238,238,0.44,opencv_hough_v1,candidate,2026-09-08T16:59:10.793769+00:00
9df987de-eac,mapillary_973364723403931,mapillary,973364723403931,18.474625159671,73.862414951852,353,602,380,202,202,0.512,opencv_hough_v1,candidate,2026-09-08T16:59:10.799313+00:00
a7033157-818,mapillary_973364723403931,mapillary,973364723403931,18.474625159671,73.862414951852,353,545,368,238,238,0.461,opencv_hough_v1,candidate,2026-09-08T16:59:10.825072+00:00
afe6df66-e55,mapillary_973364723403931,mapillary,973364723403931,18.474625159671,73.862414951852,353,782,384,238,238,0.48,opencv_hough_v1,candidate,2026-09-08T16:59:10.830534+00:00
8a74c775-fa5,mapillary_973364723403931,mapillary,973364723403931,18.474625159671,73.862414951852,353,784,271,176,176,0.424,opencv_hough_v1,candidate,2026-09-08T16:59:10.835800+00:00
72216be8-6dd,mapillary_973364723403931,mapillary,973364723403931,18.474625159671,73.862414951852,353,548,275,160,160,0.524,opencv_hough_v1,candidate,2026-09-08T16:59:10.841207+00:00
81dea20c-5c7,mapillary_973364723403931,mapillary,973364723403931,18.474625159671,73.862414951852,353,736,315,186,186,0.464,opencv_hough_v1,candidate,2026-09-08T16:59:10.846654+00:00
46731a72-5fc,mapillary_973364723403931,mapillary,973364723403931,18.474625159671,73.862414951852,353,341,265,140,140,0.517,opencv_hough_v1,candidate,2026-09-08T16:59:10.858355+00:00
aaa4a4f9-799,mapillary_973364723403931,mapillary,973364723403931,18.474625159671,73.862414951852,353,219,418,238,238,0.354,opencv_hough_v1,candidate,2026-09-08T16:59:10.864096+00:00
75f35a29-4b4,mapillary_973364723403931,mapillary,973364723403931,18.474625159671,73.862414951852,353,63,264,160,160,0.494,opencv_hough_v1,candidate,2026-09-08T16:59:10.870915+00:00
4d5bb56b-388,mapillary_973364723403931,mapillary,973364723403931,18.474625159671,73.862414951852,353,454,378,238,238,0.449,opencv_hough_v1,candidate,2026-09-08T16:59:10.877075+00:00
d2742b22-ddb,mapillary_973364723403931,mapillary,973364723403931,18.474625159671,73.862414951852,353,331,409,220,220,0.442,opencv_hough_v1,candidate,2026-09-08T16:59:10.888641+00:00
764e4f7c-129,mapillary_973364723403931,mapillary,973364723403931,18.474625159671,73.862414951852,353,606,156,238,238,0.545,opencv_hough_v1,candidate,2026-09-08T16:59:10.895104+00:00
d777959b-78b,mapillary_973364723403931,mapillary,973364723403931,18.474625159671,73.862414951852,353,209,405,164,164,0.418,opencv_hough_v1,candidate,2026-09-08T16:59:10.907089+00:00
85baebed-26e,mapillary_973364723403931,mapillary,973364723403931,18.474625159671,73.862414951852,353,829,274,164,164,0.427,opencv_hough_v1,candidate,2026-09-08T16:59:10.912720+00:00
1dd435a6-4a4,mapillary_973364723403931,mapillary,973364723403931,18.474625159671,73.862414951852,353,638,279,168,168,0.537,opencv_hough_v1,candidate,2026-09-08T16:59:10.918704+00:00
6af0f294-ed0,mapillary_973364723403931,mapillary,973364723403931,18.474625159671,73.862414951852,353,515,320,140,140,0.51,opencv_hough_v1,candidate,2026-09-08T16:59:10.924253+00:00
2b808bcf-e44,mapillary_973364723403931,mapillary,973364723403931,18.474625159671,73.862414951852,353,439,301,128,128,0.479,opencv_hough_v1,candidate,2026-09-08T16:59:10.931275+00:00
a374ae88-9b4,mapillary_973364723403931,mapillary,973364723403931,18.474625159671,73.862414951852,353,447,146,238,238,0.524,opencv_hough_v1,candidate,2026-09-08T16:59:10.943502+00:00
ba6c4d6e-fa0,mapillary_973364723403931,mapillary,973364723403931,18.474625159671,73.862414951852,353,376,310,146,146,0.477,opencv_hough_v1,candidate,2026-09-08T16:59:10.950198+00:00
059f6c24-792,mapillary_973364723403931,mapillary,973364723403931,18.474625159671,73.862414951852,353,93,311,196,196,0.399,opencv_hough_v1,candidate,2026-09-08T16:59:10.956584+00:00
232099cd-112,mapillary_973364723403931,mapillary,973364723403931,18.474625159671,73.862414951852,353,437,339,124,124,0.47,opencv_hough_v1,candidate,2026-09-08T16:59:10.970705+00:00
07616f05-389,mapillary_973364723403931,mapillary,973364723403931,18.474625159671,73.862414951852,353,640,391,202,202,0.531,opencv_hough_v1,candidate,2026-09-08T16:59:10.977654+00:00
33018f2d-8be,mapillary_973364723403931,mapillary,973364723403931,18.474625159671,73.862414951852,353,228,358,162,162,0.449,opencv_hough_v1,candidate,2026-09-08T16:59:10.984046+00:00
6dd3552e-a5f,mapillary_973364723403931,mapillary,973364723403931,18.474625159671,73.862414951852,353,82,311,140,140,0.47,opencv_hough_v1,candidate,2026-09-08T16:59:10.992007+00:00
20828883-42c,mapillary_973364723403931,mapillary,973364723403931,18.474625159671,73.862414951852,353,723,306,148,148,0.492,opencv_hough_v1,candidate,2026-09-08T16:59:11.004462+00:00
ac4cd9b9-27a,mapillary_973364723403931,mapillary,973364723403931,18.474625159671,73.862414951852,353,692,302,144,144,0.519,opencv_hough_v1,candidate,2026-09-08T16:59:11.010351+00:00
2347a817-339,mapillary_973364723403931,mapillary,973364723403931,18.474625159671,73.862414951852,353,413,262,114,114,0.479,opencv_hough_v1,candidate,2026-09-08T16:59:11.016483+00:00
67a61e23-c0a,mapillary_973364723403931,mapillary,973364723403931,18.474625159671,73.862414951852,353,523,375,176,176,0.523,opencv_hough_v1,candidate,2026-09-08T16:59:11.028576+00:00
5c27a7a5-7c5,mapillary_973364723403931,mapillary,973364723403931,18.474625159671,73.862414951852,353,541,400,176,176,0.527,opencv_hough_v1,candidate,2026-09-08T16:59:11.035266+00:00
021409fa-9b0,mapillary_973364723403931,mapillary,973364723403931,18.474625159671,73.862414951852,353,742,444,226,226,0.49,opencv_hough_v1,candidate,2026-09-08T16:59:11.041171+00:00
133a76cc-1a1,mapillary_973364723403931,mapillary,973364723403931,18.474625159671,73.862414951852,353,185,471,178,178,0.371,opencv_hough_v1,candidate,2026-09-08T16:59:11.046978+00:00
d031a7a3-7ce,mapillary_973364723403931,mapillary,973364723403931,18.474625159671,73.862414951852,353,405,150,238,238,0.508,opencv_hough_v1,candidate,2026-09-08T16:59:11.052849+00:00
ca9140c0-c6b,mapillary_973364723403931,mapillary,973364723403931,18.474625159671,73.862414951852,353,98,257,156,156,0.511,opencv_hough_v1,candidate,2026-09-08T16:59:11.059745+00:00
58f6687c-4da,mapillary_973364723403931,mapillary,973364723403931,18.474625159671,73.862414951852,353,484,356,118,118,0.479,opencv_hough_v1,candidate,2026-09-08T16:59:11.066351+00:00
6b5fe60f-464,mapillary_973364723403931,mapillary,973364723403931,18.474625159671,73.862414951852,353,676,364,238,238,0.488,opencv_hough_v1,candidate,2026-09-08T16:59:11.073419+00:00
2f8fba3c-fc2,mapillary_973364723403931,mapillary,973364723403931,18.474625159671,73.862414951852,353,716,351,238,238,0.476,opencv_hough_v1,candidate,2026-09-08T16:59:11.080093+00:00
4a3c72c0-a34,mapillary_973364723403931,mapillary,973364723403931,18.474625159671,73.862414951852,353,766,427,190,190,0.594,opencv_hough_v1,candidate,2026-09-08T16:59:11.093248+00:00
193c473f-694,mapillary_973364723403931,mapillary,973364723403931,18.474625159671,73.862414951852,353,657,196,212,212,0.534,opencv_hough_v1,candidate,2026-09-08T16:59:11.099446+00:00
b7160802-545,mapillary_973364723403931,mapillary,973364723403931,18.474625159671,73.862414951852,353,354,409,236,236,0.44,opencv_hough_v1,candidate,2026-09-08T16:59:11.105324+00:00
24b905f1-1b9,mapillary_973364723403931,mapillary,973364723403931,18.474625159671,73.862414951852,353,291,427,226,226,0.409,opencv_hough_v1,candidate,2026-09-08T16:59:11.111033+00:00
9c5fb3f7-415,mapillary_973364723403931,mapillary,973364723403931,18.474625159671,73.862414951852,353,688,251,164,164,0.546,opencv_hough_v1,candidate,2026-09-08T16:59:11.116938+00:00
2237e232-e2a,mapillary_973364723403931,mapillary,973364723403931,18.474625159671,73.862414951852,353,518,231,168,168,0.552,opencv_hough_v1,candidate,2026-09-08T16:59:11.135856+00:00
e8164c65-fd6,mapillary_973364723403931,mapillary,973364723403931,18.474625159671,73.862414951852,353,32,303,154,154,0.439,opencv_hough_v1,candidate,2026-09-08T16:59:11.141498+00:00
84d1ed98-6bb,mapillary_973364723403931,mapillary,973364723403931,18.474625159671,73.862414951852,353,612,340,154,154,0.561,opencv_hough_v1,candidate,2026-09-08T16:59:11.147243+00:00
fdc68309-4af,mapillary_973364723403931,mapillary,973364723403931,18.474625159671,73.862414951852,353,661,166,210,210,0.575,opencv_hough_v1,candidate,2026-09-08T16:59:11.153031+00:00
6d071d65-106,mapillary_973364723403931,mapillary,973364723403931,18.474625159671,73.862414951852,353,348,449,236,236,0.441,opencv_hough_v1,candidate,2026-09-08T16:59:11.159371+00:00
0614609b-9cc,mapillary_973364723403931,mapillary,973364723403931,18.474625159671,73.862414951852,353,486,172,222,222,0.533,opencv_hough_v1,candidate,2026-09-08T16:59:11.165256+00:00
721c3b3c-5d3,mapillary_973364723403931,mapillary,973364723403931,18.474625159671,73.862414951852,353,295,375,120,120,0.449,opencv_hough_v1,candidate,2026-09-08T16:59:11.171355+00:00
aa308b69-af7,mapillary_973364723403931,mapillary,973364723403931,18.474625159671,73.862414951852,353,148,405,178,178,0.39,opencv_hough_v1,candidate,2026-09-08T16:59:11.178755+00:00
285b5a68-1c1,mapillary_973364723403931,mapillary,973364723403931,18.474625159671,73.862414951852,353,867,305,157,160,0.411,opencv_hough_v1,candidate,2026-09-08T16:59:11.185001+00:00
7112298b-565,mapillary_973364723403931,mapillary,973364723403931,18.474625159671,73.862414951852,353,308,259,106,106,0.501,opencv_hough_v1,candidate,2026-09-08T16:59:11.197223+00:00
2b20fa6a-686,mapillary_973364723403931,mapillary,973364723403931,18.474625159671,73.862414951852,353,531,396,238,238,0.461,opencv_hough_v1,candidate,2026-09-08T16:59:11.203268+00:00
5e170e82-3eb,mapillary_973364723403931,mapillary,973364723403931,18.474625159671,73.862414951852,353,54,161,234,234,0.524,opencv_hough_v1,candidate,2026-09-08T16:59:11.209849+00:00
94d31abd-554,mapillary_973364723403931,mapillary,973364723403931,18.474625159671,73.862414951852,353,770,417,238,238,0.469,opencv_hough_v1,candidate,2026-09-08T16:59:11.222140+00:00
e27f5fec-48a,mapillary_973364723403931,mapillary,973364723403931,18.474625159671,73.862414951852,353,616,320,122,122,0.517,opencv_hough_v1,candidate,2026-09-08T16:59:11.227535+00:00
cee58a14-e3a,mapillary_973364723403931,mapillary,973364723403931,18.474625159671,73.862414951852,353,472,283,110,110,0.467,opencv_hough_v1,candidate,2026-09-08T16:59:11.233846+00:00
e070d558-358,mapillary_973364723403931,mapillary,973364723403931,18.474625159671,73.862414951852,353,650,246,162,162,0.577,opencv_hough_v1,candidate,2026-09-08T16:59:11.240278+00:00
916db620-4ac,mapillary_973364723403931,mapillary,973364723403931,18.474625159671,73.862414951852,353,370,257,98,98,0.464,opencv_hough_v1,candidate,2026-09-08T16:59:11.245649+00:00
ffd41d4b-5b0,mapillary_973364723403931,mapillary,973364723403931,18.474625159671,73.862414951852,353,825,393,199,214,0.489,opencv_hough_v1,candidate,2026-09-08T16:59:11.251215+00:00
ccc0208a-bab,mapillary_973364723403931,mapillary,973364723403931,18.474625159671,73.862414951852,353,616,543,198,198,0.473,opencv_hough_v1,candidate,2026-09-08T16:59:11.256769+00:00
48caf39a-43d,mapillary_973364723403931,mapillary,973364723403931,18.474625159671,73.862414951852,353,583,521,196,196,0.479,opencv_hough_v1,candidate,2026-09-08T16:59:11.263003+00:00
5d11a22f-909,mapillary_973364723403931,mapillary,973364723403931,18.474625159671,73.862414951852,353,294,421,172,172,0.461,opencv_hough_v1,candidate,2026-09-08T16:59:11.268282+00:00
3db5a60c-1a0,mapillary_973364723403931,mapillary,973364723403931,18.474625159671,73.862414951852,353,52,219,186,186,0.523,opencv_hough_v1,candidate,2026-09-08T16:59:11.274189+00:00
8f24bb7f-8ab,mapillary_973364723403931,mapillary,973364723403931,18.474625159671,73.862414951852,353,761,285,136,136,0.466,opencv_hough_v1,candidate,2026-09-08T16:59:11.280067+00:00
9dd959bf-091,mapillary_973364723403931,mapillary,973364723403931,18.474625159671,73.862414951852,353,12,151,238,238,0.493,opencv_hough_v1,candidate,2026-09-08T16:59:11.285706+00:00
cba4941d-e00,mapillary_973364723403931,mapillary,973364723403931,18.474625159671,73.862414951852,353,729,413,204,204,0.568,opencv_hough_v1,candidate,2026-09-08T16:59:11.292762+00:00
8613767a-ff2,mapillary_973364723403931,mapillary,973364723403931,18.474625159671,73.862414951852,353,883,278,120,120,0.448,opencv_hough_v1,candidate,2026-09-08T16:59:11.298799+00:00
210ae1c5-185,mapillary_973364723403931,mapillary,973364723403931,18.474625159671,73.862414951852,353,771,462,220,220,0.466,opencv_hough_v1,candidate,2026-09-08T16:59:11.304444+00:00
42235c94-9b7,mapillary_973364723403931,mapillary,973364723403931,18.474625159671,73.862414951852,353,510,147,238,238,0.543,opencv_hough_v1,candidate,2026-09-08T16:59:11.310075+00:00
faf18640-6f5,mapillary_973364723403931,mapillary,973364723403931,18.474625159671,73.862414951852,353,318,513,202,202,0.411,opencv_hough_v1,candidate,2026-09-08T16:59:11.315538+00:00
76625cea-800,mapillary_973364723403931,mapillary,973364723403931,18.474625159671,73.862414951852,353,115,477,152,152,0.41,opencv_hough_v1,candidate,2026-09-08T16:59:11.321523+00:00
7d69aead-669,mapillary_973364723403931,mapillary,973364723403931,18.474625159671,73.862414951852,353,583,343,98,98,0.475,opencv_hough_v1,candidate,2026-09-08T16:59:11.327119+00:00
15ef12e0-92e,mapillary_973364723403931,mapillary,973364723403931,18.474625159671,73.862414951852,353,570,146,234,234,0.555,opencv_hough_v1,candidate,2026-09-08T16:59:11.333336+00:00
028c0507-882,mapillary_973364723403931,mapillary,973364723403931,18.474625159671,73.862414951852,353,15,257,140,140,0.499,opencv_hough_v1,candidate,2026-09-08T16:59:11.339941+00:00
be14feaa-310,mapillary_973364723403931,mapillary,973364723403931,18.474625159671,73.862414951852,353,45,263,140,140,0.524,opencv_hough_v1,candidate,2026-09-08T16:59:11.346860+00:00
5d308a44-f45,mapillary_973364723403931,mapillary,973364723403931,18.474625159671,73.862414951852,353,518,417,204,204,0.497,opencv_hough_v1,candidate,2026-09-08T16:59:11.359706+00:00
88672443-486,mapillary_973364723403931,mapillary,973364723403931,18.474625159671,73.862414951852,353,429,425,140,140,0.553,opencv_hough_v1,candidate,2026-09-08T16:59:11.365602+00:00
be56547f-2b5,mapillary_973364723403931,mapillary,973364723403931,18.474625159671,73.862414951852,353,452,276,96,96,0.457,opencv_hough_v1,candidate,2026-09-08T16:59:11.371321+00:00
3e152f86-f9c,mapillary_973364723403931,mapillary,973364723403931,18.474625159671,73.862414951852,353,569,408,222,222,0.485,opencv_hough_v1,candidate,2026-09-08T16:59:11.376981+00:00
7e31ebf7-46a,mapillary_973364723403931,mapillary,973364723403931,18.474625159671,73.862414951852,353,76,555,144,144,0.405,opencv_hough_v1,candidate,2026-09-08T16:59:11.382582+00:00
bb623362-70b,mapillary_973364723403931,mapillary,973364723403931,18.474625159671,73.862414951852,353,271,263,90,90,0.502,opencv_hough_v1,candidate,2026-09-08T16:59:11.388157+00:00
2a0013e2-a59,mapillary_973364723403931,mapillary,973364723403931,18.474625159671,73.862414951852,353,590,581,230,187,0.44,opencv_hough_v1,candidate,2026-09-08T16:59:11.393508+00:00
89e898dc-633,mapillary_973364723403931,mapillary,973364723403931,18.474625159671,73.862414951852,353,891,371,132,132,0.428,opencv_hough_v1,candidate,2026-09-08T16:59:11.400067+00:00
2e7299be-853,mapillary_973364723403931,mapillary,973364723403931,18.474625159671,73.862414951852,353,645,297,88,88,0.511,opencv_hough_v1,candidate,2026-09-08T16:59:11.406364+00:00
598cf679-b9e,mapillary_973364723403931,mapillary,973364723403931,18.474625159671,73.862414951852,353,793,264,96,96,0.49,opencv_hough_v1,candidate,2026-09-08T16:59:11.412601+00:00
908f60f2-d28,mapillary_973364723403931,mapillary,973364723403931,18.474625159671,73.862414951852,353,44,368,90,90,0.361,opencv_hough_v1,candidate,2026-09-08T16:59:11.418570+00:00
d20d5dcc-346,mapillary_973364723403931,mapillary,973364723403931,18.474625159671,73.862414951852,353,686,345,112,112,0.51,opencv_hough_v1,candidate,2026-09-08T16:59:11.424438+00:00
948f4a35-500,mapillary_973364723403931,mapillary,973364723403931,18.474625159671,73.862414951852,353,880,396,144,146,0.483,opencv_hough_v1,candidate,2026-09-08T16:59:11.430331+00:00
727613f4-a6c,mapillary_973364723403931,mapillary,973364723403931,18.474625159671,73.862414951852,353,570,374,94,94,0.502,opencv_hough_v1,candidate,2026-09-08T16:59:11.435919+00:00
14cffa65-9c8,mapillary_973364723403931,mapillary,973364723403931,18.474625159671,73.862414951852,353,214,196,146,146,0.614,opencv_hough_v1,candidate,2026-09-08T16:59:11.441297+00:00
678698d0-d2c,mapillary_973364723403931,mapillary,973364723403931,18.474625159671,73.862414951852,353,107,379,104,104,0.386,opencv_hough_v1,candidate,2026-09-08T16:59:11.446916+00:00
e9475877-7b4,mapillary_973364723403931,mapillary,973364723403931,18.474625159671,73.862414951852,353,822,437,198,198,0.513,opencv_hough_v1,candidate,2026-09-08T16:59:11.452580+00:00
56c472ab-734,mapillary_973364723403931,mapillary,973364723403931,18.474625159671,73.862414951852,353,746,297,106,106,0.457,opencv_hough_v1,candidate,2026-09-08T16:59:11.458340+00:00
00e6c355-3a8,mapillary_973364723403931,mapillary,973364723403931,18.474625159671,73.862414951852,353,870,272,90,90,0.46,opencv_hough_v1,candidate,2026-09-08T16:59:11.464170+00:00
64ce9953-f90,mapillary_973364723403931,mapillary,973364723403931,18.474625159671,73.862414951852,353,832,398,146,146,0.526,opencv_hough_v1,candidate,2026-09-08T16:59:11.470509+00:00
ebf69cc7-ec0,mapillary_973364723403931,mapillary,973364723403931,18.474625159671,73.862414951852,353,161,265,104,104,0.517,opencv_hough_v1,candidate,2026-09-08T16:59:11.476528+00:00
07ec5d0f-f58,mapillary_973364723403931,mapillary,973364723403931,18.474625159671,73.862414951852,353,842,148,182,220,0.551,opencv_hough_v1,candidate,2026-09-08T16:59:11.482966+00:00
cd0f0412-e8d,mapillary_973364723403931,mapillary,973364723403931,18.474625159671,73.862414951852,353,629,431,162,162,0.552,opencv_hough_v1,candidate,2026-09-08T16:59:11.489503+00:00
5c8ec5cf-a71,mapillary_973364723403931,mapillary,973364723403931,18.474625159671,73.862414951852,353,206,513,154,154,0.366,opencv_hough_v1,candidate,2026-09-08T16:59:11.496112+00:00
c9bb53f8-169,mapillary_973364723403931,mapillary,973364723403931,18.474625159671,73.862414951852,353,64,375,128,128,0.391,opencv_hough_v1,candidate,2026-09-08T16:59:11.501881+00:00
1d854413-d41,mapillary_973364723403931,mapillary,973364723403931,18.474625159671,73.862414951852,353,174,545,160,160,0.352,opencv_hough_v1,candidate,2026-09-08T16:59:11.508179+00:00
e1e5cec0-d99,mapillary_973364723403931,mapillary,973364723403931,18.474625159671,73.862414951852,353,635,227,148,148,0.629,opencv_hough_v1,candidate,2026-09-08T16:59:11.516044+00:00
593424bf-552,mapillary_973364723403931,mapillary,973364723403931,18.474625159671,73.862414951852,353,128,554,118,118,0.412,opencv_hough_v1,candidate,2026-09-08T16:59:11.523006+00:00
edb1c5c2-26d,mapillary_973364723403931,mapillary,973364723403931,18.474625159671,73.862414951852,353,610,265,104,104,0.559,opencv_hough_v1,candidate,2026-09-08T16:59:11.529288+00:00
3701f8d5-507,mapillary_973364723403931,mapillary,973364723403931,18.474625159671,73.862414951852,353,607,358,102,102,0.509,opencv_hough_v1,candidate,2026-09-08T16:59:11.535613+00:00
ec8c1b75-ca2,mapillary_973364723403931,mapillary,973364723403931,18.474625159671,73.862414951852,353,38,227,138,138,0.586,opencv_hough_v1,candidate,2026-09-08T16:59:11.541814+00:00
9adc4468-51f,mapillary_973364723403931,mapillary,973364723403931,18.474625159671,73.862414951852,353,271,416,104,104,0.429,opencv_hough_v1,candidate,2026-09-08T16:59:11.548423+00:00
b276dd51-a99,mapillary_973364723403931,mapillary,973364723403931,18.474625159671,73.862414951852,353,416,198,124,124,0.579,opencv_hough_v1,candidate,2026-09-08T16:59:11.554342+00:00
9a9d8ea0-060,mapillary_973364723403931,mapillary,973364723403931,18.474625159671,73.862414951852,353,658,340,106,106,0.513,opencv_hough_v1,candidate,2026-09-08T16:59:11.560545+00:00
0a8b3469-3ca,mapillary_973364723403931,mapillary,973364723403931,18.474625159671,73.862414951852,353,827,273,88,88,0.477,opencv_hough_v1,candidate,2026-09-08T16:59:11.566283+00:00
f2a0d0fa-47e,mapillary_973364723403931,mapillary,973364723403931,18.474625159671,73.862414951852,353,395,497,212,212,0.463,opencv_hough_v1,candidate,2026-09-08T16:59:11.573362+00:00
9be5576e-33a,mapillary_973364723403931,mapillary,973364723403931,18.474625159671,73.862414951852,353,344,512,118,118,0.461,opencv_hough_v1,candidate,2026-09-08T16:59:11.579671+00:00
e0c7e141-283,mapillary_973364723403931,mapillary,973364723403931,18.474625159671,73.862414951852,353,428,366,82,82,0.43,opencv_hough_v1,candidate,2026-09-08T16:59:11.585098+00:00
2b9fad25-c61,mapillary_973364723403931,mapillary,973364723403931,18.474625159671,73.862414951852,353,706,183,186,186,0.594,opencv_hough_v1,candidate,2026-09-08T16:59:11.590482+00:00
21e28bad-20a,mapillary_973364723403931,mapillary,973364723403931,18.474625159671,73.862414951852,353,135,205,156,156,0.609,opencv_hough_v1,candidate,2026-09-08T16:59:11.596006+00:00
c858b749-ce7,mapillary_973364723403931,mapillary,973364723403931,18.474625159671,73.862414951852,353,306,610,146,146,0.385,opencv_hough_v1,candidate,2026-09-08T16:59:11.601183+00:00
60b1c8f5-c2f,mapillary_973364723403931,mapillary,973364723403931,18.474625159671,73.862414951852,353,314,481,112,112,0.454,opencv_hough_v1,candidate,2026-09-08T16:59:11.606862+00:00
a54598f3-a52,mapillary_973364723403931,mapillary,973364723403931,18.474625159671,73.862414951852,353,336,294,86,86,0.474,opencv_hough_v1,candidate,2026-09-08T16:59:11.612209+00:00
c4fce4d7-b61,mapillary_973364723403931,mapillary,973364723403931,18.474625159671,73.862414951852,353,362,512,170,170,0.487,opencv_hough_v1,candidate,2026-09-08T16:59:11.618564+00:00
3305b268-b0c,mapillary_973364723403931,mapillary,973364723403931,18.474625159671,73.862414951852,353,160,185,164,164,0.615,opencv_hough_v1,candidate,2026-09-08T16:59:11.624631+00:00
08e314ae-612,mapillary_973364723403931,mapillary,973364723403931,18.474625159671,73.862414951852,353,2,344,118,118,0.352,opencv_hough_v1,candidate,2026-09-08T16:59:11.630824+00:00
ae8ca6cd-27c,mapillary_973364723403931,mapillary,973364723403931,18.474625159671,73.862414951852,353,758,396,100,100,0.557,opencv_hough_v1,candidate,2026-09-08T16:59:11.636811+00:00
842f4600-12e,mapillary_973364723403931,mapillary,973364723403931,18.474625159671,73.862414951852,353,491,516,226,226,0.454,opencv_hough_v1,candidate,2026-09-08T16:59:11.642518+00:00
7f59f7dc-c22,mapillary_973364723403931,mapillary,973364723403931,18.474625159671,73.862414951852,353,642,526,178,178,0.501,opencv_hough_v1,candidate,2026-09-08T16:59:11.648251+00:00
4d452f5a-5e4,mapillary_973364723403931,mapillary,973364723403931,18.474625159671,73.862414951852,353,384,543,160,160,0.515,opencv_hough_v1,candidate,2026-09-08T16:59:11.654091+00:00
02eb017d-2ce,mapillary_973364723403931,mapillary,973364723403931,18.474625159671,73.862414951852,353,358,219,102,102,0.495,opencv_hough_v1,candidate,2026-09-08T16:59:11.659489+00:00
1e14fd82-915,mapillary_973364723403931,mapillary,973364723403931,18.474625159671,73.862414951852,353,713,382,94,94,0.513,opencv_hough_v1,candidate,2026-09-08T16:59:11.665636+00:00
8ce0f040-9d5,mapillary_973364723403931,mapillary,973364723403931,18.474625159671,73.862414951852,353,220,250,90,90,0.551,opencv_hough_v1,candidate,2026-09-08T16:59:11.677669+00:00
6a044e21-2b4,mapillary_973364723403931,mapillary,973364723403931,18.474625159671,73.862414951852,353,421,251,74,74,0.459,opencv_hough_v1,candidate,2026-09-08T16:59:11.694596+00:00
dde39d5d-d1d,mapillary_973364723403931,mapillary,973364723403931,18.474625159671,73.862414951852,353,670,590,146,146,0.518,opencv_hough_v1,candidate,2026-09-08T16:59:11.699768+00:00
5b649661-1e6,mapillary_973364723403931,mapillary,973364723403931,18.474625159671,73.862414951852,353,265,445,110,110,0.429,opencv_hough_v1,candidate,2026-09-08T16:59:11.705395+00:00
b2ca1c29-c49,mapillary_973364723403931,mapillary,973364723403931,18.474625159671,73.862414951852,353,738,564,130,130,0.493,opencv_hough_v1,candidate,2026-09-08T16:59:11.716629+00:00
4f25132e-d40,mapillary_973364723403931,mapillary,973364723403931,18.474625159671,73.862414951852,353,310,200,118,118,0.526,opencv_hough_v1,candidate,2026-09-08T16:59:11.722531+00:00
351f3356-964,mapillary_973364723403931,mapillary,973364723403931,18.474625159671,73.862414951852,353,745,361,98,98,0.466,opencv_hough_v1,candidate,2026-09-08T16:59:11.728399+00:00
1ec373f2-4d0,mapillary_973364723403931,mapillary,973364723403931,18.474625159671,73.862414951852,353,354,266,70,70,0.447,opencv_hough_v1,candidate,2026-09-08T16:59:11.735121+00:00
3dd30124-c2b,mapillary_973364723403931,mapillary,973364723403931,18.474625159671,73.862414951852,353,293,514,164,164,0.417,opencv_hough_v1,candidate,2026-09-08T16:59:11.753835+00:00
5e157a94-fc8,mapillary_973364723403931,mapillary,973364723403931,18.474625159671,73.862414951852,353,110,575,136,136,0.381,opencv_hough_v1,candidate,2026-09-08T16:59:11.759029+00:00
71803909-b4b,mapillary_973364723403931,mapillary,973364723403931,18.474625159671,73.862414951852,353,567,238,118,118,0.608,opencv_hough_v1,candidate,2026-09-08T16:59:11.764478+00:00
d50d389f-103,mapillary_973364723403931,mapillary,973364723403931,18.474625159671,73.862414951852,353,28,321,94,94,0.392,opencv_hough_v1,candidate,2026-09-08T16:59:11.770101+00:00
95c974c6-926,mapillary_973364723403931,mapillary,973364723403931,18.474625159671,73.862414951852,353,422,518,238,238,0.44,opencv_hough_v1,candidate,2026-09-08T16:59:11.776163+00:00
4c1375ae-845,mapillary_973364723403931,mapillary,973364723403931,18.474625159671,73.862414951852,353,912,234,110,110,0.614,opencv_hough_v1,candidate,2026-09-08T16:59:11.788708+00:00
8c249c2c-eb0,mapillary_973364723403931,mapillary,973364723403931,18.474625159671,73.862414951852,353,749,267,94,94,0.527,opencv_hough_v1,candidate,2026-09-08T16:59:11.794486+00:00
0507fc07-acc,mapillary_973364723403931,mapillary,973364723403931,18.474625159671,73.862414951852,353,555,318,86,86,0.44,opencv_hough_v1,candidate,2026-09-08T16:59:11.799986+00:00
2ce6d03b-a78,mapillary_973364723403931,mapillary,973364723403931,18.474625159671,73.862414951852,353,934,368,90,90,0.396,opencv_hough_v1,candidate,2026-09-08T16:59:11.805351+00:00
2f440ea7-82c,mapillary_973364723403931,mapillary,973364723403931,18.474625159671,73.862414951852,353,91,368,78,78,0.409,opencv_hough_v1,candidate,2026-09-08T16:59:11.810884+00:00
96634cd7-b34,mapillary_973364723403931,mapillary,973364723403931,18.474625159671,73.862414951852,353,133,411,102,102,0.385,opencv_hough_v1,candidate,2026-09-08T16:59:11.816295+00:00
a89a68b5-bf5,mapillary_973364723403931,mapillary,973364723403931,18.474625159671,73.862414951852,353,489,265,80,80,0.463,opencv_hough_v1,candidate,2026-09-08T16:59:11.821691+00:00
a39bb74d-766,mapillary_973364723403931,mapillary,973364723403931,18.474625159671,73.862414951852,353,452,256,74,74,0.454,opencv_hough_v1,candidate,2026-09-08T16:59:11.826711+00:00
07a90981-5e1,mapillary_973364723403931,mapillary,973364723403931,18.474625159671,73.862414951852,353,0,292,98,98,0.361,opencv_hough_v1,candidate,2026-09-08T16:59:11.831979+00:00
d1f3c61e-e62,mapillary_973364723403931,mapillary,973364723403931,18.474625159671,73.862414951852,353,772,525,144,144,0.538,opencv_hough_v1,candidate,2026-09-08T16:59:11.837975+00:00
565628ae-987,mapillary_973364723403931,mapillary,973364723403931,18.474625159671,73.862414951852,353,280,536,122,122,0.375,opencv_hough_v1,candidate,2026-09-08T16:59:11.843189+00:00
e1ee5d18-e7d,mapillary_973364723403931,mapillary,973364723403931,18.474625159671,73.862414951852,353,772,538,194,194,0.4,opencv_hough_v1,candidate,2026-09-08T16:59:11.848928+00:00
00977927-492,mapillary_973364723403931,mapillary,973364723403931,18.474625159671,73.862414951852,353,595,568,170,170,0.514,opencv_hough_v1,candidate,2026-09-08T16:59:11.854659+00:00
319b3733-876,mapillary_973364723403931,mapillary,973364723403931,18.474625159671,73.862414951852,353,934,290,80,80,0.448,opencv_hough_v1,candidate,2026-09-08T16:59:11.866299+00:00
6330c22d-caa,mapillary_973364723403931,mapillary,973364723403931,18.474625159671,73.862414951852,353,623,314,72,72,0.478,opencv_hough_v1,candidate,2026-09-08T16:59:11.872228+00:00
4df3434a-00d,mapillary_973364723403931,mapillary,973364723403931,18.474625159671,73.862414951852,353,823,227,102,102,0.58,opencv_hough_v1,candidate,2026-09-08T16:59:11.882673+00:00
2a8db830-fc9,mapillary_973364723403931,mapillary,973364723403931,18.474625159671,73.862414951852,353,836,414,82,82,0.472,opencv_hough_v1,candidate,2026-09-08T16:59:11.894902+00:00
299f2de0-282,mapillary_973364723403931,mapillary,973364723403931,18.474625159671,73.862414951852,353,238,292,66,66,0.464,opencv_hough_v1,candidate,2026-09-08T16:59:11.900925+00:00
af9ae41c-b60,mapillary_973364723403931,mapillary,973364723403931,18.474625159671,73.862414951852,353,298,248,66,66,0.484,opencv_hough_v1,candidate,2026-09-08T16:59:11.906795+00:00
6f8fd62d-b89,mapillary_973364723403931,mapillary,973364723403931,18.474625159671,73.862414951852,353,914,441,108,108,0.467,opencv_hough_v1,candidate,2026-09-08T16:59:11.918101+00:00
0df1a405-c90,mapillary_973364723403931,mapillary,973364723403931,18.474625159671,73.862414951852,353,500,514,166,166,0.518,opencv_hough_v1,candidate,2026-09-08T16:59:11.923946+00:00
b61c7a6d-c04,mapillary_973364723403931,mapillary,973364723403931,18.474625159671,73.862414951852,353,359,567,152,152,0.494,opencv_hough_v1,candidate,2026-09-08T16:59:11.929745+00:00
7edcb369-e07,mapillary_973364723403931,mapillary,973364723403931,18.474625159671,73.862414951852,353,943,419,81,86,0.408,opencv_hough_v1,candidate,2026-09-08T16:59:11.935204+00:00
a0b09a2f-d48,mapillary_973364723403931,mapillary,973364723403931,18.474625159671,73.862414951852,353,45,558,118,118,0.361,opencv_hough_v1,candidate,2026-09-08T16:59:11.940736+00:00
dcee6d26-433,mapillary_973364723403931,mapillary,973364723403931,18.474625159671,73.862414951852,353,858,236,94,94,0.575,opencv_hough_v1,candidate,2026-09-08T16:59:11.947160+00:00
e5fcd275-88b,mapillary_973364723403931,mapillary,973364723403931,18.474625159671,73.862414951852,353,730,452,144,144,0.652,opencv_hough_v1,candidate,2026-09-08T16:59:11.953075+00:00
ba46dda2-5d9,mapillary_973364723403931,mapillary,973364723403931,18.474625159671,73.862414951852,353,321,526,82,82,0.376,opencv_hough_v1,candidate,2026-09-08T16:59:11.963990+00:00
aa853e33-9ac,mapillary_973364723403931,mapillary,973364723403931,18.474625159671,73.862414951852,353,182,540,74,74,0.379,opencv_hough_v1,candidate,2026-09-08T16:59:11.969868+00:00
a2262e0d-288,mapillary_973364723403931,mapillary,973364723403931,18.474625159671,73.862414951852,353,688,392,66,66,0.481,opencv_hough_v1,candidate,2026-09-08T16:59:11.975996+00:00
2b0c36ba-f1c,mapillary_973364723403931,mapillary,973364723403931,18.474625159671,73.862414951852,353,706,576,106,106,0.514,opencv_hough_v1,candidate,2026-09-08T16:59:11.981732+00:00
591daddb-734,mapillary_973364723403931,mapillary,973364723403931,18.474625159671,73.862414951852,353,902,477,122,132,0.562,opencv_hough_v1,candidate,2026-09-08T16:59:11.987433+00:00
ddf2d1a4-da5,mapillary_973364723403931,mapillary,973364723403931,18.474625159671,73.862414951852,353,865,201,114,114,0.644,opencv_hough_v1,candidate,2026-09-08T16:59:11.993113+00:00
e26228cc-4cb,mapillary_973364723403931,mapillary,973364723403931,18.474625159671,73.862414951852,353,963,315,61,94,0.373,opencv_hough_v1,candidate,2026-09-08T16:59:12.007055+00:00
eeca6911-1d3,mapillary_973364723403931,mapillary,973364723403931,18.474625159671,73.862414951852,353,36,251,78,78,0.519,opencv_hough_v1,candidate,2026-09-08T16:59:12.013166+00:00
543334a7-5d3,mapillary_973364723403931,mapillary,973364723403931,18.474625159671,73.862414951852,353,554,516,114,114,0.509,opencv_hough_v1,candidate,2026-09-08T16:59:12.024956+00:00
9999ec9f-063,mapillary_973364723403931,mapillary,973364723403931,18.474625159671,73.862414951852,353,702,524,62,62,0.391,opencv_hough_v1,candidate,2026-09-08T16:59:12.031361+00:00
34bbe2f5-3b7,mapillary_973364723403931,mapillary,973364723403931,18.474625159671,73.862414951852,353,633,521,140,140,0.53,opencv_hough_v1,candidate,2026-09-08T16:59:12.037034+00:00
3390b810-cd2,mapillary_973364723403931,mapillary,973364723403931,18.474625159671,73.862414951852,353,433,409,52,52,0.359,opencv_hough_v1,candidate,2026-09-08T16:59:12.043349+00:00
246a37d7-471,mapillary_973364723403931,mapillary,973364723403931,18.474625159671,73.862414951852,353,153,555,56,56,0.43,opencv_hough_v1,candidate,2026-09-08T16:59:12.056497+00:00
1b07ddd8-229,mapillary_973364723403931,mapillary,973364723403931,18.474625159671,73.862414951852,353,757,492,136,136,0.646,opencv_hough_v1,candidate,2026-09-08T16:59:12.064250+00:00
174f38fc-d83,mapillary_973364723403931,mapillary,973364723403931,18.474625159671,73.862414951852,353,923,532,82,82,0.527,opencv_hough_v1,candidate,2026-09-08T16:59:12.078264+00:00
7c0971f3-8c5,mapillary_973364723403931,mapillary,973364723403931,18.474625159671,73.862414951852,353,374,631,76,76,0.418,opencv_hough_v1,candidate,2026-09-08T16:59:12.096757+00:00
a48850dd-7c4,mapillary_973364723403931,mapillary,973364723403931,18.474625159671,73.862414951852,353,800,248,62,62,0.522,opencv_hough_v1,candidate,2026-09-08T16:59:12.102407+00:00
214c881e-f92,mapillary_973364723403931,mapillary,973364723403931,18.474625159671,73.862414951852,353,718,504,90,90,0.515,opencv_hough_v1,candidate,2026-09-08T16:59:12.118695+00:00
1d4828fa-027,mapillary_973364723403931,mapillary,973364723403931,18.474625159671,73.862414951852,353,371,669,88,88,0.423,opencv_hough_v1,candidate,2026-09-08T16:59:12.124098+00:00
809c6dda-233,mapillary_973364723403931,mapillary,973364723403931,18.474625159671,73.862414951852,353,408,222,74,74,0.5,opencv_hough_v1,candidate,2026-09-08T16:59:12.147967+00:00
8b358cbc-106,mapillary_973364723403931,mapillary,973364723403931,18.474625159671,73.862414951852,353,463,525,66,66,0.455,opencv_hough_v1,candidate,2026-09-08T16:59:12.153628+00:00
4901ab62-b81,mapillary_973364723403931,mapillary,973364723403931,18.474625159671,73.862414951852,353,787,653,92,92,0.357,opencv_hough_v1,candidate,2026-09-08T16:59:12.164587+00:00
f77c041a-093,mapillary_973364723403931,mapillary,973364723403931,18.474625159671,73.862414951852,353,977,362,47,70,0.394,opencv_hough_v1,candidate,2026-09-08T16:59:12.170216+00:00
8abe7aa0-f37,mapillary_973364723403931,mapillary,973364723403931,18.474625159671,73.862414951852,353,632,263,48,48,0.526,opencv_hough_v1,candidate,2026-09-08T16:59:12.175498+00:00
6cdc4173-d66,mapillary_973364723403931,mapillary,973364723403931,18.474625159671,73.862414951852,353,406,530,50,50,0.411,opencv_hough_v1,candidate,2026-09-08T16:59:12.187812+00:00
8ce788c6-7d4,mapillary_973364723403931,mapillary,973364723403931,18.474625159671,73.862414951852,353,970,284,54,56,0.527,opencv_hough_v1,candidate,2026-09-08T16:59:12.205966+00:00
56d69151-cf9,mapillary_973364723403931,mapillary,973364723403931,18.474625159671,73.862414951852,353,957,448,67,86,0.427,opencv_hough_v1,candidate,2026-09-08T16:59:12.211627+00:00
557324db-9cf,mapillary_973364723403931,mapillary,973364723403931,18.474625159671,73.862414951852,353,910,266,54,54,0.509,opencv_hough_v1,candidate,2026-09-08T16:59:12.217819+00:00
30753679-432,mapillary_973364723403931,mapillary,973364723403931,18.474625159671,73.862414951852,353,973,533,48,48,0.443,opencv_hough_v1,candidate,2026-09-08T16:59:12.223427+00:00
036992ef-c6e,mapillary_973364723403931,mapillary,973364723403931,18.474625159671,73.862414951852,353,978,410,46,66,0.467,opencv_hough_v1,candidate,2026-09-08T16:59:12.234107+00:00
93e6b599-80a,mapillary_973364723403931,mapillary,973364723403931,18.474625159671,73.862414951852,353,518,501,52,52,0.474,opencv_hough_v1,candidate,2026-09-08T16:59:12.247062+00:00
1ca3feea-926,mapillary_973364723403931,mapillary,973364723403931,18.474625159671,73.862414951852,353,747,633,64,64,0.474,opencv_hough_v1,candidate,2026-09-08T16:59:12.252401+00:00
1a2da584-feb,mapillary_973364723403931,mapillary,973364723403931,18.474625159671,73.862414951852,353,674,520,58,58,0.397,opencv_hough_v1,candidate,2026-09-08T16:59:12.257781+00:00
4e4102d3-78b,mapillary_973364723403931,mapillary,973364723403931,18.474625159671,73.862414951852,353,771,558,60,60,0.512,opencv_hough_v1,candidate,2026-09-08T16:59:12.270155+00:00
90b68bfb-3c0,mapillary_973364723403931,mapillary,973364723403931,18.474625159671,73.862414951852,353,974,498,46,46,0.448,opencv_hough_v1,candidate,2026-09-08T16:59:12.286049+00:00
19944575-8d1,mapillary_973364723403931,mapillary,973364723403931,18.474625159671,73.862414951852,353,615,523,56,56,0.445,opencv_hough_v1,candidate,2026-09-08T16:59:12.305094+00:00
9dbc305e-068,mapillary_973364723403931,mapillary,973364723403931,18.474625159671,73.862414951852,353,892,534,66,66,0.561,opencv_hough_v1,candidate,2026-09-08T16:59:12.311838+00:00
1e320c34-ba1,mapillary_973364723403931,mapillary,973364723403931,18.474625159671,73.862414951852,353,493,557,92,92,0.503,opencv_hough_v1,candidate,2026-09-08T16:59:12.317355+00:00
4e8fc48b-bb6,mapillary_1466915810319151,mapillary,1466915810319151,18.47608562888,73.862315383104,0,413,262,210,210,0.375,opencv_hough_v1,candidate,2026-09-08T16:59:13.119714+00:00
f0ed8622-1a0,mapillary_1466915810319151,mapillary,1466915810319151,18.47608562888,73.862315383104,0,2,255,210,210,0.394,opencv_hough_v1,candidate,2026-09-08T16:59:13.126203+00:00
b53359fe-6f8,mapillary_1466915810319151,mapillary,1466915810319151,18.47608562888,73.862315383104,0,114,274,238,238,0.36,opencv_hough_v1,candidate,2026-09-08T16:59:13.132641+00:00
42fd4354-eb1,mapillary_1466915810319151,mapillary,1466915810319151,18.47608562888,73.862315383104,0,740,312,234,234,0.477,opencv_hough_v1,candidate,2026-09-08T16:59:13.140911+00:00
6f83551e-9a8,mapillary_1466915810319151,mapillary,1466915810319151,18.47608562888,73.862315383104,0,423,285,238,238,0.355,opencv_hough_v1,candidate,2026-09-08T16:59:13.148312+00:00
938d0af7-6a7,mapillary_1466915810319151,mapillary,1466915810319151,18.47608562888,73.862315383104,0,525,300,238,238,0.396,opencv_hough_v1,candidate,2026-09-08T16:59:13.155393+00:00
f7d99568-2fe,mapillary_1466915810319151,mapillary,1466915810319151,18.47608562888,73.862315383104,0,773,322,238,238,0.47,opencv_hough_v1,candidate,2026-09-08T16:59:13.162820+00:00
c8e43719-a1f,mapillary_1466915810319151,mapillary,1466915810319151,18.47608562888,73.862315383104,0,820,282,168,168,0.513,opencv_hough_v1,candidate,2026-09-08T16:59:13.171207+00:00
085f64e7-d9c,mapillary_1466915810319151,mapillary,1466915810319151,18.47608562888,73.862315383104,0,748,343,236,236,0.463,opencv_hough_v1,candidate,2026-09-08T16:59:13.178525+00:00
6381c08d-0e2,mapillary_1466915810319151,mapillary,1466915810319151,18.47608562888,73.862315383104,0,449,262,202,202,0.376,opencv_hough_v1,candidate,2026-09-08T16:59:13.185779+00:00
cd1bcdf3-f6c,mapillary_1466915810319151,mapillary,1466915810319151,18.47608562888,73.862315383104,0,131,333,238,238,0.394,opencv_hough_v1,candidate,2026-09-08T16:59:13.192297+00:00
1e049c1b-381,mapillary_1466915810319151,mapillary,1466915810319151,18.47608562888,73.862315383104,0,70,264,238,238,0.362,opencv_hough_v1,candidate,2026-09-08T16:59:13.200858+00:00
4b958013-357,mapillary_1466915810319151,mapillary,1466915810319151,18.47608562888,73.862315383104,0,550,279,238,238,0.392,opencv_hough_v1,candidate,2026-09-08T16:59:13.207744+00:00
3c040768-4c6,mapillary_1466915810319151,mapillary,1466915810319151,18.47608562888,73.862315383104,0,35,270,214,214,0.389,opencv_hough_v1,candidate,2026-09-08T16:59:13.214307+00:00
6077fc71-3a0,mapillary_1466915810319151,mapillary,1466915810319151,18.47608562888,73.862315383104,0,371,263,176,176,0.405,opencv_hough_v1,candidate,2026-09-08T16:59:13.221242+00:00
3e4ad19d-652,mapillary_1466915810319151,mapillary,1466915810319151,18.47608562888,73.862315383104,0,652,316,238,238,0.47,opencv_hough_v1,candidate,2026-09-08T16:59:13.227579+00:00
bfbb7fe5-2e0,mapillary_1466915810319151,mapillary,1466915810319151,18.47608562888,73.862315383104,0,757,287,176,176,0.523,opencv_hough_v1,candidate,2026-09-08T16:59:13.233775+00:00
0e78b552-f73,mapillary_1466915810319151,mapillary,1466915810319151,18.47608562888,73.862315383104,0,338,259,170,170,0.427,opencv_hough_v1,candidate,2026-09-08T16:59:13.239952+00:00
59a19c3f-b5d,mapillary_1466915810319151,mapillary,1466915810319151,18.47608562888,73.862315383104,0,372,293,212,212,0.386,opencv_hough_v1,candidate,2026-09-08T16:59:13.246592+00:00
6df68c0a-97f,mapillary_1466915810319151,mapillary,1466915810319151,18.47608562888,73.862315383104,0,582,322,210,210,0.435,opencv_hough_v1,candidate,2026-09-08T16:59:13.254665+00:00
9fb1b87f-150,mapillary_1466915810319151,mapillary,1466915810319151,18.47608562888,73.862315383104,0,769,256,184,184,0.501,opencv_hough_v1,candidate,2026-09-08T16:59:13.261643+00:00
d292fda2-a47,mapillary_1466915810319151,mapillary,1466915810319151,18.47608562888,73.862315383104,0,48,254,186,186,0.405,opencv_hough_v1,candidate,2026-09-08T16:59:13.268672+00:00
d7b2486e-2fe,mapillary_1466915810319151,mapillary,1466915810319151,18.47608562888,73.862315383104,0,54,377,230,230,0.42,opencv_hough_v1,candidate,2026-09-08T16:59:13.274771+00:00
23778575-c15,mapillary_1466915810319151,mapillary,1466915810319151,18.47608562888,73.862315383104,0,739,257,180,180,0.497,opencv_hough_v1,candidate,2026-09-08T16:59:13.281514+00:00
0abbc2b7-2d3,mapillary_1466915810319151,mapillary,1466915810319151,18.47608562888,73.862315383104,0,174,258,206,206,0.364,opencv_hough_v1,candidate,2026-09-08T16:59:13.288703+00:00
a2875f17-880,mapillary_1466915810319151,mapillary,1466915810319151,18.47608562888,73.862315383104,0,77,258,190,190,0.388,opencv_hough_v1,candidate,2026-09-08T16:59:13.294635+00:00
98034cfe-3ad,mapillary_1466915810319151,mapillary,1466915810319151,18.47608562888,73.862315383104,0,856,283,164,164,0.521,opencv_hough_v1,candidate,2026-09-08T16:59:13.300947+00:00
4edacf5f-9a9,mapillary_1466915810319151,mapillary,1466915810319151,18.47608562888,73.862315383104,0,676,259,190,190,0.507,opencv_hough_v1,candidate,2026-09-08T16:59:13.308008+00:00
97d42b22-01a,mapillary_1466915810319151,mapillary,1466915810319151,18.47608562888,73.862315383104,0,606,312,238,238,0.434,opencv_hough_v1,candidate,2026-09-08T16:59:13.314950+00:00
5f0009c8-83f,mapillary_1466915810319151,mapillary,1466915810319151,18.47608562888,73.862315383104,0,648,401,236,236,0.453,opencv_hough_v1,candidate,2026-09-08T16:59:13.321236+00:00
22468492-206,mapillary_1466915810319151,mapillary,1466915810319151,18.47608562888,73.862315383104,0,622,258,190,190,0.481,opencv_hough_v1,candidate,2026-09-08T16:59:13.327688+00:00
13caecb1-354,mapillary_1466915810319151,mapillary,1466915810319151,18.47608562888,73.862315383104,0,314,291,154,154,0.452,opencv_hough_v1,candidate,2026-09-08T16:59:13.333456+00:00
31a25a2e-564,mapillary_1466915810319151,mapillary,1466915810319151,18.47608562888,73.862315383104,0,831,356,190,190,0.517,opencv_hough_v1,candidate,2026-09-08T16:59:13.339253+00:00
7ceedc68-58c,mapillary_1466915810319151,mapillary,1466915810319151,18.47608562888,73.862315383104,0,481,305,204,204,0.396,opencv_hough_v1,candidate,2026-09-08T16:59:13.345546+00:00
d86379d9-0cb,mapillary_1466915810319151,mapillary,1466915810319151,18.47608562888,73.862315383104,0,422,308,178,178,0.416,opencv_hough_v1,candidate,2026-09-08T16:59:13.351694+00:00
d5c7a464-b8c,mapillary_1466915810319151,mapillary,1466915810319151,18.47608562888,73.862315383104,0,827,331,172,172,0.504,opencv_hough_v1,candidate,2026-09-08T16:59:13.358988+00:00
f4b5ab55-299,mapillary_1466915810319151,mapillary,1466915810319151,18.47608562888,73.862315383104,0,82,340,206,206,0.451,opencv_hough_v1,candidate,2026-09-08T16:59:13.365598+00:00
259b6894-141,mapillary_1466915810319151,mapillary,1466915810319151,18.47608562888,73.862315383104,0,191,306,172,172,0.424,opencv_hough_v1,candidate,2026-09-08T16:59:13.371950+00:00
04e518d3-377,mapillary_1466915810319151,mapillary,1466915810319151,18.47608562888,73.862315383104,0,244,329,210,210,0.406,opencv_hough_v1,candidate,2026-09-08T16:59:13.378703+00:00
ebab237b-55e,mapillary_1466915810319151,mapillary,1466915810319151,18.47608562888,73.862315383104,0,506,330,214,214,0.407,opencv_hough_v1,candidate,2026-09-08T16:59:13.384994+00:00
4d598de5-aeb,mapillary_1466915810319151,mapillary,1466915810319151,18.47608562888,73.862315383104,0,705,298,170,170,0.555,opencv_hough_v1,candidate,2026-09-08T16:59:13.390816+00:00
d9f2db99-e1f,mapillary_1466915810319151,mapillary,1466915810319151,18.47608562888,73.862315383104,0,278,355,238,238,0.405,opencv_hough_v1,candidate,2026-09-08T16:59:13.396669+00:00
601cf6ac-4de,mapillary_1466915810319151,mapillary,1466915810319151,18.47608562888,73.862315383104,0,692,332,222,222,0.497,opencv_hough_v1,candidate,2026-09-08T16:59:13.403731+00:00
542e48e1-129,mapillary_1466915810319151,mapillary,1466915810319151,18.47608562888,73.862315383104,0,570,268,160,160,0.466,opencv_hough_v1,candidate,2026-09-08T16:59:13.411259+00:00
19550e96-5f5,mapillary_1466915810319151,mapillary,1466915810319151,18.47608562888,73.862315383104,0,414,261,140,140,0.432,opencv_hough_v1,candidate,2026-09-08T16:59:13.417720+00:00
59457d6e-bd8,mapillary_1466915810319151,mapillary,1466915810319151,18.47608562888,73.862315383104,0,797,486,226,226,0.372,opencv_hough_v1,candidate,2026-09-08T16:59:13.423486+00:00
37054afa-803,mapillary_1466915810319151,mapillary,1466915810319151,18.47608562888,73.862315383104,0,137,260,186,186,0.373,opencv_hough_v1,candidate,2026-09-08T16:59:13.429493+00:00
5ff6fb5c-125,mapillary_1466915810319151,mapillary,1466915810319151,18.47608562888,73.862315383104,0,337,357,156,156,0.449,opencv_hough_v1,candidate,2026-09-08T16:59:13.436078+00:00
22bd7659-ab5,mapillary_1466915810319151,mapillary,1466915810319151,18.47608562888,73.862315383104,0,865,320,152,152,0.52,opencv_hough_v1,candidate,2026-09-08T16:59:13.442354+00:00
9facb851-e11,mapillary_1466915810319151,mapillary,1466915810319151,18.47608562888,73.862315383104,0,246,367,238,238,0.417,opencv_hough_v1,candidate,2026-09-08T16:59:13.448266+00:00
e98d622f-14a,mapillary_1466915810319151,mapillary,1466915810319151,18.47608562888,73.862315383104,0,6,375,176,176,0.489,opencv_hough_v1,candidate,2026-09-08T16:59:13.454509+00:00
ae2a9b3f-8bc,mapillary_1466915810319151,mapillary,1466915810319151,18.47608562888,73.862315383104,0,451,260,156,156,0.394,opencv_hough_v1,candidate,2026-09-08T16:59:13.461470+00:00
aa58b787-fdd,mapillary_1466915810319151,mapillary,1466915810319151,18.47608562888,73.862315383104,0,303,269,140,140,0.429,opencv_hough_v1,candidate,2026-09-08T16:59:13.467970+00:00
f838b1e9-dae,mapillary_1466915810319151,mapillary,1466915810319151,18.47608562888,73.862315383104,0,695,435,238,238,0.442,opencv_hough_v1,candidate,2026-09-08T16:59:13.473971+00:00
173816ed-f49,mapillary_1466915810319151,mapillary,1466915810319151,18.47608562888,73.862315383104,0,553,344,210,210,0.416,opencv_hough_v1,candidate,2026-09-08T16:59:13.480250+00:00
eb837263-154,mapillary_1466915810319151,mapillary,1466915810319151,18.47608562888,73.862315383104,0,42,427,238,238,0.457,opencv_hough_v1,candidate,2026-09-08T16:59:13.486893+00:00
a36c1608-817,mapillary_1466915810319151,mapillary,1466915810319151,18.47608562888,73.862315383104,0,372,311,124,124,0.454,opencv_hough_v1,candidate,2026-09-08T16:59:13.492802+00:00
df4086b1-e69,mapillary_1466915810319151,mapillary,1466915810319151,18.47608562888,73.862315383104,0,763,377,234,234,0.446,opencv_hough_v1,candidate,2026-09-08T16:59:13.498737+00:00
f5d341d6-f73,mapillary_1466915810319151,mapillary,1466915810319151,18.47608562888,73.862315383104,0,173,391,178,178,0.474,opencv_hough_v1,candidate,2026-09-08T16:59:13.504619+00:00
5c3fc03d-f35,mapillary_1466915810319151,mapillary,1466915810319151,18.47608562888,73.862315383104,0,676,318,168,168,0.556,opencv_hough_v1,candidate,2026-09-08T16:59:13.511996+00:00
d5eb5162-eea,mapillary_1466915810319151,mapillary,1466915810319151,18.47608562888,73.862315383104,0,858,537,162,162,0.366,opencv_hough_v1,candidate,2026-09-08T16:59:13.518824+00:00
e8ff2452-b3e,mapillary_1466915810319151,mapillary,1466915810319151,18.47608562888,73.862315383104,0,491,262,154,154,0.403,opencv_hough_v1,candidate,2026-09-08T16:59:13.525076+00:00
b1c3d4dd-b45,mapillary_1466915810319151,mapillary,1466915810319151,18.47608562888,73.862315383104,0,250,311,140,140,0.454,opencv_hough_v1,candidate,2026-09-08T16:59:13.530873+00:00
ffcdf08f-412,mapillary_1466915810319151,mapillary,1466915810319151,18.47608562888,73.862315383104,0,243,347,128,128,0.45,opencv_hough_v1,candidate,2026-09-08T16:59:13.537079+00:00
d0122be2-721,mapillary_1466915810319151,mapillary,1466915810319151,18.47608562888,73.862315383104,0,38,253,148,148,0.448,opencv_hough_v1,candidate,2026-09-08T16:59:13.543771+00:00
65882259-405,mapillary_1466915810319151,mapillary,1466915810319151,18.47608562888,73.862315383104,0,782,515,220,220,0.366,opencv_hough_v1,candidate,2026-09-08T16:59:13.550346+00:00
667628bb-37d,mapillary_1466915810319151,mapillary,1466915810319151,18.47608562888,73.862315383104,0,107,400,196,196,0.472,opencv_hough_v1,candidate,2026-09-08T16:59:13.556473+00:00
4232d6b3-ff1,mapillary_1466915810319151,mapillary,1466915810319151,18.47608562888,73.862315383104,0,3,265,156,156,0.463,opencv_hough_v1,candidate,2026-09-08T16:59:13.564248+00:00
5c06a3fc-cc3,mapillary_1466915810319151,mapillary,1466915810319151,18.47608562888,73.862315383104,0,311,370,238,238,0.416,opencv_hough_v1,candidate,2026-09-08T16:59:13.571208+00:00
cdcde20e-858,mapillary_1466915810319151,mapillary,1466915810319151,18.47608562888,73.862315383104,0,538,289,132,132,0.434,opencv_hough_v1,candidate,2026-09-08T16:59:13.578160+00:00
87ccd807-51b,mapillary_1466915810319151,mapillary,1466915810319151,18.47608562888,73.862315383104,0,654,362,226,226,0.47,opencv_hough_v1,candidate,2026-09-08T16:59:13.584967+00:00
5413200e-8ce,mapillary_1466915810319151,mapillary,1466915810319151,18.47608562888,73.862315383104,0,894,269,114,114,0.524,opencv_hough_v1,candidate,2026-09-08T16:59:13.591108+00:00
24ca9739-6b2,mapillary_1466915810319151,mapillary,1466915810319151,18.47608562888,73.862315383104,0,116,334,160,160,0.464,opencv_hough_v1,candidate,2026-09-08T16:59:13.597767+00:00
927ad92c-c4e,mapillary_1466915810319151,mapillary,1466915810319151,18.47608562888,73.862315383104,0,224,251,160,160,0.373,opencv_hough_v1,candidate,2026-09-08T16:59:13.604408+00:00
9da7fbe6-bce,mapillary_1466915810319151,mapillary,1466915810319151,18.47608562888,73.862315383104,0,341,367,184,184,0.439,opencv_hough_v1,candidate,2026-09-08T16:59:13.611235+00:00
471cf9e7-e88,mapillary_1466915810319151,mapillary,1466915810319151,18.47608562888,73.862315383104,0,484,349,170,170,0.45,opencv_hough_v1,candidate,2026-09-08T16:59:13.618718+00:00
40a43b7c-b3c,mapillary_1466915810319151,mapillary,1466915810319151,18.47608562888,73.862315383104,0,179,429,180,180,0.484,opencv_hough_v1,candidate,2026-09-08T16:59:13.625849+00:00
6e36f082-f05,mapillary_1466915810319151,mapillary,1466915810319151,18.47608562888,73.862315383104,0,883,415,136,136,0.52,opencv_hough_v1,candidate,2026-09-08T16:59:13.631496+00:00
6fbca09a-795,mapillary_1466915810319151,mapillary,1466915810319151,18.47608562888,73.862315383104,0,735,465,238,238,0.396,opencv_hough_v1,candidate,2026-09-08T16:59:13.637609+00:00
80543402-b73,mapillary_1466915810319151,mapillary,1466915810319151,18.47608562888,73.862315383104,0,11,424,198,198,0.471,opencv_hough_v1,candidate,2026-09-08T16:59:13.644290+00:00
fdb6086d-538,mapillary_1466915810319151,mapillary,1466915810319151,18.47608562888,73.862315383104,0,15,377,122,122,0.473,opencv_hough_v1,candidate,2026-09-08T16:59:13.650363+00:00
863e0917-6b9,mapillary_1466915810319151,mapillary,1466915810319151,18.47608562888,73.862315383104,0,719,389,236,236,0.446,opencv_hough_v1,candidate,2026-09-08T16:59:13.657064+00:00
45219a58-764,mapillary_1466915810319151,mapillary,1466915810319151,18.47608562888,73.862315383104,0,826,180,170,170,0.563,opencv_hough_v1,candidate,2026-09-08T16:59:13.663644+00:00
5271f57b-6b9,mapillary_1466915810319151,mapillary,1466915810319151,18.47608562888,73.862315383104,0,602,256,136,136,0.491,opencv_hough_v1,candidate,2026-09-08T16:59:13.671157+00:00
fba68a15-725,mapillary_1466915810319151,mapillary,1466915810319151,18.47608562888,73.862315383104,0,630,311,152,152,0.526,opencv_hough_v1,candidate,2026-09-08T16:59:13.678428+00:00
f525d4c9-162,mapillary_1466915810319151,mapillary,1466915810319151,18.47608562888,73.862315383104,0,693,152,218,218,0.457,opencv_hough_v1,candidate,2026-09-08T16:59:13.684997+00:00
1c5221c4-4dc,mapillary_1466915810319151,mapillary,1466915810319151,18.47608562888,73.862315383104,0,71,364,136,136,0.511,opencv_hough_v1,candidate,2026-09-08T16:59:13.691618+00:00
518c9c0f-472,mapillary_1466915810319151,mapillary,1466915810319151,18.47608562888,73.862315383104,0,613,286,136,136,0.527,opencv_hough_v1,candidate,2026-09-08T16:59:13.698566+00:00
17e7b5a6-cd8,mapillary_1466915810319151,mapillary,1466915810319151,18.47608562888,73.862315383104,0,94,436,170,170,0.488,opencv_hough_v1,candidate,2026-09-08T16:59:13.707466+00:00
965515cf-c55,mapillary_1466915810319151,mapillary,1466915810319151,18.47608562888,73.862315383104,0,703,388,212,212,0.5,opencv_hough_v1,candidate,2026-09-08T16:59:13.715086+00:00
0434d116-88b,mapillary_1466915810319151,mapillary,1466915810319151,18.47608562888,73.862315383104,0,660,259,124,124,0.533,opencv_hough_v1,candidate,2026-09-08T16:59:13.723138+00:00
f8f5cff2-607,mapillary_1466915810319151,mapillary,1466915810319151,18.47608562888,73.862315383104,0,266,397,238,238,0.43,opencv_hough_v1,candidate,2026-09-08T16:59:13.731420+00:00
7ffa68a3-374,mapillary_1466915810319151,mapillary,1466915810319151,18.47608562888,73.862315383104,0,851,427,168,168,0.482,opencv_hough_v1,candidate,2026-09-08T16:59:13.739596+00:00
4c44e4d1-16a,mapillary_1466915810319151,mapillary,1466915810319151,18.47608562888,73.862315383104,0,855,500,164,164,0.415,opencv_hough_v1,candidate,2026-09-08T16:59:13.746512+00:00
fad2ff8e-f25,mapillary_1466915810319151,mapillary,1466915810319151,18.47608562888,73.862315383104,0,761,383,148,148,0.646,opencv_hough_v1,candidate,2026-09-08T16:59:13.753913+00:00
333542df-131,mapillary_1466915810319151,mapillary,1466915810319151,18.47608562888,73.862315383104,0,725,256,136,136,0.516,opencv_hough_v1,candidate,2026-09-08T16:59:13.760713+00:00
e0c06851-ecb,mapillary_1466915810319151,mapillary,1466915810319151,18.47608562888,73.862315383104,0,337,259,124,124,0.423,opencv_hough_v1,candidate,2026-09-08T16:59:13.767699+00:00
88168363-489,mapillary_1466915810319151,mapillary,1466915810319151,18.47608562888,73.862315383104,0,825,330,118,118,0.504,opencv_hough_v1,candidate,2026-09-08T16:59:13.774032+00:00
c6d31502-74b,mapillary_1466915810319151,mapillary,1466915810319151,18.47608562888,73.862315383104,0,8,334,130,130,0.469,opencv_hough_v1,candidate,2026-09-08T16:59:13.781748+00:00
1ccf7ca2-147,mapillary_1466915810319151,mapillary,1466915810319151,18.47608562888,73.862315383104,0,305,400,238,238,0.429,opencv_hough_v1,candidate,2026-09-08T16:59:13.789237+00:00
4696323b-d52,mapillary_1466915810319151,mapillary,1466915810319151,18.47608562888,73.862315383104,0,515,379,238,238,0.402,opencv_hough_v1,candidate,2026-09-08T16:59:13.797268+00:00
55c65f81-4c4,mapillary_1466915810319151,mapillary,1466915810319151,18.47608562888,73.862315383104,0,858,524,166,218,0.355,opencv_hough_v1,candidate,2026-09-08T16:59:13.804983+00:00
80c4ed80-a4e,mapillary_1466915810319151,mapillary,1466915810319151,18.47608562888,73.862315383104,0,156,430,162,162,0.504,opencv_hough_v1,candidate,2026-09-08T16:59:13.811961+00:00
da624f87-dbc,mapillary_1466915810319151,mapillary,1466915810319151,18.47608562888,73.862315383104,0,404,368,154,154,0.468,opencv_hough_v1,candidate,2026-09-08T16:59:13.818604+00:00
f8c8fbfe-4fb,mapillary_1466915810319151,mapillary,1466915810319151,18.47608562888,73.862315383104,0,846,412,136,136,0.542,opencv_hough_v1,candidate,2026-09-08T16:59:13.825903+00:00
ceb0ffda-572,mapillary_1466915810319151,mapillary,1466915810319151,18.47608562888,73.862315383104,0,148,394,130,130,0.527,opencv_hough_v1,candidate,2026-09-08T16:59:13.832799+00:00
199e2228-639,mapillary_1466915810319151,mapillary,1466915810319151,18.47608562888,73.862315383104,0,308,329,112,112,0.444,opencv_hough_v1,candidate,2026-09-08T16:59:13.840012+00:00
ab354437-808,mapillary_1466915810319151,mapillary,1466915810319151,18.47608562888,73.862315383104,0,867,278,94,94,0.482,opencv_hough_v1,candidate,2026-09-08T16:59:13.847520+00:00
b2e91023-cfd,mapillary_1466915810319151,mapillary,1466915810319151,18.47608562888,73.862315383104,0,66,239,148,148,0.419,opencv_hough_v1,candidate,2026-09-08T16:59:13.854242+00:00
18bdf19f-d54,mapillary_1466915810319151,mapillary,1466915810319151,18.47608562888,73.862315383104,0,740,151,214,214,0.469,opencv_hough_v1,candidate,2026-09-08T16:59:13.861542+00:00
905abd7e-780,mapillary_1466915810319151,mapillary,1466915810319151,18.47608562888,73.862315383104,0,564,254,130,130,0.434,opencv_hough_v1,candidate,2026-09-08T16:59:13.868202+00:00
ef04d1e9-679,mapillary_1466915810319151,mapillary,1466915810319151,18.47608562888,73.862315383104,0,919,343,105,110,0.56,opencv_hough_v1,candidate,2026-09-08T16:59:13.874677+00:00
f916f4ca-c6b,mapillary_1466915810319151,mapillary,1466915810319151,18.47608562888,73.862315383104,0,828,257,102,102,0.535,opencv_hough_v1,candidate,2026-09-08T16:59:13.881412+00:00
264e8b9c-0ff,mapillary_1466915810319151,mapillary,1466915810319151,18.47608562888,73.862315383104,0,386,258,114,114,0.431,opencv_hough_v1,candidate,2026-09-08T16:59:13.895233+00:00
2088c419-5f0,mapillary_1466915810319151,mapillary,1466915810319151,18.47608562888,73.862315383104,0,216,364,130,130,0.472,opencv_hough_v1,candidate,2026-09-08T16:59:13.907976+00:00
b854e694-43a,mapillary_1466915810319151,mapillary,1466915810319151,18.47608562888,73.862315383104,0,534,260,118,118,0.399,opencv_hough_v1,candidate,2026-09-08T16:59:13.913858+00:00
96765732-177,mapillary_1466915810319151,mapillary,1466915810319151,18.47608562888,73.862315383104,0,655,150,222,222,0.435,opencv_hough_v1,candidate,2026-09-08T16:59:13.920304+00:00
072c4523-3dd,mapillary_1466915810319151,mapillary,1466915810319151,18.47608562888,73.862315383104,0,676,413,236,236,0.454,opencv_hough_v1,candidate,2026-09-08T16:59:13.927575+00:00
96439e4d-701,mapillary_1466915810319151,mapillary,1466915810319151,18.47608562888,73.862315383104,0,481,393,228,228,0.421,opencv_hough_v1,candidate,2026-09-08T16:59:13.934227+00:00
0a698fac-da5,mapillary_1466915810319151,mapillary,1466915810319151,18.47608562888,73.862315383104,0,858,590,166,166,0.401,opencv_hough_v1,candidate,2026-09-08T16:59:13.940796+00:00
019434bd-5ec,mapillary_1466915810319151,mapillary,1466915810319151,18.47608562888,73.862315383104,0,354,386,238,238,0.432,opencv_hough_v1,candidate,2026-09-08T16:59:13.946898+00:00
eb9f5100-9be,mapillary_1466915810319151,mapillary,1466915810319151,18.47608562888,73.862315383104,0,205,257,138,138,0.383,opencv_hough_v1,candidate,2026-09-08T16:59:13.953440+00:00
7a7756cc-bbe,mapillary_1466915810319151,mapillary,1466915810319151,18.47608562888,73.862315383104,0,697,256,124,124,0.511,opencv_hough_v1,candidate,2026-09-08T16:59:13.961345+00:00
93b5e902-4a3,mapillary_1466915810319151,mapillary,1466915810319151,18.47608562888,73.862315383104,0,722,418,238,238,0.429,opencv_hough_v1,candidate,2026-09-08T16:59:13.968513+00:00
da2f736a-327,mapillary_1466915810319151,mapillary,1466915810319151,18.47608562888,73.862315383104,0,64,406,138,138,0.558,opencv_hough_v1,candidate,2026-09-08T16:59:13.974759+00:00
b4df19b6-eb7,mapillary_1466915810319151,mapillary,1466915810319151,18.47608562888,73.862315383104,0,166,257,128,128,0.385,opencv_hough_v1,candidate,2026-09-08T16:59:13.980580+00:00
50992003-a87,mapillary_1466915810319151,mapillary,1466915810319151,18.47608562888,73.862315383104,0,795,259,104,104,0.532,opencv_hough_v1,candidate,2026-09-08T16:59:13.987078+00:00
06d71ee7-1cf,mapillary_1466915810319151,mapillary,1466915810319151,18.47608562888,73.862315383104,0,363,355,88,88,0.463,opencv_hough_v1,candidate,2026-09-08T16:59:13.993534+00:00
8035e275-09c,mapillary_1466915810319151,mapillary,1466915810319151,18.47608562888,73.862315383104,0,557,392,152,152,0.45,opencv_hough_v1,candidate,2026-09-08T16:59:14.005769+00:00
9cac1a56-53c,mapillary_1466915810319151,mapillary,1466915810319151,18.47608562888,73.862315383104,0,123,258,122,122,0.378,opencv_hough_v1,candidate,2026-09-08T16:59:14.015893+00:00
d2c97c0a-78d,mapillary_1466915810319151,mapillary,1466915810319151,18.47608562888,73.862315383104,0,246,383,160,160,0.468,opencv_hough_v1,candidate,2026-09-08T16:59:14.023062+00:00
2e14a656-c3a,mapillary_1466915810319151,mapillary,1466915810319151,18.47608562888,73.862315383104,0,20,253,118,118,0.471,opencv_hough_v1,candidate,2026-09-08T16:59:14.029817+00:00
4b2cb586-2c0,mapillary_1466915810319151,mapillary,1466915810319151,18.47608562888,73.862315383104,0,507,259,104,104,0.363,opencv_hough_v1,candidate,2026-09-08T16:59:14.037537+00:00
daafff4f-60c,mapillary_1466915810319151,mapillary,1466915810319151,18.47608562888,73.862315383104,0,0,291,176,176,0.454,opencv_hough_v1,candidate,2026-09-08T16:59:14.044234+00:00
bab42483-82e,mapillary_1466915810319151,mapillary,1466915810319151,18.47608562888,73.862315383104,0,324,379,112,112,0.458,opencv_hough_v1,candidate,2026-09-08T16:59:14.050554+00:00
ff9b9c7f-145,mapillary_1466915810319151,mapillary,1466915810319151,18.47608562888,73.862315383104,0,505,381,176,176,0.463,opencv_hough_v1,candidate,2026-09-08T16:59:14.056828+00:00
87dd73a0-e5b,mapillary_1466915810319151,mapillary,1466915810319151,18.47608562888,73.862315383104,0,457,376,124,124,0.481,opencv_hough_v1,candidate,2026-09-08T16:59:14.063672+00:00
f5fe62bb-38f,mapillary_1466915810319151,mapillary,1466915810319151,18.47608562888,73.862315383104,0,755,517,204,204,0.391,opencv_hough_v1,candidate,2026-09-08T16:59:14.071636+00:00
e16308d6-c9e,mapillary_1466915810319151,mapillary,1466915810319151,18.47608562888,73.862315383104,0,456,250,122,122,0.387,opencv_hough_v1,candidate,2026-09-08T16:59:14.079290+00:00
9956f9ca-5ea,mapillary_1466915810319151,mapillary,1466915810319151,18.47608562888,73.862315383104,0,649,374,180,180,0.508,opencv_hough_v1,candidate,2026-09-08T16:59:14.086904+00:00
7aea606c-c7c,mapillary_1466915810319151,mapillary,1466915810319151,18.47608562888,73.862315383104,0,940,284,84,144,0.595,opencv_hough_v1,candidate,2026-09-08T16:59:14.094674+00:00
0e1ba47b-c89,mapillary_1466915810319151,mapillary,1466915810319151,18.47608562888,73.862315383104,0,112,364,106,106,0.456,opencv_hough_v1,candidate,2026-09-08T16:59:14.103033+00:00
483ff7ed-eda,mapillary_1466915810319151,mapillary,1466915810319151,18.47608562888,73.862315383104,0,896,244,98,98,0.527,opencv_hough_v1,candidate,2026-09-08T16:59:14.109753+00:00
4eb9914d-10f,mapillary_1466915810319151,mapillary,1466915810319151,18.47608562888,73.862315383104,0,33,457,184,184,0.496,opencv_hough_v1,candidate,2026-09-08T16:59:14.116425+00:00
f4a9cc9b-60d,mapillary_1466915810319151,mapillary,1466915810319151,18.47608562888,73.862315383104,0,43,430,124,124,0.535,opencv_hough_v1,candidate,2026-09-08T16:59:14.123206+00:00
449daf41-bd0,mapillary_1466915810319151,mapillary,1466915810319151,18.47608562888,73.862315383104,0,235,432,122,122,0.476,opencv_hough_v1,candidate,2026-09-08T16:59:14.134054+00:00
e67d28b8-1e9,mapillary_1466915810319151,mapillary,1466915810319151,18.47608562888,73.862315383104,0,641,411,136,136,0.477,opencv_hough_v1,candidate,2026-09-08T16:59:14.141158+00:00
94c627da-94b,mapillary_1466915810319151,mapillary,1466915810319151,18.47608562888,73.862315383104,0,917,403,106,106,0.507,opencv_hough_v1,candidate,2026-09-08T16:59:14.147719+00:00
0876e84c-ab6,mapillary_1466915810319151,mapillary,1466915810319151,18.47608562888,73.862315383104,0,438,320,94,94,0.368,opencv_hough_v1,candidate,2026-09-08T16:59:14.154485+00:00
8c61e3e4-93e,mapillary_1466915810319151,mapillary,1466915810319151,18.47608562888,73.862315383104,0,938,288,86,86,0.507,opencv_hough_v1,candidate,2026-09-08T16:59:14.161587+00:00
636ab55a-0f2,mapillary_1466915810319151,mapillary,1466915810319151,18.47608562888,73.862315383104,0,655,439,220,220,0.464,opencv_hough_v1,candidate,2026-09-08T16:59:14.174341+00:00
dfec568c-38e,mapillary_1466915810319151,mapillary,1466915810319151,18.47608562888,73.862315383104,0,942,306,82,160,0.58,opencv_hough_v1,candidate,2026-09-08T16:59:14.181034+00:00
1d9c97d4-d66,mapillary_1466915810319151,mapillary,1466915810319151,18.47608562888,73.862315383104,0,933,325,82,82,0.527,opencv_hough_v1,candidate,2026-09-08T16:59:14.188225+00:00
cf4cfa1f-ae1,mapillary_1466915810319151,mapillary,1466915810319151,18.47608562888,73.862315383104,0,233,416,228,228,0.456,opencv_hough_v1,candidate,2026-09-08T16:59:14.198160+00:00
c4021e11-ddb,mapillary_1466915810319151,mapillary,1466915810319151,18.47608562888,73.862315383104,0,579,403,178,178,0.432,opencv_hough_v1,candidate,2026-09-08T16:59:14.205305+00:00
fed17803-ffa,mapillary_1466915810319151,mapillary,1466915810319151,18.47608562888,73.862315383104,0,0,351,156,156,0.453,opencv_hough_v1,candidate,2026-09-08T16:59:14.211573+00:00
dcc54fe5-8a8,mapillary_1466915810319151,mapillary,1466915810319151,18.47608562888,73.862315383104,0,397,363,102,102,0.433,opencv_hough_v1,candidate,2026-09-08T16:59:14.218380+00:00
d3cfe46c-523,mapillary_1466915810319151,mapillary,1466915810319151,18.47608562888,73.862315383104,0,740,543,238,225,0.35,opencv_hough_v1,candidate,2026-09-08T16:59:14.224881+00:00
bca7762a-0c4,mapillary_1466915810319151,mapillary,1466915810319151,18.47608562888,73.862315383104,0,81,459,120,120,0.562,opencv_hough_v1,candidate,2026-09-08T16:59:14.232055+00:00
5e4a3662-92a,mapillary_1466915810319151,mapillary,1466915810319151,18.47608562888,73.862315383104,0,0,257,184,184,0.446,opencv_hough_v1,candidate,2026-09-08T16:59:14.238618+00:00
b64ca400-4ce,mapillary_1466915810319151,mapillary,1466915810319151,18.47608562888,73.862315383104,0,950,514,74,136,0.537,opencv_hough_v1,candidate,2026-09-08T16:59:14.245658+00:00
346bd3ce-038,mapillary_1466915810319151,mapillary,1466915810319151,18.47608562888,73.862315383104,0,556,350,114,114,0.395,opencv_hough_v1,candidate,2026-09-08T16:59:14.262098+00:00
44a378af-2be,mapillary_1466915810319151,mapillary,1466915810319151,18.47608562888,73.862315383104,0,241,473,160,160,0.551,opencv_hough_v1,candidate,2026-09-08T16:59:14.268583+00:00
4bf1655c-06c,mapillary_1466915810319151,mapillary,1466915810319151,18.47608562888,73.862315383104,0,0,361,86,86,0.401,opencv_hough_v1,candidate,2026-09-08T16:59:14.274820+00:00
6a92d974-265,mapillary_1466915810319151,mapillary,1466915810319151,18.47608562888,73.862315383104,0,742,519,176,176,0.447,opencv_hough_v1,candidate,2026-09-08T16:59:14.280794+00:00
9c5ca4f6-4b8,mapillary_1466915810319151,mapillary,1466915810319151,18.47608562888,73.862315383104,0,0,264,96,96,0.482,opencv_hough_v1,candidate,2026-09-08T16:59:14.287153+00:00
f68c85f6-568,mapillary_1466915810319151,mapillary,1466915810319151,18.47608562888,73.862315383104,0,183,384,88,88,0.468,opencv_hough_v1,candidate,2026-09-08T16:59:14.293855+00:00
8489c19e-48f,mapillary_1466915810319151,mapillary,1466915810319151,18.47608562888,73.862315383104,0,4,476,202,202,0.532,opencv_hough_v1,candidate,2026-09-08T16:59:14.300472+00:00
c953fbac-56b,mapillary_1466915810319151,mapillary,1466915810319151,18.47608562888,73.862315383104,0,570,188,140,140,0.453,opencv_hough_v1,candidate,2026-09-08T16:59:14.308298+00:00
c74d524b-4de,mapillary_1466915810319151,mapillary,1466915810319151,18.47608562888,73.862315383104,0,70,351,82,82,0.441,opencv_hough_v1,candidate,2026-09-08T16:59:14.315297+00:00
aae480b6-02d,mapillary_1466915810319151,mapillary,1466915810319151,18.47608562888,73.862315383104,0,951,264,70,70,0.514,opencv_hough_v1,candidate,2026-09-08T16:59:14.321481+00:00
c01ea537-2ad,mapillary_1466915810319151,mapillary,1466915810319151,18.47608562888,73.862315383104,0,206,219,132,132,0.37,opencv_hough_v1,candidate,2026-09-08T16:59:14.328456+00:00
de0d4660-82c,mapillary_1466915810319151,mapillary,1466915810319151,18.47608562888,73.862315383104,0,765,247,104,104,0.509,opencv_hough_v1,candidate,2026-09-08T16:59:14.340583+00:00
d9f99152-d58,mapillary_1466915810319151,mapillary,1466915810319151,18.47608562888,73.862315383104,0,16,446,98,98,0.491,opencv_hough_v1,candidate,2026-09-08T16:59:14.346678+00:00
6c15f803-6b4,mapillary_1466915810319151,mapillary,1466915810319151,18.47608562888,73.862315383104,0,605,248,94,94,0.425,opencv_hough_v1,candidate,2026-09-08T16:59:14.353087+00:00
141b8c28-946,mapillary_1466915810319151,mapillary,1466915810319151,18.47608562888,73.862315383104,0,597,341,88,88,0.414,opencv_hough_v1,candidate,2026-09-08T16:59:14.361207+00:00
f42092b6-dca,mapillary_1466915810319151,mapillary,1466915810319151,18.47608562888,73.862315383104,0,71,396,72,72,0.443,opencv_hough_v1,candidate,2026-09-08T16:59:14.376380+00:00
c3ade64a-a69,mapillary_1466915810319151,mapillary,1466915810319151,18.47608562888,73.862315383104,0,136,458,144,144,0.519,opencv_hough_v1,candidate,2026-09-08T16:59:14.383322+00:00
a5bd315e-270,mapillary_1466915810319151,mapillary,1466915810319151,18.47608562888,73.862315383104,0,445,196,136,136,0.421,opencv_hough_v1,candidate,2026-09-08T16:59:14.390119+00:00
422cc12d-f35,mapillary_1466915810319151,mapillary,1466915810319151,18.47608562888,73.862315383104,0,307,318,78,78,0.398,opencv_hough_v1,candidate,2026-09-08T16:59:14.396857+00:00
c1ef5624-bb2,mapillary_1466915810319151,mapillary,1466915810319151,18.47608562888,73.862315383104,0,439,256,78,78,0.401,opencv_hough_v1,candidate,2026-09-08T16:59:14.404566+00:00
c7600e0b-41b,mapillary_1466915810319151,mapillary,1466915810319151,18.47608562888,73.862315383104,0,536,334,86,86,0.378,opencv_hough_v1,candidate,2026-09-08T16:59:14.411329+00:00
343de3d3-b52,mapillary_1466915810319151,mapillary,1466915810319151,18.47608562888,73.862315383104,0,649,258,78,78,0.45,opencv_hough_v1,candidate,2026-09-08T16:59:14.419103+00:00
2663e9e2-0e1,mapillary_1466915810319151,mapillary,1466915810319151,18.47608562888,73.862315383104,0,777,353,88,88,0.508,opencv_hough_v1,candidate,2026-09-08T16:59:14.428285+00:00
6e88bb4a-dfc,mapillary_1466915810319151,mapillary,1466915810319151,18.47608562888,73.862315383104,0,42,482,194,194,0.523,opencv_hough_v1,candidate,2026-09-08T16:59:14.436222+00:00
8f057b89-a73,mapillary_1466915810319151,mapillary,1466915810319151,18.47608562888,73.862315383104,0,915,522,106,106,0.424,opencv_hough_v1,candidate,2026-09-08T16:59:14.443696+00:00
240d49f0-545,mapillary_1466915810319151,mapillary,1466915810319151,18.47608562888,73.862315383104,0,700,258,72,72,0.482,opencv_hough_v1,candidate,2026-09-08T16:59:14.450902+00:00
9dcc4904-079,mapillary_1466915810319151,mapillary,1466915810319151,18.47608562888,73.862315383104,0,661,476,206,206,0.467,opencv_hough_v1,candidate,2026-09-08T16:59:14.458176+00:00
f75b49ca-4eb,mapillary_1466915810319151,mapillary,1466915810319151,18.47608562888,73.862315383104,0,912,476,110,110,0.501,opencv_hough_v1,candidate,2026-09-08T16:59:14.464616+00:00
224f5bd7-b4b,mapillary_1466915810319151,mapillary,1466915810319151,18.47608562888,73.862315383104,0,163,190,136,136,0.428,opencv_hough_v1,candidate,2026-09-08T16:59:14.477601+00:00
b592123e-caf,mapillary_1466915810319151,mapillary,1466915810319151,18.47608562888,73.862315383104,0,246,468,112,112,0.486,opencv_hough_v1,candidate,2026-09-08T16:59:14.486531+00:00
35bfac56-2c1,mapillary_1466915810319151,mapillary,1466915810319151,18.47608562888,73.862315383104,0,708,490,178,178,0.484,opencv_hough_v1,candidate,2026-09-08T16:59:14.502280+00:00
4273dfa6-a49,mapillary_1466915810319151,mapillary,1466915810319151,18.47608562888,73.862315383104,0,503,407,112,112,0.507,opencv_hough_v1,candidate,2026-09-08T16:59:14.509458+00:00
81bff19b-6cc,mapillary_1466915810319151,mapillary,1466915810319151,18.47608562888,73.862315383104,0,954,398,62,62,0.522,opencv_hough_v1,candidate,2026-09-08T16:59:14.516858+00:00
7b6ca9cc-954,mapillary_1466915810319151,mapillary,1466915810319151,18.47608562888,73.862315383104,0,820,510,132,132,0.418,opencv_hough_v1,candidate,2026-09-08T16:59:14.523893+00:00
bef82394-c81,mapillary_1466915810319151,mapillary,1466915810319151,18.47608562888,73.862315383104,0,15,416,98,98,0.45,opencv_hough_v1,candidate,2026-09-08T16:59:14.530217+00:00
36e5aee2-982,mapillary_1466915810319151,mapillary,1466915810319151,18.47608562888,73.862315383104,0,15,329,86,86,0.443,opencv_hough_v1,candidate,2026-09-08T16:59:14.537540+00:00
4bc12903-a56,mapillary_1466915810319151,mapillary,1466915810319151,18.47608562888,73.862315383104,0,0,509,236,236,0.536,opencv_hough_v1,candidate,2026-09-08T16:59:14.544632+00:00
31fde677-398,mapillary_1466915810319151,mapillary,1466915810319151,18.47608562888,73.862315383104,0,934,445,90,94,0.524,opencv_hough_v1,candidate,2026-09-08T16:59:14.551577+00:00
168c338e-676,mapillary_1466915810319151,mapillary,1466915810319151,18.47608562888,73.862315383104,0,822,219,106,106,0.58,opencv_hough_v1,candidate,2026-09-08T16:59:14.558528+00:00
eae8be88-b8c,mapillary_1466915810319151,mapillary,1466915810319151,18.47608562888,73.862315383104,0,591,258,58,58,0.351,opencv_hough_v1,candidate,2026-09-08T16:59:14.566617+00:00
8daa5d28-c8d,mapillary_1466915810319151,mapillary,1466915810319151,18.47608562888,73.862315383104,0,686,520,226,226,0.405,opencv_hough_v1,candidate,2026-09-08T16:59:14.574655+00:00
c02bc70b-75b,mapillary_1466915810319151,mapillary,1466915810319151,18.47608562888,73.862315383104,0,322,444,222,222,0.466,opencv_hough_v1,candidate,2026-09-08T16:59:14.580845+00:00
9a3d917e-087,mapillary_1466915810319151,mapillary,1466915810319151,18.47608562888,73.862315383104,0,886,499,104,104,0.415,opencv_hough_v1,candidate,2026-09-08T16:59:14.587927+00:00
8864a897-f4c,mapillary_1466915810319151,mapillary,1466915810319151,18.47608562888,73.862315383104,0,419,215,96,96,0.392,opencv_hough_v1,candidate,2026-09-08T16:59:14.594896+00:00
96768606-f6f,mapillary_1466915810319151,mapillary,1466915810319151,18.47608562888,73.862315383104,0,186,509,90,90,0.449,opencv_hough_v1,candidate,2026-09-08T16:59:14.602587+00:00
c3efcfee-5c7,mapillary_1466915810319151,mapillary,1466915810319151,18.47608562888,73.862315383104,0,123,249,88,88,0.357,opencv_hough_v1,candidate,2026-09-08T16:59:14.611491+00:00
a240757e-b3e,mapillary_1466915810319151,mapillary,1466915810319151,18.47608562888,73.862315383104,0,916,393,66,66,0.425,opencv_hough_v1,candidate,2026-09-08T16:59:14.625289+00:00
a6862126-035,mapillary_1466915810319151,mapillary,1466915810319151,18.47608562888,73.862315383104,0,967,417,57,114,0.606,opencv_hough_v1,candidate,2026-09-08T16:59:14.631400+00:00
c0e4cd42-5d6,mapillary_1466915810319151,mapillary,1466915810319151,18.47608562888,73.862315383104,0,420,420,110,110,0.42,opencv_hough_v1,candidate,2026-09-08T16:59:14.637887+00:00
9b10c13c-129,mapillary_1466915810319151,mapillary,1466915810319151,18.47608562888,73.862315383104,0,418,257,56,56,0.413,opencv_hough_v1,candidate,2026-09-08T16:59:14.645054+00:00
d2e05e87-e80,mapillary_1466915810319151,mapillary,1466915810319151,18.47608562888,73.862315383104,0,32,499,96,96,0.46,opencv_hough_v1,candidate,2026-09-08T16:59:14.652225+00:00
8516f8a7-c3b,mapillary_1466915810319151,mapillary,1466915810319151,18.47608562888,73.862315383104,0,476,439,82,82,0.452,opencv_hough_v1,candidate,2026-09-08T16:59:14.658518+00:00
ff3777ce-0cd,mapillary_1466915810319151,mapillary,1466915810319151,18.47608562888,73.862315383104,0,712,343,62,62,0.535,opencv_hough_v1,candidate,2026-09-08T16:59:14.666368+00:00
9ae4edef-5d0,mapillary_1466915810319151,mapillary,1466915810319151,18.47608562888,73.862315383104,0,879,267,56,56,0.47,opencv_hough_v1,candidate,2026-09-08T16:59:14.674176+00:00
545405d7-20a,mapillary_1466915810319151,mapillary,1466915810319151,18.47608562888,73.862315383104,0,520,448,178,178,0.488,opencv_hough_v1,candidate,2026-09-08T16:59:14.680480+00:00
87d3bf7a-153,mapillary_1466915810319151,mapillary,1466915810319151,18.47608562888,73.862315383104,0,901,212,96,96,0.536,opencv_hough_v1,candidate,2026-09-08T16:59:14.686698+00:00
c01dfe7f-dbb,mapillary_1466915810319151,mapillary,1466915810319151,18.47608562888,73.862315383104,0,745,253,80,80,0.39,opencv_hough_v1,candidate,2026-09-08T16:59:14.699318+00:00
f68fd09c-111,mapillary_1466915810319151,mapillary,1466915810319151,18.47608562888,73.862315383104,0,8,403,74,74,0.396,opencv_hough_v1,candidate,2026-09-08T16:59:14.705800+00:00
6bcbf3af-056,mapillary_1466915810319151,mapillary,1466915810319151,18.47608562888,73.862315383104,0,241,481,194,194,0.532,opencv_hough_v1,candidate,2026-09-08T16:59:14.711906+00:00
2d941af7-aea,mapillary_1466915810319151,mapillary,1466915810319151,18.47608562888,73.862315383104,0,947,605,77,136,0.518,opencv_hough_v1,candidate,2026-09-08T16:59:14.718194+00:00
a3df44f2-194,mapillary_1466915810319151,mapillary,1466915810319151,18.47608562888,73.862315383104,0,897,637,122,122,0.432,opencv_hough_v1,candidate,2026-09-08T16:59:14.725588+00:00
ac611471-4ba,mapillary_1466915810319151,mapillary,1466915810319151,18.47608562888,73.862315383104,0,969,263,55,98,0.532,opencv_hough_v1,candidate,2026-09-08T16:59:14.733056+00:00
22012172-c5c,mapillary_1466915810319151,mapillary,1466915810319151,18.47608562888,73.862315383104,0,65,251,64,64,0.395,opencv_hough_v1,candidate,2026-09-08T16:59:14.739703+00:00
be0a461f-795,mapillary_1466915810319151,mapillary,1466915810319151,18.47608562888,73.862315383104,0,85,240,86,86,0.379,opencv_hough_v1,candidate,2026-09-08T16:59:14.745778+00:00
9343183c-2cd,mapillary_1466915810319151,mapillary,1466915810319151,18.47608562888,73.862315383104,0,956,562,68,74,0.458,opencv_hough_v1,candidate,2026-09-08T16:59:14.752449+00:00
62d21fa2-60b,mapillary_1466915810319151,mapillary,1466915810319151,18.47608562888,73.862315383104,0,89,527,212,212,0.54,opencv_hough_v1,candidate,2026-09-08T16:59:14.758731+00:00
88c9c545-b69,mapillary_1466915810319151,mapillary,1466915810319151,18.47608562888,73.862315383104,0,478,459,204,204,0.482,opencv_hough_v1,candidate,2026-09-08T16:59:14.765397+00:00
c77c626a-729,mapillary_1466915810319151,mapillary,1466915810319151,18.47608562888,73.862315383104,0,677,213,102,102,0.494,opencv_hough_v1,candidate,2026-09-08T16:59:14.771514+00:00
7532a251-25c,mapillary_1466915810319151,mapillary,1466915810319151,18.47608562888,73.862315383104,0,511,233,78,78,0.381,opencv_hough_v1,candidate,2026-09-08T16:59:14.779137+00:00
93403955-af7,mapillary_1466915810319151,mapillary,1466915810319151,18.47608562888,73.862315383104,0,145,528,90,90,0.409,opencv_hough_v1,candidate,2026-09-08T16:59:14.786483+00:00
3b9acc6e-f97,mapillary_1466915810319151,mapillary,1466915810319151,18.47608562888,73.862315383104,0,5,302,82,82,0.466,opencv_hough_v1,candidate,2026-09-08T16:59:14.793391+00:00
7563b8a7-4d7,mapillary_1466915810319151,mapillary,1466915810319151,18.47608562888,73.862315383104,0,839,495,64,64,0.49,opencv_hough_v1,candidate,2026-09-08T16:59:14.799668+00:00
08212393-584,mapillary_1466915810319151,mapillary,1466915810319151,18.47608562888,73.862315383104,0,686,526,178,178,0.494,opencv_hough_v1,candidate,2026-09-08T16:59:14.805463+00:00
d0711aeb-04b,mapillary_1466915810319151,mapillary,1466915810319151,18.47608562888,73.862315383104,0,158,229,82,82,0.351,opencv_hough_v1,candidate,2026-09-08T16:59:14.811748+00:00
02dadfe8-6e3,mapillary_1466915810319151,mapillary,1466915810319151,18.47608562888,73.862315383104,0,866,509,74,74,0.41,opencv_hough_v1,candidate,2026-09-08T16:59:14.817760+00:00
a192926b-b11,mapillary_1466915810319151,mapillary,1466915810319151,18.47608562888,73.862315383104,0,129,431,62,62,0.466,opencv_hough_v1,candidate,2026-09-08T16:59:14.823736+00:00
01b4b868-81b,mapillary_1466915810319151,mapillary,1466915810319151,18.47608562888,73.862315383104,0,763,382,62,62,0.514,opencv_hough_v1,candidate,2026-09-08T16:59:14.829905+00:00
014bda2e-7d8,mapillary_1466915810319151,mapillary,1466915810319151,18.47608562888,73.862315383104,0,560,263,52,52,0.367,opencv_hough_v1,candidate,2026-09-08T16:59:14.837738+00:00
ee12f444-c54,mapillary_1466915810319151,mapillary,1466915810319151,18.47608562888,73.862315383104,0,973,562,51,100,0.505,opencv_hough_v1,candidate,2026-09-08T16:59:14.845867+00:00
65a61902-7b1,mapillary_1466915810319151,mapillary,1466915810319151,18.47608562888,73.862315383104,0,299,459,72,72,0.437,opencv_hough_v1,candidate,2026-09-08T16:59:14.851895+00:00
4e96d5aa-b7f,mapillary_1466915810319151,mapillary,1466915810319151,18.47608562888,73.862315383104,0,267,433,56,56,0.43,opencv_hough_v1,candidate,2026-09-08T16:59:14.857695+00:00
5b344e41-f20,mapillary_1466915810319151,mapillary,1466915810319151,18.47608562888,73.862315383104,0,113,522,162,162,0.554,opencv_hough_v1,candidate,2026-09-08T16:59:14.864822+00:00
1562da2b-829,mapillary_1466915810319151,mapillary,1466915810319151,18.47608562888,73.862315383104,0,945,229,74,74,0.5,opencv_hough_v1,candidate,2026-09-08T16:59:14.871719+00:00
3ad67265-49b,mapillary_1466915810319151,mapillary,1466915810319151,18.47608562888,73.862315383104,0,978,434,44,44,0.503,opencv_hough_v1,candidate,2026-09-08T16:59:14.877628+00:00
37f38437-a95,mapillary_1466915810319151,mapillary,1466915810319151,18.47608562888,73.862315383104,0,427,470,158,158,0.531,opencv_hough_v1,candidate,2026-09-08T16:59:14.883696+00:00
5d1beac5-fcd,mapillary_1466915810319151,mapillary,1466915810319151,18.47608562888,73.862315383104,0,0,258,106,106,0.491,opencv_hough_v1,candidate,2026-09-08T16:59:14.891084+00:00
d8defe9f-775,mapillary_1466915810319151,mapillary,1466915810319151,18.47608562888,73.862315383104,0,35,256,54,54,0.464,opencv_hough_v1,candidate,2026-09-08T16:59:14.897379+00:00
3f2a2478-e35,mapillary_1466915810319151,mapillary,1466915810319151,18.47608562888,73.862315383104,0,971,453,53,104,0.602,opencv_hough_v1,candidate,2026-09-08T16:59:14.903836+00:00
ec876032-18a,mapillary_1466915810319151,mapillary,1466915810319151,18.47608562888,73.862315383104,0,865,479,74,74,0.509,opencv_hough_v1,candidate,2026-09-08T16:59:14.910498+00:00
306172c1-176,mapillary_1466915810319151,mapillary,1466915810319151,18.47608562888,73.862315383104,0,122,218,86,86,0.378,opencv_hough_v1,candidate,2026-09-08T16:59:14.916706+00:00
7bd6d8d9-d25,mapillary_1466915810319151,mapillary,1466915810319151,18.47608562888,73.862315383104,0,980,384,44,66,0.573,opencv_hough_v1,candidate,2026-09-08T16:59:14.922484+00:00
c4759968-3e3,mapillary_1466915810319151,mapillary,1466915810319151,18.47608562888,73.862315383104,0,79,535,148,148,0.573,opencv_hough_v1,candidate,2026-09-08T16:59:14.928330+00:00
61da00b9-e56,mapillary_1466915810319151,mapillary,1466915810319151,18.47608562888,73.862315383104,0,235,516,144,144,0.595,opencv_hough_v1,candidate,2026-09-08T16:59:14.934882+00:00
580205ea-344,mapillary_1466915810319151,mapillary,1466915810319151,18.47608562888,73.862315383104,0,0,429,104,104,0.473,opencv_hough_v1,candidate,2026-09-08T16:59:14.942019+00:00
25f7f90a-72f,mapillary_1466915810319151,mapillary,1466915810319151,18.47608562888,73.862315383104,0,703,467,64,64,0.417,opencv_hough_v1,candidate,2026-09-08T16:59:14.948288+00:00
292a36b7-ea8,mapillary_1466915810319151,mapillary,1466915810319151,18.47608562888,73.862315383104,0,655,221,80,80,0.467,opencv_hough_v1,candidate,2026-09-08T16:59:14.953996+00:00
ce05068e-1ab,mapillary_1466915810319151,mapillary,1466915810319151,18.47608562888,73.862315383104,0,30,538,70,70,0.409,opencv_hough_v1,candidate,2026-09-08T16:59:14.959872+00:00
fb237146-134,mapillary_1466915810319151,mapillary,1466915810319151,18.47608562888,73.862315383104,0,766,662,106,106,0.436,opencv_hough_v1,candidate,2026-09-08T16:59:14.966018+00:00
478c014f-f28,mapillary_1466915810319151,mapillary,1466915810319151,18.47608562888,73.862315383104,0,950,649,74,74,0.446,opencv_hough_v1,candidate,2026-09-08T16:59:14.978393+00:00
67ca93d9-db7,mapillary_1466915810319151,mapillary,1466915810319151,18.47608562888,73.862315383104,0,456,472,92,92,0.464,opencv_hough_v1,candidate,2026-09-08T16:59:14.985074+00:00
13e77276-afe,mapillary_1466915810319151,mapillary,1466915810319151,18.47608562888,73.862315383104,0,515,466,58,58,0.48,opencv_hough_v1,candidate,2026-09-08T16:59:14.991992+00:00
76bdbb4b-175,mapillary_1466915810319151,mapillary,1466915810319151,18.47608562888,73.862315383104,0,0,540,222,222,0.581,opencv_hough_v1,candidate,2026-09-08T16:59:14.998689+00:00
505bdfdf-d84,mapillary_1466915810319151,mapillary,1466915810319151,18.47608562888,73.862315383104,0,626,472,106,106,0.42,opencv_hough_v1,candidate,2026-09-08T16:59:15.005123+00:00
f08757b4-79f,mapillary_1466915810319151,mapillary,1466915810319151,18.47608562888,73.862315383104,0,969,533,50,50,0.448,opencv_hough_v1,candidate,2026-09-08T16:59:15.011306+00:00
38be3f52-ccb,mapillary_1466915810319151,mapillary,1466915810319151,18.47608562888,73.862315383104,0,16,511,50,50,0.472,opencv_hough_v1,candidate,2026-09-08T16:59:15.017504+00:00
99db7cc8-106,mapillary_1466915810319151,mapillary,1466915810319151,18.47608562888,73.862315383104,0,9,446,50,50,0.39,opencv_hough_v1,candidate,2026-09-08T16:59:15.023233+00:00
541c54c3-a9b,mapillary_1466915810319151,mapillary,1466915810319151,18.47608562888,73.862315383104,0,993,260,31,44,0.51,opencv_hough_v1,candidate,2026-09-08T16:59:15.029110+00:00
c71df2af-b7a,mapillary_1466915810319151,mapillary,1466915810319151,18.47608562888,73.862315383104,0,256,522,54,54,0.456,opencv_hough_v1,candidate,2026-09-08T16:59:15.035644+00:00
c433c1a6-a43,mapillary_1466915810319151,mapillary,1466915810319151,18.47608562888,73.862315383104,0,964,632,48,48,0.363,opencv_hough_v1,candidate,2026-09-08T16:59:15.041747+00:00
c2b52162-7ce,mapillary_1466915810319151,mapillary,1466915810319151,18.47608562888,73.862315383104,0,990,510,34,66,0.577,opencv_hough_v1,candidate,2026-09-08T16:59:15.048051+00:00
d31e1864-5d5,mapillary_1466915810319151,mapillary,1466915810319151,18.47608562888,73.862315383104,0,3,259,50,50,0.447,opencv_hough_v1,candidate,2026-09-08T16:59:15.054118+00:00
13221959-e82,mapillary_1466915810319151,mapillary,1466915810319151,18.47608562888,73.862315383104,0,583,231,54,54,0.362,opencv_hough_v1,candidate,2026-09-08T16:59:15.059948+00:00
e26277f3-e8d,mapillary_1466915810319151,mapillary,1466915810319151,18.47608562888,73.862315383104,0,526,502,54,54,0.454,opencv_hough_v1,candidate,2026-09-08T16:59:15.066305+00:00
20ad882f-d69,mapillary_172095134791857,mapillary,172095134791857,18.47599407767,73.862320157282,356,63,261,238,238,0.431,opencv_hough_v1,candidate,2026-09-08T16:59:16.503124+00:00
0bdfcc25-f16,mapillary_172095134791857,mapillary,172095134791857,18.47599407767,73.862320157282,356,32,267,238,238,0.452,opencv_hough_v1,candidate,2026-09-08T16:59:16.511261+00:00
fd0884fa-2e8,mapillary_172095134791857,mapillary,172095134791857,18.47599407767,73.862320157282,356,174,260,238,238,0.388,opencv_hough_v1,candidate,2026-09-08T16:59:16.521449+00:00
e2095e9f-5e1,mapillary_172095134791857,mapillary,172095134791857,18.47599407767,73.862320157282,356,570,268,238,238,0.395,opencv_hough_v1,candidate,2026-09-08T16:59:16.528955+00:00
ad302af8-337,mapillary_172095134791857,mapillary,172095134791857,18.47599407767,73.862320157282,356,24,260,210,210,0.467,opencv_hough_v1,candidate,2026-09-08T16:59:16.535140+00:00
1eac9ca8-880,mapillary_172095134791857,mapillary,172095134791857,18.47599407767,73.862320157282,356,146,262,234,234,0.404,opencv_hough_v1,candidate,2026-09-08T16:59:16.542002+00:00
d4e71659-936,mapillary_172095134791857,mapillary,172095134791857,18.47599407767,73.862320157282,356,0,279,238,238,0.476,opencv_hough_v1,candidate,2026-09-08T16:59:16.548408+00:00
23877797-164,mapillary_172095134791857,mapillary,172095134791857,18.47599407767,73.862320157282,356,258,259,238,238,0.36,opencv_hough_v1,candidate,2026-09-08T16:59:16.554599+00:00
45fa8bbe-36a,mapillary_172095134791857,mapillary,172095134791857,18.47599407767,73.862320157282,356,217,276,234,234,0.377,opencv_hough_v1,candidate,2026-09-08T16:59:16.560808+00:00
12e56067-709,mapillary_172095134791857,mapillary,172095134791857,18.47599407767,73.862320157282,356,618,290,238,238,0.399,opencv_hough_v1,candidate,2026-09-08T16:59:16.567256+00:00
a20179ea-f93,mapillary_172095134791857,mapillary,172095134791857,18.47599407767,73.862320157282,356,309,262,212,212,0.367,opencv_hough_v1,candidate,2026-09-08T16:59:16.575220+00:00
27d1c19a-d93,mapillary_172095134791857,mapillary,172095134791857,18.47599407767,73.862320157282,356,658,259,212,212,0.421,opencv_hough_v1,candidate,2026-09-08T16:59:16.582632+00:00
e54e2258-ab0,mapillary_172095134791857,mapillary,172095134791857,18.47599407767,73.862320157282,356,456,280,238,238,0.378,opencv_hough_v1,candidate,2026-09-08T16:59:16.589320+00:00
3451f809-c9c,mapillary_172095134791857,mapillary,172095134791857,18.47599407767,73.862320157282,356,498,282,238,238,0.378,opencv_hough_v1,candidate,2026-09-08T16:59:16.595462+00:00
da40f8f4-e08,mapillary_172095134791857,mapillary,172095134791857,18.47599407767,73.862320157282,356,437,265,196,196,0.376,opencv_hough_v1,candidate,2026-09-08T16:59:16.601342+00:00
75739e07-890,mapillary_172095134791857,mapillary,172095134791857,18.47599407767,73.862320157282,356,0,270,194,194,0.484,opencv_hough_v1,candidate,2026-09-08T16:59:16.607411+00:00
9ad7de52-a2e,mapillary_172095134791857,mapillary,172095134791857,18.47599407767,73.862320157282,356,609,331,230,230,0.419,opencv_hough_v1,candidate,2026-09-08T16:59:16.614014+00:00
5bbf88a4-144,mapillary_172095134791857,mapillary,172095134791857,18.47599407767,73.862320157282,356,792,327,226,226,0.4,opencv_hough_v1,candidate,2026-09-08T16:59:16.620260+00:00
c45bde8c-441,mapillary_172095134791857,mapillary,172095134791857,18.47599407767,73.862320157282,356,125,308,202,202,0.485,opencv_hough_v1,candidate,2026-09-08T16:59:16.627234+00:00
92881f16-0fe,mapillary_172095134791857,mapillary,172095134791857,18.47599407767,73.862320157282,356,489,258,178,178,0.389,opencv_hough_v1,candidate,2026-09-08T16:59:16.633976+00:00
a2018551-baf,mapillary_172095134791857,mapillary,172095134791857,18.47599407767,73.862320157282,356,564,322,238,238,0.411,opencv_hough_v1,candidate,2026-09-08T16:59:16.640754+00:00
5c4d2a90-31d,mapillary_172095134791857,mapillary,172095134791857,18.47599407767,73.862320157282,356,182,308,198,198,0.442,opencv_hough_v1,candidate,2026-09-08T16:59:16.647473+00:00
227b3eb2-8df,mapillary_172095134791857,mapillary,172095134791857,18.47599407767,73.862320157282,356,644,257,170,170,0.472,opencv_hough_v1,candidate,2026-09-08T16:59:16.653843+00:00
a5751468-53d,mapillary_172095134791857,mapillary,172095134791857,18.47599407767,73.862320157282,356,68,259,172,172,0.459,opencv_hough_v1,candidate,2026-09-08T16:59:16.660011+00:00
cf73a9d1-d88,mapillary_172095134791857,mapillary,172095134791857,18.47599407767,73.862320157282,356,582,296,238,238,0.402,opencv_hough_v1,candidate,2026-09-08T16:59:16.666379+00:00
731ffdb5-37e,mapillary_172095134791857,mapillary,172095134791857,18.47599407767,73.862320157282,356,251,260,180,180,0.409,opencv_hough_v1,candidate,2026-09-08T16:59:16.672983+00:00
7f005be8-070,mapillary_172095134791857,mapillary,172095134791857,18.47599407767,73.862320157282,356,109,261,212,212,0.427,opencv_hough_v1,candidate,2026-09-08T16:59:16.679275+00:00
f04a058d-9d7,mapillary_172095134791857,mapillary,172095134791857,18.47599407767,73.862320157282,356,729,266,164,164,0.511,opencv_hough_v1,candidate,2026-09-08T16:59:16.686986+00:00
8d6381fe-88c,mapillary_172095134791857,mapillary,172095134791857,18.47599407767,73.862320157282,356,722,336,238,238,0.364,opencv_hough_v1,candidate,2026-09-08T16:59:16.697126+00:00
bb3e466d-bda,mapillary_172095134791857,mapillary,172095134791857,18.47599407767,73.862320157282,356,264,306,202,202,0.402,opencv_hough_v1,candidate,2026-09-08T16:59:16.708835+00:00
f595e9d9-128,mapillary_172095134791857,mapillary,172095134791857,18.47599407767,73.862320157282,356,705,284,188,188,0.455,opencv_hough_v1,candidate,2026-09-08T16:59:16.716474+00:00
a7540ea7-695,mapillary_172095134791857,mapillary,172095134791857,18.47599407767,73.862320157282,356,768,272,146,146,0.511,opencv_hough_v1,candidate,2026-09-08T16:59:16.723888+00:00
c5380912-623,mapillary_172095134791857,mapillary,172095134791857,18.47599407767,73.862320157282,356,209,258,180,180,0.42,opencv_hough_v1,candidate,2026-09-08T16:59:16.730344+00:00
56a8a586-d0a,mapillary_172095134791857,mapillary,172095134791857,18.47599407767,73.862320157282,356,797,313,176,176,0.459,opencv_hough_v1,candidate,2026-09-08T16:59:16.736811+00:00
e9a0b82f-db4,mapillary_172095134791857,mapillary,172095134791857,18.47599407767,73.862320157282,356,764,318,226,226,0.398,opencv_hough_v1,candidate,2026-09-08T16:59:16.743382+00:00
25ed5b83-af7,mapillary_172095134791857,mapillary,172095134791857,18.47599407767,73.862320157282,356,27,260,152,152,0.483,opencv_hough_v1,candidate,2026-09-08T16:59:16.752407+00:00
0190ee00-1ff,mapillary_172095134791857,mapillary,172095134791857,18.47599407767,73.862320157282,356,663,352,238,238,0.375,opencv_hough_v1,candidate,2026-09-08T16:59:16.760564+00:00
ac7ea159-635,mapillary_172095134791857,mapillary,172095134791857,18.47599407767,73.862320157282,356,572,354,238,238,0.413,opencv_hough_v1,candidate,2026-09-08T16:59:16.766882+00:00
3ba8cf1e-3f9,mapillary_172095134791857,mapillary,172095134791857,18.47599407767,73.862320157282,356,620,360,238,238,0.408,opencv_hough_v1,candidate,2026-09-08T16:59:16.773375+00:00
6697b46a-82f,mapillary_172095134791857,mapillary,172095134791857,18.47599407767,73.862320157282,356,63,338,168,168,0.551,opencv_hough_v1,candidate,2026-09-08T16:59:16.779934+00:00
2ff4e628-647,mapillary_172095134791857,mapillary,172095134791857,18.47599407767,73.862320157282,356,748,350,238,238,0.357,opencv_hough_v1,candidate,2026-09-08T16:59:16.786415+00:00
2b3e300e-f96,mapillary_172095134791857,mapillary,172095134791857,18.47599407767,73.862320157282,356,219,332,190,190,0.449,opencv_hough_v1,candidate,2026-09-08T16:59:16.793175+00:00
c542d01c-36e,mapillary_172095134791857,mapillary,172095134791857,18.47599407767,73.862320157282,356,496,325,238,238,0.399,opencv_hough_v1,candidate,2026-09-08T16:59:16.800416+00:00
6435c9d9-2fe,mapillary_172095134791857,mapillary,172095134791857,18.47599407767,73.862320157282,356,349,260,162,162,0.398,opencv_hough_v1,candidate,2026-09-08T16:59:16.817596+00:00
e0beb1fb-a73,mapillary_172095134791857,mapillary,172095134791857,18.47599407767,73.862320157282,356,184,264,170,170,0.445,opencv_hough_v1,candidate,2026-09-08T16:59:16.836289+00:00
145c4a02-d73,mapillary_172095134791857,mapillary,172095134791857,18.47599407767,73.862320157282,356,398,264,172,172,0.383,opencv_hough_v1,candidate,2026-09-08T16:59:16.855569+00:00
75d46367-4ab,mapillary_172095134791857,mapillary,172095134791857,18.47599407767,73.862320157282,356,381,364,238,238,0.421,opencv_hough_v1,candidate,2026-09-08T16:59:16.870860+00:00
302d4054-b26,mapillary_172095134791857,mapillary,172095134791857,18.47599407767,73.862320157282,356,772,314,152,152,0.476,opencv_hough_v1,candidate,2026-09-08T16:59:16.886511+00:00
22681082-4ca,mapillary_172095134791857,mapillary,172095134791857,18.47599407767,73.862320157282,356,835,275,128,128,0.494,opencv_hough_v1,candidate,2026-09-08T16:59:16.904380+00:00
2a573d2a-d85,mapillary_172095134791857,mapillary,172095134791857,18.47599407767,73.862320157282,356,853,305,164,164,0.477,opencv_hough_v1,candidate,2026-09-08T16:59:16.919078+00:00
fc0449f9-985,mapillary_172095134791857,mapillary,172095134791857,18.47599407767,73.862320157282,356,183,351,160,160,0.517,opencv_hough_v1,candidate,2026-09-08T16:59:16.939157+00:00
547620e7-e19,mapillary_172095134791857,mapillary,172095134791857,18.47599407767,73.862320157282,356,570,272,146,146,0.425,opencv_hough_v1,candidate,2026-09-08T16:59:16.954377+00:00
8122c217-95a,mapillary_172095134791857,mapillary,172095134791857,18.47599407767,73.862320157282,356,157,256,164,164,0.461,opencv_hough_v1,candidate,2026-09-08T16:59:16.971041+00:00
05377022-be9,mapillary_172095134791857,mapillary,172095134791857,18.47599407767,73.862320157282,356,613,268,152,152,0.46,opencv_hough_v1,candidate,2026-09-08T16:59:16.987196+00:00
f87deb44-996,mapillary_172095134791857,mapillary,172095134791857,18.47599407767,73.862320157282,356,9,406,188,188,0.636,opencv_hough_v1,candidate,2026-09-08T16:59:17.001926+00:00
c19ec00d-60b,mapillary_172095134791857,mapillary,172095134791857,18.47599407767,73.862320157282,356,314,257,170,170,0.386,opencv_hough_v1,candidate,2026-09-08T16:59:17.019144+00:00
d331c6f0-7d5,mapillary_172095134791857,mapillary,172095134791857,18.47599407767,73.862320157282,356,527,360,222,222,0.428,opencv_hough_v1,candidate,2026-09-08T16:59:17.034364+00:00
1e489300-941,mapillary_172095134791857,mapillary,172095134791857,18.47599407767,73.862320157282,356,440,258,148,148,0.4,opencv_hough_v1,candidate,2026-09-08T16:59:17.081641+00:00
b674be28-09a,mapillary_172095134791857,mapillary,172095134791857,18.47599407767,73.862320157282,356,691,265,140,140,0.516,opencv_hough_v1,candidate,2026-09-08T16:59:17.096794+00:00
efe8d236-91c,mapillary_172095134791857,mapillary,172095134791857,18.47599407767,73.862320157282,356,422,318,148,148,0.44,opencv_hough_v1,candidate,2026-09-08T16:59:17.113053+00:00
e5343b9d-032,mapillary_172095134791857,mapillary,172095134791857,18.47599407767,73.862320157282,356,293,257,152,152,0.413,opencv_hough_v1,candidate,2026-09-08T16:59:17.130689+00:00
630638eb-2fa,mapillary_172095134791857,mapillary,172095134791857,18.47599407767,73.862320157282,356,332,349,214,214,0.438,opencv_hough_v1,candidate,2026-09-08T16:59:17.147324+00:00
bdcad4f2-bbb,mapillary_172095134791857,mapillary,172095134791857,18.47599407767,73.862320157282,356,572,312,178,178,0.465,opencv_hough_v1,candidate,2026-09-08T16:59:17.162118+00:00
02a7bd16-ef9,mapillary_172095134791857,mapillary,172095134791857,18.47599407767,73.862320157282,356,891,249,132,132,0.453,opencv_hough_v1,candidate,2026-09-08T16:59:17.176607+00:00
f805e139-0a1,mapillary_172095134791857,mapillary,172095134791857,18.47599407767,73.862320157282,356,11,409,238,238,0.578,opencv_hough_v1,candidate,2026-09-08T16:59:17.192392+00:00
8bf4519a-f4a,mapillary_172095134791857,mapillary,172095134791857,18.47599407767,73.862320157282,356,34,387,238,238,0.576,opencv_hough_v1,candidate,2026-09-08T16:59:17.208079+00:00
f1758368-e8c,mapillary_172095134791857,mapillary,172095134791857,18.47599407767,73.862320157282,356,812,345,212,238,0.379,opencv_hough_v1,candidate,2026-09-08T16:59:17.223120+00:00
c9018d56-6a7,mapillary_172095134791857,mapillary,172095134791857,18.47599407767,73.862320157282,356,105,357,144,144,0.596,opencv_hough_v1,candidate,2026-09-08T16:59:17.237941+00:00
3e2cc6fc-6ed,mapillary_172095134791857,mapillary,172095134791857,18.47599407767,73.862320157282,356,451,308,170,170,0.419,opencv_hough_v1,candidate,2026-09-08T16:59:17.253904+00:00
129d050d-d33,mapillary_172095134791857,mapillary,172095134791857,18.47599407767,73.862320157282,356,387,260,144,144,0.414,opencv_hough_v1,candidate,2026-09-08T16:59:17.269886+00:00
b30b790d-877,mapillary_172095134791857,mapillary,172095134791857,18.47599407767,73.862320157282,356,659,411,202,202,0.403,opencv_hough_v1,candidate,2026-09-08T16:59:17.284674+00:00
b2dc0235-c12,mapillary_172095134791857,mapillary,172095134791857,18.47599407767,73.862320157282,356,696,157,206,206,0.436,opencv_hough_v1,candidate,2026-09-08T16:59:17.300143+00:00
d8737b0b-a28,mapillary_172095134791857,mapillary,172095134791857,18.47599407767,73.862320157282,356,541,259,148,148,0.413,opencv_hough_v1,candidate,2026-09-08T16:59:17.314871+00:00
95522913-bc8,mapillary_172095134791857,mapillary,172095134791857,18.47599407767,73.862320157282,356,479,263,136,136,0.41,opencv_hough_v1,candidate,2026-09-08T16:59:17.330845+00:00
e2d052dd-725,mapillary_172095134791857,mapillary,172095134791857,18.47599407767,73.862320157282,356,888,283,122,122,0.474,opencv_hough_v1,candidate,2026-09-08T16:59:17.346669+00:00
b19e5f39-cca,mapillary_172095134791857,mapillary,172095134791857,18.47599407767,73.862320157282,356,646,257,122,122,0.443,opencv_hough_v1,candidate,2026-09-08T16:59:17.361596+00:00
0f934640-9ef,mapillary_172095134791857,mapillary,172095134791857,18.47599407767,73.862320157282,356,86,404,238,238,0.572,opencv_hough_v1,candidate,2026-09-08T16:59:17.376631+00:00
5611247d-b78,mapillary_172095134791857,mapillary,172095134791857,18.47599407767,73.862320157282,356,318,379,238,238,0.448,opencv_hough_v1,candidate,2026-09-08T16:59:17.393708+00:00
0799678d-7b6,mapillary_172095134791857,mapillary,172095134791857,18.47599407767,73.862320157282,356,0,412,122,122,0.691,opencv_hough_v1,candidate,2026-09-08T16:59:17.409500+00:00
7047a75e-054,mapillary_172095134791857,mapillary,172095134791857,18.47599407767,73.862320157282,356,85,405,104,104,0.667,opencv_hough_v1,candidate,2026-09-08T16:59:17.425055+00:00
0f646878-fb1,mapillary_172095134791857,mapillary,172095134791857,18.47599407767,73.862320157282,356,703,343,168,168,0.467,opencv_hough_v1,candidate,2026-09-08T16:59:17.443567+00:00
84390dd0-b9b,mapillary_172095134791857,mapillary,172095134791857,18.47599407767,73.862320157282,356,606,402,198,198,0.448,opencv_hough_v1,candidate,2026-09-08T16:59:17.459790+00:00
8dc3d406-da9,mapillary_172095134791857,mapillary,172095134791857,18.47599407767,73.862320157282,356,789,242,120,120,0.503,opencv_hough_v1,candidate,2026-09-08T16:59:17.476873+00:00
cae568b6-88b,mapillary_172095134791857,mapillary,172095134791857,18.47599407767,73.862320157282,356,47,421,238,238,0.578,opencv_hough_v1,candidate,2026-09-08T16:59:17.492584+00:00
5e707e13-5e2,mapillary_172095134791857,mapillary,172095134791857,18.47599407767,73.862320157282,356,348,373,238,238,0.437,opencv_hough_v1,candidate,2026-09-08T16:59:17.508471+00:00
1313ab13-0f5,mapillary_172095134791857,mapillary,172095134791857,18.47599407767,73.862320157282,356,431,379,238,238,0.436,opencv_hough_v1,candidate,2026-09-08T16:59:17.523827+00:00
8808bf4a-a66,mapillary_172095134791857,mapillary,172095134791857,18.47599407767,73.862320157282,356,123,402,238,238,0.547,opencv_hough_v1,candidate,2026-09-08T16:59:17.542039+00:00
9a251145-23b,mapillary_172095134791857,mapillary,172095134791857,18.47599407767,73.862320157282,356,149,373,128,128,0.58,opencv_hough_v1,candidate,2026-09-08T16:59:17.559022+00:00
a389bb03-101,mapillary_172095134791857,mapillary,172095134791857,18.47599407767,73.862320157282,356,665,348,180,180,0.449,opencv_hough_v1,candidate,2026-09-08T16:59:17.577208+00:00
741ebbd7-c15,mapillary_172095134791857,mapillary,172095134791857,18.47599407767,73.862320157282,356,2,334,130,130,0.534,opencv_hough_v1,candidate,2026-09-08T16:59:17.593854+00:00
e48d4497-0af,mapillary_172095134791857,mapillary,172095134791857,18.47599407767,73.862320157282,356,563,345,172,172,0.482,opencv_hough_v1,candidate,2026-09-08T16:59:17.608953+00:00
d06aa8db-3bb,mapillary_172095134791857,mapillary,172095134791857,18.47599407767,73.862320157282,356,3,460,238,238,0.577,opencv_hough_v1,candidate,2026-09-08T16:59:17.624616+00:00
3a4a1dba-9a4,mapillary_172095134791857,mapillary,172095134791857,18.47599407767,73.862320157282,356,738,172,194,194,0.465,opencv_hough_v1,candidate,2026-09-08T16:59:17.639929+00:00
db4daa44-90a,mapillary_172095134791857,mapillary,172095134791857,18.47599407767,73.862320157282,356,852,346,130,130,0.49,opencv_hough_v1,candidate,2026-09-08T16:59:17.656826+00:00
2b272bb8-1fe,mapillary_172095134791857,mapillary,172095134791857,18.47599407767,73.862320157282,356,343,364,124,124,0.455,opencv_hough_v1,candidate,2026-09-08T16:59:17.680045+00:00
419b30c9-194,mapillary_172095134791857,mapillary,172095134791857,18.47599407767,73.862320157282,356,755,261,106,106,0.509,opencv_hough_v1,candidate,2026-09-08T16:59:17.695395+00:00
1af8b5f2-826,mapillary_172095134791857,mapillary,172095134791857,18.47599407767,73.862320157282,356,809,383,176,176,0.431,opencv_hough_v1,candidate,2026-09-08T16:59:17.713226+00:00
fd82e042-a70,mapillary_172095134791857,mapillary,172095134791857,18.47599407767,73.862320157282,356,818,302,110,110,0.483,opencv_hough_v1,candidate,2026-09-08T16:59:17.730069+00:00
e8e816b4-4d4,mapillary_172095134791857,mapillary,172095134791857,18.47599407767,73.862320157282,356,8,279,130,130,0.498,opencv_hough_v1,candidate,2026-09-08T16:59:17.745569+00:00
0058e423-a64,mapillary_172095134791857,mapillary,172095134791857,18.47599407767,73.862320157282,356,28,407,122,122,0.686,opencv_hough_v1,candidate,2026-09-08T16:59:17.762609+00:00
9f86c6af-e9b,mapillary_172095134791857,mapillary,172095134791857,18.47599407767,73.862320157282,356,677,388,238,238,0.357,opencv_hough_v1,candidate,2026-09-08T16:59:17.779119+00:00
06ce1ee8-e91,mapillary_172095134791857,mapillary,172095134791857,18.47599407767,73.862320157282,356,249,390,154,154,0.526,opencv_hough_v1,candidate,2026-09-08T16:59:17.809005+00:00
fccf3714-6a9,mapillary_172095134791857,mapillary,172095134791857,18.47599407767,73.862320157282,356,412,364,140,140,0.49,opencv_hough_v1,candidate,2026-09-08T16:59:17.824352+00:00
c21b28a6-6e2,mapillary_172095134791857,mapillary,172095134791857,18.47599407767,73.862320157282,356,749,460,202,202,0.371,opencv_hough_v1,candidate,2026-09-08T16:59:17.839844+00:00
7a3d5950-413,mapillary_172095134791857,mapillary,172095134791857,18.47599407767,73.862320157282,356,280,263,102,102,0.425,opencv_hough_v1,candidate,2026-09-08T16:59:17.856552+00:00
631d4757-826,mapillary_172095134791857,mapillary,172095134791857,18.47599407767,73.862320157282,356,813,378,211,238,0.352,opencv_hough_v1,candidate,2026-09-08T16:59:17.893368+00:00
38c8487f-f83,mapillary_172095134791857,mapillary,172095134791857,18.47599407767,73.862320157282,356,493,388,186,186,0.495,opencv_hough_v1,candidate,2026-09-08T16:59:17.913157+00:00
0d9f4a02-9fb,mapillary_172095134791857,mapillary,172095134791857,18.47599407767,73.862320157282,356,835,171,188,188,0.452,opencv_hough_v1,candidate,2026-09-08T16:59:17.933147+00:00
fb49ad40-e2f,mapillary_172095134791857,mapillary,172095134791857,18.47599407767,73.862320157282,356,289,371,128,128,0.475,opencv_hough_v1,candidate,2026-09-08T16:59:17.953986+00:00
dea0d000-e3f,mapillary_172095134791857,mapillary,172095134791857,18.47599407767,73.862320157282,356,390,398,236,236,0.438,opencv_hough_v1,candidate,2026-09-08T16:59:17.980117+00:00
9cf12ef7-c80,mapillary_172095134791857,mapillary,172095134791857,18.47599407767,73.862320157282,356,649,425,236,236,0.377,opencv_hough_v1,candidate,2026-09-08T16:59:18.000556+00:00
69af2f68-62a,mapillary_172095134791857,mapillary,172095134791857,18.47599407767,73.862320157282,356,606,466,214,214,0.441,opencv_hough_v1,candidate,2026-09-08T16:59:18.022522+00:00
96d7470a-d36,mapillary_172095134791857,mapillary,172095134791857,18.47599407767,73.862320157282,356,612,257,98,98,0.392,opencv_hough_v1,candidate,2026-09-08T16:59:18.041829+00:00
3f9fa740-750,mapillary_172095134791857,mapillary,172095134791857,18.47599407767,73.862320157282,356,387,351,118,118,0.446,opencv_hough_v1,candidate,2026-09-08T16:59:18.061884+00:00
408dfbb7-0c0,mapillary_172095134791857,mapillary,172095134791857,18.47599407767,73.862320157282,356,875,271,88,88,0.435,opencv_hough_v1,candidate,2026-09-08T16:59:18.081405+00:00
dddf4e67-e7d,mapillary_172095134791857,mapillary,172095134791857,18.47599407767,73.862320157282,356,294,403,238,238,0.464,opencv_hough_v1,candidate,2026-09-08T16:59:18.101250+00:00
2b51b330-90e,mapillary_172095134791857,mapillary,172095134791857,18.47599407767,73.862320157282,356,14,260,82,82,0.56,opencv_hough_v1,candidate,2026-09-08T16:59:18.116205+00:00
0aa7827e-90b,mapillary_172095134791857,mapillary,172095134791857,18.47599407767,73.862320157282,356,73,262,122,122,0.465,opencv_hough_v1,candidate,2026-09-08T16:59:18.131377+00:00
9efabb47-242,mapillary_172095134791857,mapillary,172095134791857,18.47599407767,73.862320157282,356,200,415,144,144,0.594,opencv_hough_v1,candidate,2026-09-08T16:59:18.148826+00:00
6eadc6ed-8fa,mapillary_172095134791857,mapillary,172095134791857,18.47599407767,73.862320157282,356,8,398,82,82,0.643,opencv_hough_v1,candidate,2026-09-08T16:59:18.165786+00:00
304f5f9d-315,mapillary_172095134791857,mapillary,172095134791857,18.47599407767,73.862320157282,356,568,177,168,168,0.401,opencv_hough_v1,candidate,2026-09-08T16:59:18.183813+00:00
0b4702b9-967,mapillary_172095134791857,mapillary,172095134791857,18.47599407767,73.862320157282,356,0,310,122,122,0.496,opencv_hough_v1,candidate,2026-09-08T16:59:18.200878+00:00
86b0eb90-9d9,mapillary_172095134791857,mapillary,172095134791857,18.47599407767,73.862320157282,356,914,323,98,98,0.486,opencv_hough_v1,candidate,2026-09-08T16:59:18.218622+00:00
0fa9152c-4c0,mapillary_172095134791857,mapillary,172095134791857,18.47599407767,73.862320157282,356,0,316,178,178,0.544,opencv_hough_v1,candidate,2026-09-08T16:59:18.235215+00:00
42e8e14e-848,mapillary_172095134791857,mapillary,172095134791857,18.47599407767,73.862320157282,356,829,283,86,86,0.462,opencv_hough_v1,candidate,2026-09-08T16:59:18.249414+00:00
c4e56e61-6c1,mapillary_172095134791857,mapillary,172095134791857,18.47599407767,73.862320157282,356,60,398,82,82,0.617,opencv_hough_v1,candidate,2026-09-08T16:59:18.264759+00:00
70fe9e2b-03b,mapillary_172095134791857,mapillary,172095134791857,18.47599407767,73.862320157282,356,670,322,106,106,0.502,opencv_hough_v1,candidate,2026-09-08T16:59:18.279129+00:00
e87649ce-1df,mapillary_172095134791857,mapillary,172095134791857,18.47599407767,73.862320157282,356,459,456,214,214,0.466,opencv_hough_v1,candidate,2026-09-08T16:59:18.293666+00:00
05403611-d44,mapillary_172095134791857,mapillary,172095134791857,18.47599407767,73.862320157282,356,130,436,230,230,0.569,opencv_hough_v1,candidate,2026-09-08T16:59:18.309639+00:00
4cdf0a1f-eba,mapillary_172095134791857,mapillary,172095134791857,18.47599407767,73.862320157282,356,0,434,138,138,0.688,opencv_hough_v1,candidate,2026-09-08T16:59:18.324021+00:00
c8b7a49e-334,mapillary_172095134791857,mapillary,172095134791857,18.47599407767,73.862320157282,356,779,359,120,120,0.455,opencv_hough_v1,candidate,2026-09-08T16:59:18.339009+00:00
05c09189-a54,mapillary_172095134791857,mapillary,172095134791857,18.47599407767,73.862320157282,356,107,258,112,112,0.444,opencv_hough_v1,candidate,2026-09-08T16:59:18.356405+00:00
4fbb5f94-529,mapillary_172095134791857,mapillary,172095134791857,18.47599407767,73.862320157282,356,41,458,228,228,0.586,opencv_hough_v1,candidate,2026-09-08T16:59:18.389225+00:00
c8bccef3-ae5,mapillary_172095134791857,mapillary,172095134791857,18.47599407767,73.862320157282,356,876,352,146,146,0.511,opencv_hough_v1,candidate,2026-09-08T16:59:18.404335+00:00
0e392313-83e,mapillary_172095134791857,mapillary,172095134791857,18.47599407767,73.862320157282,356,0,294,144,144,0.525,opencv_hough_v1,candidate,2026-09-08T16:59:18.419361+00:00
fa767493-91f,mapillary_172095134791857,mapillary,172095134791857,18.47599407767,73.862320157282,356,302,408,132,132,0.527,opencv_hough_v1,candidate,2026-09-08T16:59:18.434659+00:00
6153d691-4a1,mapillary_172095134791857,mapillary,172095134791857,18.47599407767,73.862320157282,356,885,388,139,164,0.473,opencv_hough_v1,candidate,2026-09-08T16:59:18.450241+00:00
1d34ca26-931,mapillary_172095134791857,mapillary,172095134791857,18.47599407767,73.862320157282,356,158,262,114,114,0.454,opencv_hough_v1,candidate,2026-09-08T16:59:18.465152+00:00
8d9d94cd-308,mapillary_172095134791857,mapillary,172095134791857,18.47599407767,73.862320157282,356,217,262,112,112,0.434,opencv_hough_v1,candidate,2026-09-08T16:59:18.480900+00:00
9bf853b9-130,mapillary_172095134791857,mapillary,172095134791857,18.47599407767,73.862320157282,356,733,394,160,160,0.427,opencv_hough_v1,candidate,2026-09-08T16:59:18.502214+00:00
14d16810-ce4,mapillary_172095134791857,mapillary,172095134791857,18.47599407767,73.862320157282,356,507,451,154,154,0.51,opencv_hough_v1,candidate,2026-09-08T16:59:18.519514+00:00
b61d0fac-2ae,mapillary_172095134791857,mapillary,172095134791857,18.47599407767,73.862320157282,356,336,257,110,110,0.394,opencv_hough_v1,candidate,2026-09-08T16:59:18.534593+00:00
6454d7b9-2f6,mapillary_172095134791857,mapillary,172095134791857,18.47599407767,73.862320157282,356,550,318,110,110,0.403,opencv_hough_v1,candidate,2026-09-08T16:59:18.549969+00:00
8d63f7ac-098,mapillary_172095134791857,mapillary,172095134791857,18.47599407767,73.862320157282,356,2,440,186,186,0.624,opencv_hough_v1,candidate,2026-09-08T16:59:18.580796+00:00
2ed0554b-0bf,mapillary_172095134791857,mapillary,172095134791857,18.47599407767,73.862320157282,356,892,343,132,230,0.406,opencv_hough_v1,candidate,2026-09-08T16:59:18.596684+00:00
312c61af-6ea,mapillary_172095134791857,mapillary,172095134791857,18.47599407767,73.862320157282,356,58,484,238,238,0.573,opencv_hough_v1,candidate,2026-09-08T16:59:18.612482+00:00
538d1a8e-02f,mapillary_172095134791857,mapillary,172095134791857,18.47599407767,73.862320157282,356,50,242,120,120,0.503,opencv_hough_v1,candidate,2026-09-08T16:59:18.627404+00:00
1e811f52-23f,mapillary_172095134791857,mapillary,172095134791857,18.47599407767,73.862320157282,356,573,525,152,152,0.512,opencv_hough_v1,candidate,2026-09-08T16:59:18.644832+00:00
967264ec-e5c,mapillary_172095134791857,mapillary,172095134791857,18.47599407767,73.862320157282,356,144,414,90,90,0.605,opencv_hough_v1,candidate,2026-09-08T16:59:18.662354+00:00
3126dd13-c18,mapillary_172095134791857,mapillary,172095134791857,18.47599407767,73.862320157282,356,433,257,114,114,0.385,opencv_hough_v1,candidate,2026-09-08T16:59:18.677865+00:00
940f5dcb-743,mapillary_172095134791857,mapillary,172095134791857,18.47599407767,73.862320157282,356,589,499,184,184,0.483,opencv_hough_v1,candidate,2026-09-08T16:59:18.693181+00:00
32e7ec98-621,mapillary_172095134791857,mapillary,172095134791857,18.47599407767,73.862320157282,356,640,469,132,132,0.517,opencv_hough_v1,candidate,2026-09-08T16:59:18.707630+00:00
4ac9aec4-cc4,mapillary_172095134791857,mapillary,172095134791857,18.47599407767,73.862320157282,356,231,409,98,98,0.507,opencv_hough_v1,candidate,2026-09-08T16:59:18.722876+00:00
55479915-b7c,mapillary_172095134791857,mapillary,172095134791857,18.47599407767,73.862320157282,356,566,254,96,96,0.386,opencv_hough_v1,candidate,2026-09-08T16:59:18.738600+00:00
50e6fc3a-e1a,mapillary_172095134791857,mapillary,172095134791857,18.47599407767,73.862320157282,356,463,375,90,90,0.423,opencv_hough_v1,candidate,2026-09-08T16:59:18.754703+00:00
3351ae7b-174,mapillary_172095134791857,mapillary,172095134791857,18.47599407767,73.862320157282,356,162,429,226,226,0.552,opencv_hough_v1,candidate,2026-09-08T16:59:18.771225+00:00
441bd34f-126,mapillary_172095134791857,mapillary,172095134791857,18.47599407767,73.862320157282,356,464,392,144,144,0.503,opencv_hough_v1,candidate,2026-09-08T16:59:18.789159+00:00
380e1f4d-5dc,mapillary_172095134791857,mapillary,172095134791857,18.47599407767,73.862320157282,356,258,436,122,122,0.549,opencv_hough_v1,candidate,2026-09-08T16:59:18.801662+00:00
111b2ce9-a74,mapillary_172095134791857,mapillary,172095134791857,18.47599407767,73.862320157282,356,721,254,96,96,0.464,opencv_hough_v1,candidate,2026-09-08T16:59:18.813161+00:00
351a3e7f-bc6,mapillary_172095134791857,mapillary,172095134791857,18.47599407767,73.862320157282,356,94,476,206,206,0.607,opencv_hough_v1,candidate,2026-09-08T16:59:18.830041+00:00
428778ba-ce7,mapillary_172095134791857,mapillary,172095134791857,18.47599407767,73.862320157282,356,853,259,80,80,0.43,opencv_hough_v1,candidate,2026-09-08T16:59:18.839257+00:00
898f61ee-421,mapillary_172095134791857,mapillary,172095134791857,18.47599407767,73.862320157282,356,706,470,234,234,0.364,opencv_hough_v1,candidate,2026-09-08T16:59:18.847484+00:00
f2382061-c26,mapillary_172095134791857,mapillary,172095134791857,18.47599407767,73.862320157282,356,891,163,133,202,0.404,opencv_hough_v1,candidate,2026-09-08T16:59:18.855194+00:00
ae2c5fc5-e90,mapillary_172095134791857,mapillary,172095134791857,18.47599407767,73.862320157282,356,936,262,88,140,0.46,opencv_hough_v1,candidate,2026-09-08T16:59:18.862373+00:00
109419da-027,mapillary_172095134791857,mapillary,172095134791857,18.47599407767,73.862320157282,356,272,205,122,122,0.451,opencv_hough_v1,candidate,2026-09-08T16:59:18.870495+00:00
7c240d36-8d0,mapillary_172095134791857,mapillary,172095134791857,18.47599407767,73.862320157282,356,421,335,86,86,0.404,opencv_hough_v1,candidate,2026-09-08T16:59:18.879495+00:00
710fd839-0f0,mapillary_172095134791857,mapillary,172095134791857,18.47599407767,73.862320157282,356,489,260,82,82,0.367,opencv_hough_v1,candidate,2026-09-08T16:59:18.887966+00:00
d3c18751-8b9,mapillary_172095134791857,mapillary,172095134791857,18.47599407767,73.862320157282,356,318,255,80,80,0.422,opencv_hough_v1,candidate,2026-09-08T16:59:18.896984+00:00
df87af7e-17a,mapillary_172095134791857,mapillary,172095134791857,18.47599407767,73.862320157282,356,316,403,176,176,0.513,opencv_hough_v1,candidate,2026-09-08T16:59:18.904176+00:00
d896dfe1-9d3,mapillary_172095134791857,mapillary,172095134791857,18.47599407767,73.862320157282,356,622,327,82,82,0.401,opencv_hough_v1,candidate,2026-09-08T16:59:18.910984+00:00
3a1b8527-df2,mapillary_172095134791857,mapillary,172095134791857,18.47599407767,73.862320157282,356,943,294,81,162,0.481,opencv_hough_v1,candidate,2026-09-08T16:59:18.917844+00:00
5ba1c416-da0,mapillary_172095134791857,mapillary,172095134791857,18.47599407767,73.862320157282,356,690,257,78,78,0.404,opencv_hough_v1,candidate,2026-09-08T16:59:18.924476+00:00
bf58a2a5-c06,mapillary_172095134791857,mapillary,172095134791857,18.47599407767,73.862320157282,356,868,335,78,78,0.469,opencv_hough_v1,candidate,2026-09-08T16:59:18.931174+00:00
f780701f-b9b,mapillary_172095134791857,mapillary,172095134791857,18.47599407767,73.862320157282,356,667,469,140,140,0.504,opencv_hough_v1,candidate,2026-09-08T16:59:18.939337+00:00
f3edcc23-550,mapillary_172095134791857,mapillary,172095134791857,18.47599407767,73.862320157282,356,540,388,82,82,0.45,opencv_hough_v1,candidate,2026-09-08T16:59:18.946864+00:00
0eda574c-781,mapillary_172095134791857,mapillary,172095134791857,18.47599407767,73.862320157282,356,657,507,204,204,0.433,opencv_hough_v1,candidate,2026-09-08T16:59:18.954408+00:00
7f446324-c28,mapillary_172095134791857,mapillary,172095134791857,18.47599407767,73.862320157282,356,361,433,196,196,0.507,opencv_hough_v1,candidate,2026-09-08T16:59:18.961847+00:00
c24a54c0-ffc,mapillary_172095134791857,mapillary,172095134791857,18.47599407767,73.862320157282,356,182,443,234,234,0.539,opencv_hough_v1,candidate,2026-09-08T16:59:18.969582+00:00
050b3c12-f36,mapillary_172095134791857,mapillary,172095134791857,18.47599407767,73.862320157282,356,3,472,184,184,0.62,opencv_hough_v1,candidate,2026-09-08T16:59:18.977280+00:00
bdb62e8b-f7f,mapillary_172095134791857,mapillary,172095134791857,18.47599407767,73.862320157282,356,0,404,140,140,0.685,opencv_hough_v1,candidate,2026-09-08T16:59:18.984176+00:00
fe0a6515-c51,mapillary_172095134791857,mapillary,172095134791857,18.47599407767,73.862320157282,356,840,206,118,118,0.483,opencv_hough_v1,candidate,2026-09-08T16:59:18.992223+00:00
b3ae8f1d-923,mapillary_172095134791857,mapillary,172095134791857,18.47599407767,73.862320157282,356,175,425,86,86,0.579,opencv_hough_v1,candidate,2026-09-08T16:59:18.999194+00:00
019a59b8-542,mapillary_172095134791857,mapillary,172095134791857,18.47599407767,73.862320157282,356,949,263,74,74,0.373,opencv_hough_v1,candidate,2026-09-08T16:59:19.007664+00:00
89ba623f-72c,mapillary_172095134791857,mapillary,172095134791857,18.47599407767,73.862320157282,356,544,256,80,80,0.367,opencv_hough_v1,candidate,2026-09-08T16:59:19.016187+00:00
5cd48a3b-bf3,mapillary_172095134791857,mapillary,172095134791857,18.47599407767,73.862320157282,356,199,257,86,86,0.4,opencv_hough_v1,candidate,2026-09-08T16:59:19.022982+00:00
3f6e8f78-286,mapillary_172095134791857,mapillary,172095134791857,18.47599407767,73.862320157282,356,741,482,230,230,0.352,opencv_hough_v1,candidate,2026-09-08T16:59:19.030191+00:00
966f55a5-0de,mapillary_172095134791857,mapillary,172095134791857,18.47599407767,73.862320157282,356,0,350,94,94,0.478,opencv_hough_v1,candidate,2026-09-08T16:59:19.037314+00:00
f89d517f-90c,mapillary_172095134791857,mapillary,172095134791857,18.47599407767,73.862320157282,356,929,416,95,176,0.449,opencv_hough_v1,candidate,2026-09-08T16:59:19.045375+00:00
b4600fa8-447,mapillary_172095134791857,mapillary,172095134791857,18.47599407767,73.862320157282,356,3,208,110,110,0.517,opencv_hough_v1,candidate,2026-09-08T16:59:19.052189+00:00
ad27509d-ca4,mapillary_172095134791857,mapillary,172095134791857,18.47599407767,73.862320157282,356,159,257,74,74,0.407,opencv_hough_v1,candidate,2026-09-08T16:59:19.060559+00:00
b8ab9d2d-75a,mapillary_172095134791857,mapillary,172095134791857,18.47599407767,73.862320157282,356,905,235,96,96,0.392,opencv_hough_v1,candidate,2026-09-08T16:59:19.071566+00:00
d4391fb7-468,mapillary_172095134791857,mapillary,172095134791857,18.47599407767,73.862320157282,356,359,420,72,72,0.427,opencv_hough_v1,candidate,2026-09-08T16:59:19.080752+00:00
a261a48f-457,mapillary_172095134791857,mapillary,172095134791857,18.47599407767,73.862320157282,356,527,521,210,210,0.476,opencv_hough_v1,candidate,2026-09-08T16:59:19.088420+00:00
7d1d55cb-7ab,mapillary_172095134791857,mapillary,172095134791857,18.47599407767,73.862320157282,356,634,525,156,156,0.516,opencv_hough_v1,candidate,2026-09-08T16:59:19.096398+00:00
8c6fe44e-266,mapillary_172095134791857,mapillary,172095134791857,18.47599407767,73.862320157282,356,43,225,90,90,0.504,opencv_hough_v1,candidate,2026-09-08T16:59:19.103545+00:00
85499bbc-f76,mapillary_172095134791857,mapillary,172095134791857,18.47599407767,73.862320157282,356,645,239,88,88,0.37,opencv_hough_v1,candidate,2026-09-08T16:59:19.112045+00:00
5dd20aaa-89b,mapillary_172095134791857,mapillary,172095134791857,18.47599407767,73.862320157282,356,201,195,132,132,0.476,opencv_hough_v1,candidate,2026-09-08T16:59:19.119660+00:00
02cabec8-e24,mapillary_172095134791857,mapillary,172095134791857,18.47599407767,73.862320157282,356,509,379,82,82,0.404,opencv_hough_v1,candidate,2026-09-08T16:59:19.127121+00:00
d29fb747-7b8,mapillary_172095134791857,mapillary,172095134791857,18.47599407767,73.862320157282,356,606,522,90,90,0.448,opencv_hough_v1,candidate,2026-09-08T16:59:19.135323+00:00
7c96ab77-e92,mapillary_172095134791857,mapillary,172095134791857,18.47599407767,73.862320157282,356,244,200,118,118,0.457,opencv_hough_v1,candidate,2026-09-08T16:59:19.143773+00:00
b8d599d4-194,mapillary_172095134791857,mapillary,172095134791857,18.47599407767,73.862320157282,356,314,465,72,72,0.466,opencv_hough_v1,candidate,2026-09-08T16:59:19.152448+00:00
3e5ac774-cbd,mapillary_172095134791857,mapillary,172095134791857,18.47599407767,73.862320157282,356,0,291,66,66,0.495,opencv_hough_v1,candidate,2026-09-08T16:59:19.160504+00:00
48788634-573,mapillary_172095134791857,mapillary,172095134791857,18.47599407767,73.862320157282,356,218,472,238,238,0.525,opencv_hough_v1,candidate,2026-09-08T16:59:19.167827+00:00
b8ecee9c-b58,mapillary_172095134791857,mapillary,172095134791857,18.47599407767,73.862320157282,356,421,203,124,124,0.395,opencv_hough_v1,candidate,2026-09-08T16:59:19.174468+00:00
2044dd92-b41,mapillary_172095134791857,mapillary,172095134791857,18.47599407767,73.862320157282,356,956,363,68,94,0.49,opencv_hough_v1,candidate,2026-09-08T16:59:19.181201+00:00
2b6c737a-9fc,mapillary_172095134791857,mapillary,172095134791857,18.47599407767,73.862320157282,356,279,260,58,58,0.419,opencv_hough_v1,candidate,2026-09-08T16:59:19.188464+00:00
fd22634e-73a,mapillary_172095134791857,mapillary,172095134791857,18.47599407767,73.862320157282,356,625,559,132,132,0.532,opencv_hough_v1,candidate,2026-09-08T16:59:19.195174+00:00
50febc84-72e,mapillary_172095134791857,mapillary,172095134791857,18.47599407767,73.862320157282,356,337,229,86,86,0.43,opencv_hough_v1,candidate,2026-09-08T16:59:19.201637+00:00
e3f51811-178,mapillary_172095134791857,mapillary,172095134791857,18.47599407767,73.862320157282,356,137,215,96,96,0.454,opencv_hough_v1,candidate,2026-09-08T16:59:19.209843+00:00
66b1b4ef-541,mapillary_172095134791857,mapillary,172095134791857,18.47599407767,73.862320157282,356,824,218,90,90,0.505,opencv_hough_v1,candidate,2026-09-08T16:59:19.217355+00:00
e0fccc3b-31f,mapillary_172095134791857,mapillary,172095134791857,18.47599407767,73.862320157282,356,611,499,70,70,0.481,opencv_hough_v1,candidate,2026-09-08T16:59:19.224280+00:00
6f34f0b2-687,mapillary_172095134791857,mapillary,172095134791857,18.47599407767,73.862320157282,356,8,477,114,114,0.642,opencv_hough_v1,candidate,2026-09-08T16:59:19.231994+00:00
55f4b248-368,mapillary_172095134791857,mapillary,172095134791857,18.47599407767,73.862320157282,356,553,486,124,124,0.492,opencv_hough_v1,candidate,2026-09-08T16:59:19.240073+00:00
3dbb576a-2a9,mapillary_172095134791857,mapillary,172095134791857,18.47599407767,73.862320157282,356,503,223,94,94,0.371,opencv_hough_v1,candidate,2026-09-08T16:59:19.249163+00:00
e2cb070e-fa1,mapillary_172095134791857,mapillary,172095134791857,18.47599407767,73.862320157282,356,730,360,70,70,0.519,opencv_hough_v1,candidate,2026-09-08T16:59:19.256777+00:00
abb01040-860,mapillary_172095134791857,mapillary,172095134791857,18.47599407767,73.862320157282,356,0,266,96,96,0.51,opencv_hough_v1,candidate,2026-09-08T16:59:19.264810+00:00
4d2dcdab-48d,mapillary_172095134791857,mapillary,172095134791857,18.47599407767,73.862320157282,356,175,214,90,90,0.434,opencv_hough_v1,candidate,2026-09-08T16:59:19.272643+00:00
c83b33e1-247,mapillary_172095134791857,mapillary,172095134791857,18.47599407767,73.862320157282,356,0,529,238,238,0.585,opencv_hough_v1,candidate,2026-09-08T16:59:19.279842+00:00
7723fa33-ed3,mapillary_172095134791857,mapillary,172095134791857,18.47599407767,73.862320157282,356,962,330,58,58,0.376,opencv_hough_v1,candidate,2026-09-08T16:59:19.287480+00:00
dc78dc5d-080,mapillary_172095134791857,mapillary,172095134791857,18.47599407767,73.862320157282,356,5,260,48,48,0.486,opencv_hough_v1,candidate,2026-09-08T16:59:19.301666+00:00
1d9536b0-876,mapillary_172095134791857,mapillary,172095134791857,18.47599407767,73.862320157282,356,692,209,98,98,0.412,opencv_hough_v1,candidate,2026-09-08T16:59:19.309142+00:00
844e3904-7ba,mapillary_172095134791857,mapillary,172095134791857,18.47599407767,73.862320157282,356,565,227,76,76,0.359,opencv_hough_v1,candidate,2026-09-08T16:59:19.316335+00:00
cd16ea59-f48,mapillary_172095134791857,mapillary,172095134791857,18.47599407767,73.862320157282,356,0,405,56,56,0.592,opencv_hough_v1,candidate,2026-09-08T16:59:19.323253+00:00
04e23f3f-452,mapillary_172095134791857,mapillary,172095134791857,18.47599407767,73.862320157282,356,526,540,154,154,0.518,opencv_hough_v1,candidate,2026-09-08T16:59:19.330605+00:00
6a7539ca-591,mapillary_172095134791857,mapillary,172095134791857,18.47599407767,73.862320157282,356,921,449,103,128,0.47,opencv_hough_v1,candidate,2026-09-08T16:59:19.338630+00:00
fe9c7eb4-26e,mapillary_172095134791857,mapillary,172095134791857,18.47599407767,73.862320157282,356,633,473,88,88,0.497,opencv_hough_v1,candidate,2026-09-08T16:59:19.357186+00:00
55180681-2bc,mapillary_172095134791857,mapillary,172095134791857,18.47599407767,73.862320157282,356,560,463,110,110,0.497,opencv_hough_v1,candidate,2026-09-08T16:59:19.370860+00:00
a00c45b5-a57,mapillary_172095134791857,mapillary,172095134791857,18.47599407767,73.862320157282,356,912,500,92,92,0.386,opencv_hough_v1,candidate,2026-09-08T16:59:19.381692+00:00
426a13b3-19a,mapillary_172095134791857,mapillary,172095134791857,18.47599407767,73.862320157282,356,0,520,66,66,0.512,opencv_hough_v1,candidate,2026-09-08T16:59:19.394962+00:00
4f80784e-9b0,mapillary_172095134791857,mapillary,172095134791857,18.47599407767,73.862320157282,356,129,445,64,64,0.622,opencv_hough_v1,candidate,2026-09-08T16:59:19.402159+00:00
8509c2a8-aea,mapillary_172095134791857,mapillary,172095134791857,18.47599407767,73.862320157282,356,929,421,95,128,0.498,opencv_hough_v1,candidate,2026-09-08T16:59:19.409958+00:00
b094e2f6-0ed,mapillary_172095134791857,mapillary,172095134791857,18.47599407767,73.862320157282,356,494,469,120,120,0.511,opencv_hough_v1,candidate,2026-09-08T16:59:19.417583+00:00
6b8b6413-b7d,mapillary_172095134791857,mapillary,172095134791857,18.47599407767,73.862320157282,356,161,306,54,54,0.469,opencv_hough_v1,candidate,2026-09-08T16:59:19.429620+00:00
c94a969b-f9b,mapillary_172095134791857,mapillary,172095134791857,18.47599407767,73.862320157282,356,682,587,164,164,0.505,opencv_hough_v1,candidate,2026-09-08T16:59:19.439650+00:00
a62436a4-57d,mapillary_172095134791857,mapillary,172095134791857,18.47599407767,73.862320157282,356,924,541,100,128,0.371,opencv_hough_v1,candidate,2026-09-08T16:59:19.446528+00:00
2aeb92df-8f9,mapillary_172095134791857,mapillary,172095134791857,18.47599407767,73.862320157282,356,380,247,62,62,0.409,opencv_hough_v1,candidate,2026-09-08T16:59:19.453807+00:00
5d9cf2e0-d64,mapillary_172095134791857,mapillary,172095134791857,18.47599407767,73.862320157282,356,8,514,106,106,0.615,opencv_hough_v1,candidate,2026-09-08T16:59:19.460627+00:00
2de7fa45-366,mapillary_172095134791857,mapillary,172095134791857,18.47599407767,73.862320157282,356,481,232,78,78,0.358,opencv_hough_v1,candidate,2026-09-08T16:59:19.467276+00:00
6d50c58a-651,mapillary_172095134791857,mapillary,172095134791857,18.47599407767,73.862320157282,356,119,257,54,54,0.368,opencv_hough_v1,candidate,2026-09-08T16:59:19.473759+00:00
54bc7069-bcb,mapillary_172095134791857,mapillary,172095134791857,18.47599407767,73.862320157282,356,142,460,82,82,0.613,opencv_hough_v1,candidate,2026-09-08T16:59:19.479758+00:00
96e68265-575,mapillary_172095134791857,mapillary,172095134791857,18.47599407767,73.862320157282,356,782,407,64,64,0.352,opencv_hough_v1,candidate,2026-09-08T16:59:19.487293+00:00
c78bb22e-ea7,mapillary_172095134791857,mapillary,172095134791857,18.47599407767,73.862320157282,356,220,435,58,58,0.505,opencv_hough_v1,candidate,2026-09-08T16:59:19.494314+00:00
40b27c9c-3da,mapillary_172095134791857,mapillary,172095134791857,18.47599407767,73.862320157282,356,621,445,86,86,0.546,opencv_hough_v1,candidate,2026-09-08T16:59:19.502070+00:00
0b6779f8-6d5,mapillary_172095134791857,mapillary,172095134791857,18.47599407767,73.862320157282,356,665,217,82,82,0.371,opencv_hough_v1,candidate,2026-09-08T16:59:19.508730+00:00
f1702b79-620,mapillary_172095134791857,mapillary,172095134791857,18.47599407767,73.862320157282,356,782,380,58,58,0.45,opencv_hough_v1,candidate,2026-09-08T16:59:19.515053+00:00
6f3f9d1e-ae4,mapillary_172095134791857,mapillary,172095134791857,18.47599407767,73.862320157282,356,7,524,140,140,0.655,opencv_hough_v1,candidate,2026-09-08T16:59:19.521646+00:00
d5ce2d1c-246,mapillary_172095134791857,mapillary,172095134791857,18.47599407767,73.862320157282,356,682,580,128,128,0.509,opencv_hough_v1,candidate,2026-09-08T16:59:19.534035+00:00
c56d594a-e63,mapillary_172095134791857,mapillary,172095134791857,18.47599407767,73.862320157282,356,838,546,106,106,0.351,opencv_hough_v1,candidate,2026-09-08T16:59:19.542066+00:00
9b37feca-9c8,mapillary_172095134791857,mapillary,172095134791857,18.47599407767,73.862320157282,356,324,471,106,106,0.546,opencv_hough_v1,candidate,2026-09-08T16:59:19.550133+00:00
e33472f8-2b2,mapillary_172095134791857,mapillary,172095134791857,18.47599407767,73.862320157282,356,940,400,82,82,0.499,opencv_hough_v1,candidate,2026-09-08T16:59:19.557183+00:00
a1375f73-286,mapillary_172095134791857,mapillary,172095134791857,18.47599407767,73.862320157282,356,83,219,78,78,0.446,opencv_hough_v1,candidate,2026-09-08T16:59:19.563575+00:00
9c8b563f-7ce,mapillary_172095134791857,mapillary,172095134791857,18.47599407767,73.862320157282,356,933,453,91,172,0.405,opencv_hough_v1,candidate,2026-09-08T16:59:19.570529+00:00
31c5b629-335,mapillary_172095134791857,mapillary,172095134791857,18.47599407767,73.862320157282,356,950,378,46,46,0.483,opencv_hough_v1,candidate,2026-09-08T16:59:19.577032+00:00
3c3dbd37-0ce,mapillary_172095134791857,mapillary,172095134791857,18.47599407767,73.862320157282,356,935,511,89,132,0.37,opencv_hough_v1,candidate,2026-09-08T16:59:19.584259+00:00
d0fe2e0b-4de,mapillary_172095134791857,mapillary,172095134791857,18.47599407767,73.862320157282,356,253,479,72,72,0.535,opencv_hough_v1,candidate,2026-09-08T16:59:19.591264+00:00
9148696a-351,mapillary_172095134791857,mapillary,172095134791857,18.47599407767,73.862320157282,356,650,525,72,72,0.465,opencv_hough_v1,candidate,2026-09-08T16:59:19.598246+00:00
eb27111f-3b8,mapillary_172095134791857,mapillary,172095134791857,18.47599407767,73.862320157282,356,985,268,39,78,0.402,opencv_hough_v1,candidate,2026-09-08T16:59:19.605782+00:00
791dead9-c81,mapillary_172095134791857,mapillary,172095134791857,18.47599407767,73.862320157282,356,0,491,64,64,0.541,opencv_hough_v1,candidate,2026-09-08T16:59:19.612757+00:00
aae065a0-e9d,mapillary_172095134791857,mapillary,172095134791857,18.47599407767,73.862320157282,356,743,244,54,54,0.402,opencv_hough_v1,candidate,2026-09-08T16:59:19.618837+00:00
176baf23-960,mapillary_172095134791857,mapillary,172095134791857,18.47599407767,73.862320157282,356,540,431,52,52,0.419,opencv_hough_v1,candidate,2026-09-08T16:59:19.625796+00:00
330fba64-278,mapillary_172095134791857,mapillary,172095134791857,18.47599407767,73.862320157282,356,0,227,90,90,0.506,opencv_hough_v1,candidate,2026-09-08T16:59:19.632471+00:00
33c407be-295,mapillary_172095134791857,mapillary,172095134791857,18.47599407767,73.862320157282,356,837,627,96,96,0.465,opencv_hough_v1,candidate,2026-09-08T16:59:19.638738+00:00
195f87aa-8a2,mapillary_172095134791857,mapillary,172095134791857,18.47599407767,73.862320157282,356,312,508,50,50,0.531,opencv_hough_v1,candidate,2026-09-08T16:59:19.644982+00:00
0cbd10b9-4f9,mapillary_172095134791857,mapillary,172095134791857,18.47599407767,73.862320157282,356,554,610,82,82,0.513,opencv_hough_v1,candidate,2026-09-08T16:59:19.658886+00:00
701141b7-1b7,mapillary_172095134791857,mapillary,172095134791857,18.47599407767,73.862320157282,356,774,576,82,82,0.438,opencv_hough_v1,candidate,2026-09-08T16:59:19.665988+00:00
52bade39-759,mapillary_172095134791857,mapillary,172095134791857,18.47599407767,73.862320157282,356,0,524,60,60,0.465,opencv_hough_v1,candidate,2026-09-08T16:59:19.673030+00:00
11750cb6-345,mapillary_172095134791857,mapillary,172095134791857,18.47599407767,73.862320157282,356,723,543,58,58,0.447,opencv_hough_v1,candidate,2026-09-08T16:59:19.679663+00:00
c2547f95-638,mapillary_172095134791857,mapillary,172095134791857,18.47599407767,73.862320157282,356,584,547,74,74,0.414,opencv_hough_v1,candidate,2026-09-08T16:59:19.700719+00:00
51e7897f-258,mapillary_172095134791857,mapillary,172095134791857,18.47599407767,73.862320157282,356,10,566,48,48,0.514,opencv_hough_v1,candidate,2026-09-08T16:59:19.707058+00:00
29cfe7d7-082,mapillary_172095134791857,mapillary,172095134791857,18.47599407767,73.862320157282,356,743,601,68,68,0.459,opencv_hough_v1,candidate,2026-09-08T16:59:19.714693+00:00
7b8ffe94-eec,mapillary_299193431921088,mapillary,299193431921088,18.475901503459,73.86245656,158,0,262,238,238,0.43,opencv_hough_v1,candidate,2026-09-08T16:59:19.961967+00:00
f3f6ff6f-d16,mapillary_299193431921088,mapillary,299193431921088,18.475901503459,73.86245656,158,60,283,214,214,0.442,opencv_hough_v1,candidate,2026-09-08T16:59:19.972415+00:00
1a0c8f5b-05e,mapillary_299193431921088,mapillary,299193431921088,18.475901503459,73.86245656,158,0,308,186,186,0.486,opencv_hough_v1,candidate,2026-09-08T16:59:19.978276+00:00
284b2275-176,mapillary_299193431921088,mapillary,299193431921088,18.475901503459,73.86245656,158,38,259,182,182,0.495,opencv_hough_v1,candidate,2026-09-08T16:59:19.985556+00:00
f6119caf-3dd,mapillary_299193431921088,mapillary,299193431921088,18.475901503459,73.86245656,158,694,275,186,186,0.355,opencv_hough_v1,candidate,2026-09-08T16:59:20.004648+00:00
3a004528-463,mapillary_299193431921088,mapillary,299193431921088,18.475901503459,73.86245656,158,119,277,238,238,0.399,opencv_hough_v1,candidate,2026-09-08T16:59:20.016176+00:00
59d03a68-17e,mapillary_299193431921088,mapillary,299193431921088,18.475901503459,73.86245656,158,86,302,238,238,0.39,opencv_hough_v1,candidate,2026-09-08T16:59:20.021962+00:00
a55b6f17-797,mapillary_299193431921088,mapillary,299193431921088,18.475901503459,73.86245656,158,658,300,162,162,0.376,opencv_hough_v1,candidate,2026-09-08T16:59:20.038554+00:00
5c4a86f3-748,mapillary_299193431921088,mapillary,299193431921088,18.475901503459,73.86245656,158,38,327,238,238,0.379,opencv_hough_v1,candidate,2026-09-08T16:59:20.049843+00:00
b3567098-4e4,mapillary_299193431921088,mapillary,299193431921088,18.475901503459,73.86245656,158,119,257,148,148,0.532,opencv_hough_v1,candidate,2026-09-08T16:59:20.055997+00:00
0220100e-f8b,mapillary_299193431921088,mapillary,299193431921088,18.475901503459,73.86245656,158,150,276,178,178,0.471,opencv_hough_v1,candidate,2026-09-08T16:59:20.074077+00:00
5f56ccde-84c,mapillary_299193431921088,mapillary,299193431921088,18.475901503459,73.86245656,158,680,351,130,130,0.399,opencv_hough_v1,candidate,2026-09-08T16:59:20.080027+00:00
601e14cf-0d2,mapillary_299193431921088,mapillary,299193431921088,18.475901503459,73.86245656,158,161,275,124,124,0.516,opencv_hough_v1,candidate,2026-09-08T16:59:20.085369+00:00
dcb28f12-fc2,mapillary_299193431921088,mapillary,299193431921088,18.475901503459,73.86245656,158,128,306,238,238,0.385,opencv_hough_v1,candidate,2026-09-08T16:59:20.091444+00:00
8a9e1be9-e56,mapillary_299193431921088,mapillary,299193431921088,18.475901503459,73.86245656,158,173,155,222,222,0.446,opencv_hough_v1,candidate,2026-09-08T16:59:20.102652+00:00
1d5a4027-804,mapillary_299193431921088,mapillary,299193431921088,18.475901503459,73.86245656,158,639,265,156,156,0.398,opencv_hough_v1,candidate,2026-09-08T16:59:20.115126+00:00
3a1d799d-f5a,mapillary_299193431921088,mapillary,299193431921088,18.475901503459,73.86245656,158,109,149,236,236,0.422,opencv_hough_v1,candidate,2026-09-08T16:59:20.122596+00:00
a7bd7587-827,mapillary_299193431921088,mapillary,299193431921088,18.475901503459,73.86245656,158,32,318,202,202,0.447,opencv_hough_v1,candidate,2026-09-08T16:59:20.129903+00:00
e9553cdf-e14,mapillary_299193431921088,mapillary,299193431921088,18.475901503459,73.86245656,158,46,242,132,132,0.522,opencv_hough_v1,candidate,2026-09-08T16:59:20.147316+00:00
89bd57d4-fcd,mapillary_299193431921088,mapillary,299193431921088,18.475901503459,73.86245656,158,129,358,184,184,0.421,opencv_hough_v1,candidate,2026-09-08T16:59:20.158205+00:00
e6ec0cdd-9ae,mapillary_299193431921088,mapillary,299193431921088,18.475901503459,73.86245656,158,290,259,170,170,0.537,opencv_hough_v1,candidate,2026-09-08T16:59:20.163823+00:00
fca6a84f-477,mapillary_299193431921088,mapillary,299193431921088,18.475901503459,73.86245656,158,77,387,220,220,0.352,opencv_hough_v1,candidate,2026-09-08T16:59:20.175278+00:00
c99a76d5-ba6,mapillary_299193431921088,mapillary,299193431921088,18.475901503459,73.86245656,158,55,373,206,206,0.386,opencv_hough_v1,candidate,2026-09-08T16:59:20.181485+00:00
ee7fdf3b-63e,mapillary_299193431921088,mapillary,299193431921088,18.475901503459,73.86245656,158,89,351,196,196,0.409,opencv_hough_v1,candidate,2026-09-08T16:59:20.186941+00:00
608deeb8-1ab,mapillary_299193431921088,mapillary,299193431921088,18.475901503459,73.86245656,158,99,268,110,110,0.517,opencv_hough_v1,candidate,2026-09-08T16:59:20.192381+00:00
9dc3c105-78f,mapillary_299193431921088,mapillary,299193431921088,18.475901503459,73.86245656,158,0,326,194,194,0.465,opencv_hough_v1,candidate,2026-09-08T16:59:20.199040+00:00
ed7f49d9-4c5,mapillary_299193431921088,mapillary,299193431921088,18.475901503459,73.86245656,158,8,430,160,160,0.381,opencv_hough_v1,candidate,2026-09-08T16:59:20.205905+00:00
3e9715c8-d60,mapillary_299193431921088,mapillary,299193431921088,18.475901503459,73.86245656,158,590,259,154,154,0.467,opencv_hough_v1,candidate,2026-09-08T16:59:20.211071+00:00
9159f881-efa,mapillary_299193431921088,mapillary,299193431921088,18.475901503459,73.86245656,158,705,249,136,136,0.386,opencv_hough_v1,candidate,2026-09-08T16:59:20.216397+00:00
f3d5004c-568,mapillary_299193431921088,mapillary,299193431921088,18.475901503459,73.86245656,158,218,256,98,98,0.474,opencv_hough_v1,candidate,2026-09-08T16:59:20.221823+00:00
0fa9b166-2d6,mapillary_299193431921088,mapillary,299193431921088,18.475901503459,73.86245656,158,0,264,168,168,0.521,opencv_hough_v1,candidate,2026-09-08T16:59:20.227218+00:00
195b3964-b11,mapillary_299193431921088,mapillary,299193431921088,18.475901503459,73.86245656,158,19,407,140,140,0.456,opencv_hough_v1,candidate,2026-09-08T16:59:20.233275+00:00
dbeea6da-3ba,mapillary_299193431921088,mapillary,299193431921088,18.475901503459,73.86245656,158,768,294,112,112,0.389,opencv_hough_v1,candidate,2026-09-08T16:59:20.244103+00:00
f20afe20-02c,mapillary_299193431921088,mapillary,299193431921088,18.475901503459,73.86245656,158,470,316,238,238,0.41,opencv_hough_v1,candidate,2026-09-08T16:59:20.249614+00:00
b0c83524-fc9,mapillary_299193431921088,mapillary,299193431921088,18.475901503459,73.86245656,158,379,152,222,222,0.542,opencv_hough_v1,candidate,2026-09-08T16:59:20.261521+00:00
57b84926-24e,mapillary_299193431921088,mapillary,299193431921088,18.475901503459,73.86245656,158,0,296,164,164,0.544,opencv_hough_v1,candidate,2026-09-08T16:59:20.278435+00:00
e58f179c-a5a,mapillary_299193431921088,mapillary,299193431921088,18.475901503459,73.86245656,158,751,317,128,128,0.377,opencv_hough_v1,candidate,2026-09-08T16:59:20.288851+00:00
873a6ec1-d35,mapillary_299193431921088,mapillary,299193431921088,18.475901503459,73.86245656,158,487,268,116,116,0.546,opencv_hough_v1,candidate,2026-09-08T16:59:20.293910+00:00
70bbd724-6d5,mapillary_299193431921088,mapillary,299193431921088,18.475901503459,73.86245656,158,194,273,120,120,0.493,opencv_hough_v1,candidate,2026-09-08T16:59:20.304315+00:00
7650efea-1b4,mapillary_299193431921088,mapillary,299193431921088,18.475901503459,73.86245656,158,645,322,106,106,0.397,opencv_hough_v1,candidate,2026-09-08T16:59:20.309277+00:00
07d57cfc-e02,mapillary_299193431921088,mapillary,299193431921088,18.475901503459,73.86245656,158,480,295,214,214,0.452,opencv_hough_v1,candidate,2026-09-08T16:59:20.314685+00:00
8f0c8402-849,mapillary_299193431921088,mapillary,299193431921088,18.475901503459,73.86245656,158,286,261,104,104,0.532,opencv_hough_v1,candidate,2026-09-08T16:59:20.320366+00:00
bec795b1-cd0,mapillary_299193431921088,mapillary,299193431921088,18.475901503459,73.86245656,158,577,314,144,144,0.497,opencv_hough_v1,candidate,2026-09-08T16:59:20.326664+00:00
fb5207d9-9cf,mapillary_299193431921088,mapillary,299193431921088,18.475901503459,73.86245656,158,500,241,146,146,0.561,opencv_hough_v1,candidate,2026-09-08T16:59:20.336958+00:00
920cc711-4a1,mapillary_299193431921088,mapillary,299193431921088,18.475901503459,73.86245656,158,0,433,116,116,0.404,opencv_hough_v1,candidate,2026-09-08T16:59:20.342462+00:00
e95fdaaf-b9b,mapillary_299193431921088,mapillary,299193431921088,18.475901503459,73.86245656,158,548,325,194,194,0.436,opencv_hough_v1,candidate,2026-09-08T16:59:20.354252+00:00
cad150dd-0ae,mapillary_299193431921088,mapillary,299193431921088,18.475901503459,73.86245656,158,480,181,182,182,0.564,opencv_hough_v1,candidate,2026-09-08T16:59:20.360500+00:00
61d07f80-563,mapillary_299193431921088,mapillary,299193431921088,18.475901503459,73.86245656,158,807,274,76,76,0.42,opencv_hough_v1,candidate,2026-09-08T16:59:20.366263+00:00
cabad0ed-908,mapillary_299193431921088,mapillary,299193431921088,18.475901503459,73.86245656,158,314,157,226,226,0.507,opencv_hough_v1,candidate,2026-09-08T16:59:20.372151+00:00
2da24107-9d5,mapillary_299193431921088,mapillary,299193431921088,18.475901503459,73.86245656,158,495,354,220,220,0.413,opencv_hough_v1,candidate,2026-09-08T16:59:20.377897+00:00
f14c156e-dd2,mapillary_299193431921088,mapillary,299193431921088,18.475901503459,73.86245656,158,38,395,100,100,0.503,opencv_hough_v1,candidate,2026-09-08T16:59:20.396598+00:00
9dfdcda0-315,mapillary_299193431921088,mapillary,299193431921088,18.475901503459,73.86245656,158,360,308,94,94,0.529,opencv_hough_v1,candidate,2026-09-08T16:59:20.401738+00:00
a7160eec-2c7,mapillary_299193431921088,mapillary,299193431921088,18.475901503459,73.86245656,158,109,262,64,64,0.498,opencv_hough_v1,candidate,2026-09-08T16:59:20.407867+00:00
d090e863-ecd,mapillary_299193431921088,mapillary,299193431921088,18.475901503459,73.86245656,158,90,182,162,162,0.52,opencv_hough_v1,candidate,2026-09-08T16:59:20.418653+00:00
bbe656fc-c01,mapillary_299193431921088,mapillary,299193431921088,18.475901503459,73.86245656,158,642,263,98,98,0.384,opencv_hough_v1,candidate,2026-09-08T16:59:20.424325+00:00
15fada41-8fc,mapillary_299193431921088,mapillary,299193431921088,18.475901503459,73.86245656,158,291,311,96,96,0.498,opencv_hough_v1,candidate,2026-09-08T16:59:20.429719+00:00
9c547d0d-cff,mapillary_299193431921088,mapillary,299193431921088,18.475901503459,73.86245656,158,191,263,90,90,0.48,opencv_hough_v1,candidate,2026-09-08T16:59:20.434926+00:00
a3220bf6-a2b,mapillary_299193431921088,mapillary,299193431921088,18.475901503459,73.86245656,158,146,251,88,88,0.529,opencv_hough_v1,candidate,2026-09-08T16:59:20.440927+00:00
918195e0-768,mapillary_299193431921088,mapillary,299193431921088,18.475901503459,73.86245656,158,671,367,88,88,0.378,opencv_hough_v1,candidate,2026-09-08T16:59:20.446518+00:00
6ef52dec-f8a,mapillary_299193431921088,mapillary,299193431921088,18.475901503459,73.86245656,158,328,257,110,110,0.563,opencv_hough_v1,candidate,2026-09-08T16:59:20.452604+00:00
0360b004-aa8,mapillary_299193431921088,mapillary,299193431921088,18.475901503459,73.86245656,158,452,284,206,206,0.473,opencv_hough_v1,candidate,2026-09-08T16:59:20.460348+00:00
680f9f1c-b75,mapillary_299193431921088,mapillary,299193431921088,18.475901503459,73.86245656,158,129,510,70,70,0.351,opencv_hough_v1,candidate,2026-09-08T16:59:20.467798+00:00
bcd3f5a0-8e5,mapillary_299193431921088,mapillary,299193431921088,18.475901503459,73.86245656,158,427,249,112,112,0.54,opencv_hough_v1,candidate,2026-09-08T16:59:20.473072+00:00
9268e263-9e5,mapillary_299193431921088,mapillary,299193431921088,18.475901503459,73.86245656,158,113,305,104,104,0.498,opencv_hough_v1,candidate,2026-09-08T16:59:20.478932+00:00
7dc6fe1a-d6d,mapillary_299193431921088,mapillary,299193431921088,18.475901503459,73.86245656,158,610,236,96,96,0.47,opencv_hough_v1,candidate,2026-09-08T16:59:20.484208+00:00
2bee5095-892,mapillary_299193431921088,mapillary,299193431921088,18.475901503459,73.86245656,158,245,293,88,88,0.457,opencv_hough_v1,candidate,2026-09-08T16:59:20.489913+00:00
d58cd9d1-34a,mapillary_299193431921088,mapillary,299193431921088,18.475901503459,73.86245656,158,35,258,84,84,0.418,opencv_hough_v1,candidate,2026-09-08T16:59:20.495430+00:00
30ad2d8a-ea8,mapillary_299193431921088,mapillary,299193431921088,18.475901503459,73.86245656,158,424,315,156,156,0.513,opencv_hough_v1,candidate,2026-09-08T16:59:20.501475+00:00
0ce2884b-bbd,mapillary_299193431921088,mapillary,299193431921088,18.475901503459,73.86245656,158,757,263,102,102,0.379,opencv_hough_v1,candidate,2026-09-08T16:59:20.506758+00:00
3a18d060-063,mapillary_299193431921088,mapillary,299193431921088,18.475901503459,73.86245656,158,731,189,156,156,0.369,opencv_hough_v1,candidate,2026-09-08T16:59:20.517671+00:00
402b89d0-7c6,mapillary_299193431921088,mapillary,299193431921088,18.475901503459,73.86245656,158,461,316,58,58,0.384,opencv_hough_v1,candidate,2026-09-08T16:59:20.527724+00:00
e39a166c-e41,mapillary_299193431921088,mapillary,299193431921088,18.475901503459,73.86245656,158,505,156,204,204,0.529,opencv_hough_v1,candidate,2026-09-08T16:59:20.534409+00:00
56c41dd1-286,mapillary_299193431921088,mapillary,299193431921088,18.475901503459,73.86245656,158,387,287,74,74,0.556,opencv_hough_v1,candidate,2026-09-08T16:59:20.545700+00:00
49d2748a-04a,mapillary_299193431921088,mapillary,299193431921088,18.475901503459,73.86245656,158,583,300,100,100,0.479,opencv_hough_v1,candidate,2026-09-08T16:59:20.556642+00:00
7e6ef733-7aa,mapillary_299193431921088,mapillary,299193431921088,18.475901503459,73.86245656,158,340,320,154,154,0.515,opencv_hough_v1,candidate,2026-09-08T16:59:20.561964+00:00
304dac07-2e4,mapillary_299193431921088,mapillary,299193431921088,18.475901503459,73.86245656,158,144,522,90,90,0.365,opencv_hough_v1,candidate,2026-09-08T16:59:20.567508+00:00
42612012-75a,mapillary_299193431921088,mapillary,299193431921088,18.475901503459,73.86245656,158,651,209,108,108,0.412,opencv_hough_v1,candidate,2026-09-08T16:59:20.572818+00:00
89f8928a-bd3,mapillary_299193431921088,mapillary,299193431921088,18.475901503459,73.86245656,158,0,284,82,82,0.455,opencv_hough_v1,candidate,2026-09-08T16:59:20.583671+00:00
0020e3ff-130,mapillary_299193431921088,mapillary,299193431921088,18.475901503459,73.86245656,158,701,405,90,90,0.353,opencv_hough_v1,candidate,2026-09-08T16:59:20.597440+00:00
64abafd6-92e,mapillary_299193431921088,mapillary,299193431921088,18.475901503459,73.86245656,158,12,417,88,88,0.458,opencv_hough_v1,candidate,2026-09-08T16:59:20.602712+00:00
9d8429a2-303,mapillary_299193431921088,mapillary,299193431921088,18.475901503459,73.86245656,158,148,550,146,146,0.389,opencv_hough_v1,candidate,2026-09-08T16:59:20.614192+00:00
cef02047-be2,mapillary_299193431921088,mapillary,299193431921088,18.475901503459,73.86245656,158,166,333,80,80,0.446,opencv_hough_v1,candidate,2026-09-08T16:59:20.619490+00:00
f4f012e7-f18,mapillary_299193431921088,mapillary,299193431921088,18.475901503459,73.86245656,158,406,253,84,84,0.553,opencv_hough_v1,candidate,2026-09-08T16:59:20.625138+00:00
cf36e84d-850,mapillary_299193431921088,mapillary,299193431921088,18.475901503459,73.86245656,158,879,427,134,134,0.353,opencv_hough_v1,candidate,2026-09-08T16:59:20.635693+00:00
7c6cbe3f-b19,mapillary_299193431921088,mapillary,299193431921088,18.475901503459,73.86245656,158,488,312,78,78,0.489,opencv_hough_v1,candidate,2026-09-08T16:59:20.641568+00:00
eb00223b-ebf,mapillary_299193431921088,mapillary,299193431921088,18.475901503459,73.86245656,158,276,279,64,64,0.462,opencv_hough_v1,candidate,2026-09-08T16:59:20.647219+00:00
f3afe3e6-0c5,mapillary_299193431921088,mapillary,299193431921088,18.475901503459,73.86245656,158,550,319,108,108,0.499,opencv_hough_v1,candidate,2026-09-08T16:59:20.653912+00:00
37b84146-e9b,mapillary_299193431921088,mapillary,299193431921088,18.475901503459,73.86245656,158,314,235,88,88,0.537,opencv_hough_v1,candidate,2026-09-08T16:59:20.660296+00:00
3efc054e-eaf,mapillary_299193431921088,mapillary,299193431921088,18.475901503459,73.86245656,158,823,314,62,62,0.359,opencv_hough_v1,candidate,2026-09-08T16:59:20.665774+00:00
5972c950-bbc,mapillary_299193431921088,mapillary,299193431921088,18.475901503459,73.86245656,158,378,263,62,62,0.531,opencv_hough_v1,candidate,2026-09-08T16:59:20.676660+00:00
c61288c6-8d4,mapillary_299193431921088,mapillary,299193431921088,18.475901503459,73.86245656,158,551,330,46,46,0.383,opencv_hough_v1,candidate,2026-09-08T16:59:20.682189+00:00
76f07515-0fa,mapillary_299193431921088,mapillary,299193431921088,18.475901503459,73.86245656,158,43,230,80,80,0.443,opencv_hough_v1,candidate,2026-09-08T16:59:20.692595+00:00
eabfb635-296,mapillary_299193431921088,mapillary,299193431921088,18.475901503459,73.86245656,158,8,327,64,64,0.423,opencv_hough_v1,candidate,2026-09-08T16:59:20.698415+00:00
4b9c4e10-91d,mapillary_299193431921088,mapillary,299193431921088,18.475901503459,73.86245656,158,86,238,62,62,0.507,opencv_hough_v1,candidate,2026-09-08T16:59:20.702966+00:00
95255d0e-9ca,mapillary_299193431921088,mapillary,299193431921088,18.475901503459,73.86245656,158,428,315,64,64,0.463,opencv_hough_v1,candidate,2026-09-08T16:59:20.708456+00:00
3c456375-26a,mapillary_299193431921088,mapillary,299193431921088,18.475901503459,73.86245656,158,250,342,46,46,0.388,opencv_hough_v1,candidate,2026-09-08T16:59:20.713696+00:00
99e82356-951,mapillary_299193431921088,mapillary,299193431921088,18.475901503459,73.86245656,158,296,249,64,64,0.537,opencv_hough_v1,candidate,2026-09-08T16:59:20.725847+00:00
9788aef6-3f2,mapillary_299193431921088,mapillary,299193431921088,18.475901503459,73.86245656,158,598,264,62,62,0.45,opencv_hough_v1,candidate,2026-09-08T16:59:20.731474+00:00
b3316c0e-965,mapillary_299193431921088,mapillary,299193431921088,18.475901503459,73.86245656,158,976,364,48,90,0.392,opencv_hough_v1,candidate,2026-09-08T16:59:20.737278+00:00
313f881c-934,mapillary_299193431921088,mapillary,299193431921088,18.475901503459,73.86245656,158,431,343,70,70,0.458,opencv_hough_v1,candidate,2026-09-08T16:59:20.749139+00:00
9db7e182-280,mapillary_299193431921088,mapillary,299193431921088,18.475901503459,73.86245656,158,0,398,114,114,0.515,opencv_hough_v1,candidate,2026-09-08T16:59:20.754262+00:00
47bd29b7-fca,mapillary_299193431921088,mapillary,299193431921088,18.475901503459,73.86245656,158,473,233,88,88,0.537,opencv_hough_v1,candidate,2026-09-08T16:59:20.780729+00:00
6df905ac-30c,mapillary_299193431921088,mapillary,299193431921088,18.475901503459,73.86245656,158,655,393,64,64,0.398,opencv_hough_v1,candidate,2026-09-08T16:59:20.787062+00:00
4015cef1-8fd,mapillary_299193431921088,mapillary,299193431921088,18.475901503459,73.86245656,158,0,277,58,58,0.569,opencv_hough_v1,candidate,2026-09-08T16:59:20.793089+00:00
cdd234a7-f3c,mapillary_299193431921088,mapillary,299193431921088,18.475901503459,73.86245656,158,0,229,88,88,0.491,opencv_hough_v1,candidate,2026-09-08T16:59:20.799367+00:00
11745550-20b,mapillary_299193431921088,mapillary,299193431921088,18.475901503459,73.86245656,158,490,290,54,54,0.507,opencv_hough_v1,candidate,2026-09-08T16:59:20.816764+00:00
b04a05f6-756,mapillary_162169205839816,mapillary,162169205839816,18.47596379601,73.862442244477,169,482,403,238,238,0.383,opencv_hough_v1,candidate,2026-09-08T16:59:21.458244+00:00
785e5070-399,mapillary_162169205839816,mapillary,162169205839816,18.47596379601,73.862442244477,169,470,572,186,186,0.432,opencv_hough_v1,candidate,2026-09-08T16:59:21.465665+00:00
20eae0fe-153,mapillary_162169205839816,mapillary,162169205839816,18.47596379601,73.862442244477,169,541,464,234,234,0.393,opencv_hough_v1,candidate,2026-09-08T16:59:21.472759+00:00
c0b5c406-96c,mapillary_162169205839816,mapillary,162169205839816,18.47596379601,73.862442244477,169,386,566,186,186,0.425,opencv_hough_v1,candidate,2026-09-08T16:59:21.480366+00:00
21a08f7e-704,mapillary_162169205839816,mapillary,162169205839816,18.47596379601,73.862442244477,169,560,574,190,190,0.434,opencv_hough_v1,candidate,2026-09-08T16:59:21.487587+00:00
fd51889e-2f8,mapillary_162169205839816,mapillary,162169205839816,18.47596379601,73.862442244477,169,358,404,238,238,0.387,opencv_hough_v1,candidate,2026-09-08T16:59:21.493397+00:00
e55facdb-f31,mapillary_162169205839816,mapillary,162169205839816,18.47596379601,73.862442244477,169,520,430,236,236,0.389,opencv_hough_v1,candidate,2026-09-08T16:59:21.500989+00:00
0caa1362-621,mapillary_162169205839816,mapillary,162169205839816,18.47596379601,73.862442244477,169,281,287,234,234,0.422,opencv_hough_v1,candidate,2026-09-08T16:59:21.507575+00:00
2f7f3e19-3c3,mapillary_162169205839816,mapillary,162169205839816,18.47596379601,73.862442244477,169,617,521,210,210,0.425,opencv_hough_v1,candidate,2026-09-08T16:59:21.514408+00:00
033fadc1-968,mapillary_162169205839816,mapillary,162169205839816,18.47596379601,73.862442244477,169,580,478,234,234,0.403,opencv_hough_v1,candidate,2026-09-08T16:59:21.520132+00:00
1d3c8446-c34,mapillary_162169205839816,mapillary,162169205839816,18.47596379601,73.862442244477,169,367,461,236,236,0.388,opencv_hough_v1,candidate,2026-09-08T16:59:21.526031+00:00
b0260151-6e8,mapillary_162169205839816,mapillary,162169205839816,18.47596379601,73.862442244477,169,405,333,228,228,0.393,opencv_hough_v1,candidate,2026-09-08T16:59:21.532093+00:00
c51bad95-609,mapillary_162169205839816,mapillary,162169205839816,18.47596379601,73.862442244477,169,452,417,238,238,0.385,opencv_hough_v1,candidate,2026-09-08T16:59:21.538228+00:00
f1302cc9-e49,mapillary_162169205839816,mapillary,162169205839816,18.47596379601,73.862442244477,169,649,580,172,172,0.463,opencv_hough_v1,candidate,2026-09-08T16:59:21.544609+00:00
a32829d1-35b,mapillary_162169205839816,mapillary,162169205839816,18.47596379601,73.862442244477,169,251,414,238,238,0.385,opencv_hough_v1,candidate,2026-09-08T16:59:21.551174+00:00
08ce76b7-a78,mapillary_162169205839816,mapillary,162169205839816,18.47596379601,73.862442244477,169,323,386,238,238,0.389,opencv_hough_v1,candidate,2026-09-08T16:59:21.557520+00:00
ac794240-c85,mapillary_162169205839816,mapillary,162169205839816,18.47596379601,73.862442244477,169,308,550,184,184,0.425,opencv_hough_v1,candidate,2026-09-08T16:59:21.563812+00:00
661cc472-e16,mapillary_162169205839816,mapillary,162169205839816,18.47596379601,73.862442244477,169,410,387,238,238,0.383,opencv_hough_v1,candidate,2026-09-08T16:59:21.570719+00:00
70ab5099-0d8,mapillary_162169205839816,mapillary,162169205839816,18.47596379601,73.862442244477,169,735,331,238,238,0.399,opencv_hough_v1,candidate,2026-09-08T16:59:21.576570+00:00
221e1a0f-5aa,mapillary_162169205839816,mapillary,162169205839816,18.47596379601,73.862442244477,169,780,348,230,230,0.406,opencv_hough_v1,candidate,2026-09-08T16:59:21.582753+00:00
656b9e6b-7ee,mapillary_162169205839816,mapillary,162169205839816,18.47596379601,73.862442244477,169,348,435,238,238,0.387,opencv_hough_v1,candidate,2026-09-08T16:59:21.588983+00:00
390e9d78-164,mapillary_162169205839816,mapillary,162169205839816,18.47596379601,73.862442244477,169,308,444,226,226,0.399,opencv_hough_v1,candidate,2026-09-08T16:59:21.595120+00:00
d723bdb9-e98,mapillary_162169205839816,mapillary,162169205839816,18.47596379601,73.862442244477,169,622,606,154,154,0.472,opencv_hough_v1,candidate,2026-09-08T16:59:21.600357+00:00
63984bb1-5e2,mapillary_162169205839816,mapillary,162169205839816,18.47596379601,73.862442244477,169,435,564,144,144,0.471,opencv_hough_v1,candidate,2026-09-08T16:59:21.606363+00:00
b8f198f3-e45,mapillary_162169205839816,mapillary,162169205839816,18.47596379601,73.862442244477,169,491,443,228,228,0.398,opencv_hough_v1,candidate,2026-09-08T16:59:21.613695+00:00
d0b5c634-f0b,mapillary_162169205839816,mapillary,162169205839816,18.47596379601,73.862442244477,169,100,369,226,226,0.404,opencv_hough_v1,candidate,2026-09-08T16:59:21.620285+00:00
6015f235-6c3,mapillary_162169205839816,mapillary,162169205839816,18.47596379601,73.862442244477,169,690,586,206,182,0.438,opencv_hough_v1,candidate,2026-09-08T16:59:21.625585+00:00
37b2e39a-dea,mapillary_162169205839816,mapillary,162169205839816,18.47596379601,73.862442244477,169,1,559,204,204,0.413,opencv_hough_v1,candidate,2026-09-08T16:59:21.631061+00:00
a226a8e6-3de,mapillary_162169205839816,mapillary,162169205839816,18.47596379601,73.862442244477,169,227,570,202,198,0.399,opencv_hough_v1,candidate,2026-09-08T16:59:21.636753+00:00
53e4dd1d-99d,mapillary_162169205839816,mapillary,162169205839816,18.47596379601,73.862442244477,169,354,561,176,176,0.435,opencv_hough_v1,candidate,2026-09-08T16:59:21.642134+00:00
d91e9da4-725,mapillary_162169205839816,mapillary,162169205839816,18.47596379601,73.862442244477,169,467,399,214,214,0.407,opencv_hough_v1,candidate,2026-09-08T16:59:21.648022+00:00
92e06cb0-70c,mapillary_162169205839816,mapillary,162169205839816,18.47596379601,73.862442244477,169,321,337,238,238,0.4,opencv_hough_v1,candidate,2026-09-08T16:59:21.653659+00:00
b4ea19a2-776,mapillary_162169205839816,mapillary,162169205839816,18.47596379601,73.862442244477,169,388,356,238,238,0.383,opencv_hough_v1,candidate,2026-09-08T16:59:21.659167+00:00
82755312-634,mapillary_162169205839816,mapillary,162169205839816,18.47596379601,73.862442244477,169,336,263,220,220,0.449,opencv_hough_v1,candidate,2026-09-08T16:59:21.664586+00:00
8cc29b36-d28,mapillary_162169205839816,mapillary,162169205839816,18.47596379601,73.862442244477,169,81,404,238,238,0.396,opencv_hough_v1,candidate,2026-09-08T16:59:21.670678+00:00
6f35ec3f-571,mapillary_162169205839816,mapillary,162169205839816,18.47596379601,73.862442244477,169,58,360,234,234,0.404,opencv_hough_v1,candidate,2026-09-08T16:59:21.677799+00:00
0f8a3eab-703,mapillary_162169205839816,mapillary,162169205839816,18.47596379601,73.862442244477,169,445,587,160,160,0.453,opencv_hough_v1,candidate,2026-09-08T16:59:21.684006+00:00
4f6a622e-68e,mapillary_162169205839816,mapillary,162169205839816,18.47596379601,73.862442244477,169,206,358,238,238,0.391,opencv_hough_v1,candidate,2026-09-08T16:59:21.689571+00:00
c636afd3-cbe,mapillary_162169205839816,mapillary,162169205839816,18.47596379601,73.862442244477,169,242,327,238,238,0.406,opencv_hough_v1,candidate,2026-09-08T16:59:21.695107+00:00
5a50d839-2fb,mapillary_162169205839816,mapillary,162169205839816,18.47596379601,73.862442244477,169,171,574,220,194,0.382,opencv_hough_v1,candidate,2026-09-08T16:59:21.700275+00:00
e0165aef-9a2,mapillary_162169205839816,mapillary,162169205839816,18.47596379601,73.862442244477,169,714,398,218,218,0.421,opencv_hough_v1,candidate,2026-09-08T16:59:21.705664+00:00
2f6a22d0-3ea,mapillary_162169205839816,mapillary,162169205839816,18.47596379601,73.862442244477,169,194,556,196,196,0.409,opencv_hough_v1,candidate,2026-09-08T16:59:21.711149+00:00
498bacc2-e12,mapillary_162169205839816,mapillary,162169205839816,18.47596379601,73.862442244477,169,524,576,162,162,0.458,opencv_hough_v1,candidate,2026-09-08T16:59:21.716644+00:00
3c435ae2-a9a,mapillary_162169205839816,mapillary,162169205839816,18.47596379601,73.862442244477,169,356,357,238,238,0.389,opencv_hough_v1,candidate,2026-09-08T16:59:21.722030+00:00
29e3de8b-7be,mapillary_162169205839816,mapillary,162169205839816,18.47596379601,73.862442244477,169,404,454,230,230,0.396,opencv_hough_v1,candidate,2026-09-08T16:59:21.727572+00:00
43fe34d7-7de,mapillary_162169205839816,mapillary,162169205839816,18.47596379601,73.862442244477,169,734,524,238,238,0.446,opencv_hough_v1,candidate,2026-09-08T16:59:21.732958+00:00
77490953-682,mapillary_162169205839816,mapillary,162169205839816,18.47596379601,73.862442244477,169,113,414,234,234,0.399,opencv_hough_v1,candidate,2026-09-08T16:59:21.739885+00:00
862db9c1-292,mapillary_162169205839816,mapillary,162169205839816,18.47596379601,73.862442244477,169,296,278,170,170,0.519,opencv_hough_v1,candidate,2026-09-08T16:59:21.746903+00:00
b9a97e49-076,mapillary_162169205839816,mapillary,162169205839816,18.47596379601,73.862442244477,169,458,334,238,238,0.391,opencv_hough_v1,candidate,2026-09-08T16:59:21.752570+00:00
0eaad345-88b,mapillary_162169205839816,mapillary,162169205839816,18.47596379601,73.862442244477,169,193,537,176,176,0.437,opencv_hough_v1,candidate,2026-09-08T16:59:21.757601+00:00
adf03018-8ed,mapillary_162169205839816,mapillary,162169205839816,18.47596379601,73.862442244477,169,11,457,236,236,0.394,opencv_hough_v1,candidate,2026-09-08T16:59:21.763315+00:00
d5c607bf-eb1,mapillary_162169205839816,mapillary,162169205839816,18.47596379601,73.862442244477,169,224,402,226,226,0.399,opencv_hough_v1,candidate,2026-09-08T16:59:21.768853+00:00
e0258829-05a,mapillary_162169205839816,mapillary,162169205839816,18.47596379601,73.862442244477,169,96,322,238,238,0.399,opencv_hough_v1,candidate,2026-09-08T16:59:21.774331+00:00
c81b68fe-6d0,mapillary_162169205839816,mapillary,162169205839816,18.47596379601,73.862442244477,169,702,520,238,238,0.437,opencv_hough_v1,candidate,2026-09-08T16:59:21.780726+00:00
b77c1c38-bf1,mapillary_162169205839816,mapillary,162169205839816,18.47596379601,73.862442244477,169,567,435,176,176,0.448,opencv_hough_v1,candidate,2026-09-08T16:59:21.786129+00:00
b0de4b68-693,mapillary_162169205839816,mapillary,162169205839816,18.47596379601,73.862442244477,169,286,403,238,238,0.387,opencv_hough_v1,candidate,2026-09-08T16:59:21.791960+00:00
f57fcfcc-0ab,mapillary_162169205839816,mapillary,162169205839816,18.47596379601,73.862442244477,169,69,301,202,202,0.435,opencv_hough_v1,candidate,2026-09-08T16:59:21.797309+00:00
8078a4a0-080,mapillary_162169205839816,mapillary,162169205839816,18.47596379601,73.862442244477,169,594,473,172,172,0.457,opencv_hough_v1,candidate,2026-09-08T16:59:21.803787+00:00
41362c5f-393,mapillary_162169205839816,mapillary,162169205839816,18.47596379601,73.862442244477,169,14,362,238,238,0.404,opencv_hough_v1,candidate,2026-09-08T16:59:21.810811+00:00
ea453e4d-f10,mapillary_162169205839816,mapillary,162169205839816,18.47596379601,73.862442244477,169,485,375,226,226,0.396,opencv_hough_v1,candidate,2026-09-08T16:59:21.816295+00:00
250e2430-78b,mapillary_162169205839816,mapillary,162169205839816,18.47596379601,73.862442244477,169,169,565,168,168,0.44,opencv_hough_v1,candidate,2026-09-08T16:59:21.822022+00:00
7e0c6ab7-c0c,mapillary_162169205839816,mapillary,162169205839816,18.47596379601,73.862442244477,169,56,324,238,238,0.404,opencv_hough_v1,candidate,2026-09-08T16:59:21.829186+00:00
6a8e82f1-00f,mapillary_162169205839816,mapillary,162169205839816,18.47596379601,73.862442244477,169,273,566,164,164,0.44,opencv_hough_v1,candidate,2026-09-08T16:59:21.835535+00:00
50b40398-d70,mapillary_162169205839816,mapillary,162169205839816,18.47596379601,73.862442244477,169,729,372,238,238,0.405,opencv_hough_v1,candidate,2026-09-08T16:59:21.840941+00:00
d100c6f2-017,mapillary_162169205839816,mapillary,162169205839816,18.47596379601,73.862442244477,169,683,585,172,172,0.47,opencv_hough_v1,candidate,2026-09-08T16:59:21.846541+00:00
28e00222-987,mapillary_162169205839816,mapillary,162169205839816,18.47596379601,73.862442244477,169,144,421,238,238,0.391,opencv_hough_v1,candidate,2026-09-08T16:59:21.852007+00:00
843b14fc-2dd,mapillary_162169205839816,mapillary,162169205839816,18.47596379601,73.862442244477,169,207,436,238,238,0.386,opencv_hough_v1,candidate,2026-09-08T16:59:21.857593+00:00
c6003b74-e87,mapillary_162169205839816,mapillary,162169205839816,18.47596379601,73.862442244477,169,420,314,206,206,0.425,opencv_hough_v1,candidate,2026-09-08T16:59:21.862952+00:00
0c39d865-311,mapillary_162169205839816,mapillary,162169205839816,18.47596379601,73.862442244477,169,276,369,238,238,0.392,opencv_hough_v1,candidate,2026-09-08T16:59:21.869956+00:00
b211939d-1f2,mapillary_162169205839816,mapillary,162169205839816,18.47596379601,73.862442244477,169,566,643,238,125,0.384,opencv_hough_v1,candidate,2026-09-08T16:59:21.876381+00:00
c13f0755-306,mapillary_162169205839816,mapillary,162169205839816,18.47596379601,73.862442244477,169,61,416,218,218,0.42,opencv_hough_v1,candidate,2026-09-08T16:59:21.881545+00:00
e61e1799-86b,mapillary_162169205839816,mapillary,162169205839816,18.47596379601,73.862442244477,169,20,396,238,238,0.398,opencv_hough_v1,candidate,2026-09-08T16:59:21.888364+00:00
355b99ea-62a,mapillary_162169205839816,mapillary,162169205839816,18.47596379601,73.862442244477,169,696,324,238,238,0.388,opencv_hough_v1,candidate,2026-09-08T16:59:21.893876+00:00
144a02ab-655,mapillary_162169205839816,mapillary,162169205839816,18.47596379601,73.862442244477,169,465,296,190,190,0.455,opencv_hough_v1,candidate,2026-09-08T16:59:21.899380+00:00
cc6b6e23-0b8,mapillary_162169205839816,mapillary,162169205839816,18.47596379601,73.862442244477,169,647,236,234,234,0.363,opencv_hough_v1,candidate,2026-09-08T16:59:21.905040+00:00
ad98d1af-f6c,mapillary_162169205839816,mapillary,162169205839816,18.47596379601,73.862442244477,169,746,582,178,178,0.492,opencv_hough_v1,candidate,2026-09-08T16:59:21.910365+00:00
c147657a-61a,mapillary_162169205839816,mapillary,162169205839816,18.47596379601,73.862442244477,169,390,554,138,138,0.475,opencv_hough_v1,candidate,2026-09-08T16:59:21.915378+00:00
582987e9-e57,mapillary_162169205839816,mapillary,162169205839816,18.47596379601,73.862442244477,169,462,638,238,130,0.374,opencv_hough_v1,candidate,2026-09-08T16:59:21.921334+00:00
2faca8a5-8aa,mapillary_162169205839816,mapillary,162169205839816,18.47596379601,73.862442244477,169,345,296,230,230,0.42,opencv_hough_v1,candidate,2026-09-08T16:59:21.926946+00:00
b2985e53-ca7,mapillary_162169205839816,mapillary,162169205839816,18.47596379601,73.862442244477,169,96,497,176,176,0.455,opencv_hough_v1,candidate,2026-09-08T16:59:21.933023+00:00
6e43cef4-85b,mapillary_162169205839816,mapillary,162169205839816,18.47596379601,73.862442244477,169,146,259,156,156,0.474,opencv_hough_v1,candidate,2026-09-08T16:59:21.939200+00:00
3eea58c5-a22,mapillary_162169205839816,mapillary,162169205839816,18.47596379601,73.862442244477,169,612,235,238,238,0.364,opencv_hough_v1,candidate,2026-09-08T16:59:21.945042+00:00
e479fd19-832,mapillary_162169205839816,mapillary,162169205839816,18.47596379601,73.862442244477,169,782,381,226,226,0.422,opencv_hough_v1,candidate,2026-09-08T16:59:21.951091+00:00
8b891f9a-67c,mapillary_162169205839816,mapillary,162169205839816,18.47596379601,73.862442244477,169,381,279,196,196,0.474,opencv_hough_v1,candidate,2026-09-08T16:59:21.957305+00:00
4ea941c7-e60,mapillary_162169205839816,mapillary,162169205839816,18.47596379601,73.862442244477,169,472,326,190,190,0.441,opencv_hough_v1,candidate,2026-09-08T16:59:21.964517+00:00
da948d02-1c8,mapillary_162169205839816,mapillary,162169205839816,18.47596379601,73.862442244477,169,428,453,172,172,0.459,opencv_hough_v1,candidate,2026-09-08T16:59:21.971046+00:00
f2689fd6-f3d,mapillary_162169205839816,mapillary,162169205839816,18.47596379601,73.862442244477,169,327,611,146,146,0.456,opencv_hough_v1,candidate,2026-09-08T16:59:21.977246+00:00
3a6f5afc-613,mapillary_162169205839816,mapillary,162169205839816,18.47596379601,73.862442244477,169,178,340,238,238,0.391,opencv_hough_v1,candidate,2026-09-08T16:59:21.983197+00:00
1f66c4da-ec7,mapillary_162169205839816,mapillary,162169205839816,18.47596379601,73.862442244477,169,362,318,238,238,0.399,opencv_hough_v1,candidate,2026-09-08T16:59:21.988979+00:00
40ead712-745,mapillary_162169205839816,mapillary,162169205839816,18.47596379601,73.862442244477,169,102,446,218,218,0.414,opencv_hough_v1,candidate,2026-09-08T16:59:21.994585+00:00
025336ef-e99,mapillary_162169205839816,mapillary,162169205839816,18.47596379601,73.862442244477,169,593,427,204,204,0.424,opencv_hough_v1,candidate,2026-09-08T16:59:22.002008+00:00
48b67dee-5b6,mapillary_162169205839816,mapillary,162169205839816,18.47596379601,73.862442244477,169,373,262,164,164,0.535,opencv_hough_v1,candidate,2026-09-08T16:59:22.008941+00:00
72d3d92f-f12,mapillary_162169205839816,mapillary,162169205839816,18.47596379601,73.862442244477,169,538,501,164,164,0.466,opencv_hough_v1,candidate,2026-09-08T16:59:22.015644+00:00
dc9d5ac7-a2c,mapillary_162169205839816,mapillary,162169205839816,18.47596379601,73.862442244477,169,564,567,112,112,0.459,opencv_hough_v1,candidate,2026-09-08T16:59:22.023622+00:00
9071ad22-134,mapillary_162169205839816,mapillary,162169205839816,18.47596379601,73.862442244477,169,705,295,238,238,0.383,opencv_hough_v1,candidate,2026-09-08T16:59:22.029948+00:00
66f4f086-da9,mapillary_162169205839816,mapillary,162169205839816,18.47596379601,73.862442244477,169,430,620,138,138,0.465,opencv_hough_v1,candidate,2026-09-08T16:59:22.035696+00:00
1d8ce3e7-9ab,mapillary_162169205839816,mapillary,162169205839816,18.47596379601,73.862442244477,169,162,370,222,222,0.406,opencv_hough_v1,candidate,2026-09-08T16:59:22.041242+00:00
ab93f72b-7cd,mapillary_162169205839816,mapillary,162169205839816,18.47596379601,73.862442244477,169,379,638,128,128,0.453,opencv_hough_v1,candidate,2026-09-08T16:59:22.046607+00:00
1a3d627b-fef,mapillary_162169205839816,mapillary,162169205839816,18.47596379601,73.862442244477,169,182,412,238,238,0.389,opencv_hough_v1,candidate,2026-09-08T16:59:22.052449+00:00
eaf7a88b-e7f,mapillary_162169205839816,mapillary,162169205839816,18.47596379601,73.862442244477,169,219,608,188,160,0.408,opencv_hough_v1,candidate,2026-09-08T16:59:22.059620+00:00
39bdb558-adf,mapillary_162169205839816,mapillary,162169205839816,18.47596379601,73.862442244477,169,228,509,164,164,0.456,opencv_hough_v1,candidate,2026-09-08T16:59:22.065756+00:00
22214962-077,mapillary_162169205839816,mapillary,162169205839816,18.47596379601,73.862442244477,169,555,315,212,212,0.401,opencv_hough_v1,candidate,2026-09-08T16:59:22.072624+00:00
0c96fe2a-1aa,mapillary_162169205839816,mapillary,162169205839816,18.47596379601,73.862442244477,169,5,463,190,190,0.442,opencv_hough_v1,candidate,2026-09-08T16:59:22.079905+00:00
51a81ac0-69c,mapillary_162169205839816,mapillary,162169205839816,18.47596379601,73.862442244477,169,419,258,154,154,0.533,opencv_hough_v1,candidate,2026-09-08T16:59:22.085504+00:00
69fbe48f-945,mapillary_162169205839816,mapillary,162169205839816,18.47596379601,73.862442244477,169,236,360,238,238,0.392,opencv_hough_v1,candidate,2026-09-08T16:59:22.091108+00:00
93d28de6-92a,mapillary_162169205839816,mapillary,162169205839816,18.47596379601,73.862442244477,169,498,514,148,148,0.48,opencv_hough_v1,candidate,2026-09-08T16:59:22.096346+00:00
5300c466-f14,mapillary_162169205839816,mapillary,162169205839816,18.47596379601,73.862442244477,169,583,302,218,218,0.391,opencv_hough_v1,candidate,2026-09-08T16:59:22.101940+00:00
41af4acd-b5c,mapillary_162169205839816,mapillary,162169205839816,18.47596379601,73.862442244477,169,592,270,214,214,0.395,opencv_hough_v1,candidate,2026-09-08T16:59:22.107936+00:00
12879ba1-861,mapillary_162169205839816,mapillary,162169205839816,18.47596379601,73.862442244477,169,343,260,164,164,0.539,opencv_hough_v1,candidate,2026-09-08T16:59:22.113323+00:00
86165086-7ad,mapillary_162169205839816,mapillary,162169205839816,18.47596379601,73.862442244477,169,2,558,154,154,0.47,opencv_hough_v1,candidate,2026-09-08T16:59:22.119036+00:00
a7ea9b49-17b,mapillary_162169205839816,mapillary,162169205839816,18.47596379601,73.862442244477,169,145,555,132,132,0.474,opencv_hough_v1,candidate,2026-09-08T16:59:22.124810+00:00
103b7026-e76,mapillary_162169205839816,mapillary,162169205839816,18.47596379601,73.862442244477,169,544,356,218,218,0.399,opencv_hough_v1,candidate,2026-09-08T16:59:22.130432+00:00
454e71c6-f26,mapillary_162169205839816,mapillary,162169205839816,18.47596379601,73.862442244477,169,144,498,184,184,0.442,opencv_hough_v1,candidate,2026-09-08T16:59:22.137122+00:00
677efd15-702,mapillary_162169205839816,mapillary,162169205839816,18.47596379601,73.862442244477,169,359,554,118,118,0.453,opencv_hough_v1,candidate,2026-09-08T16:59:22.143200+00:00
22b8fc60-806,mapillary_162169205839816,mapillary,162169205839816,18.47596379601,73.862442244477,169,490,570,118,118,0.456,opencv_hough_v1,candidate,2026-09-08T16:59:22.148228+00:00
df1e0ff1-123,mapillary_162169205839816,mapillary,162169205839816,18.47596379601,73.862442244477,169,533,565,112,112,0.455,opencv_hough_v1,candidate,2026-09-08T16:59:22.153549+00:00
799ab5ad-dfc,mapillary_162169205839816,mapillary,162169205839816,18.47596379601,73.862442244477,169,229,650,234,118,0.362,opencv_hough_v1,candidate,2026-09-08T16:59:22.158659+00:00
996a0602-e74,mapillary_162169205839816,mapillary,162169205839816,18.47596379601,73.862442244477,169,132,382,230,230,0.4,opencv_hough_v1,candidate,2026-09-08T16:59:22.164519+00:00
2fe447a3-391,mapillary_162169205839816,mapillary,162169205839816,18.47596379601,73.862442244477,169,528,653,210,115,0.407,opencv_hough_v1,candidate,2026-09-08T16:59:22.170034+00:00
2f06e2b5-383,mapillary_162169205839816,mapillary,162169205839816,18.47596379601,73.862442244477,169,526,297,186,186,0.451,opencv_hough_v1,candidate,2026-09-08T16:59:22.175545+00:00
a7b6b558-718,mapillary_162169205839816,mapillary,162169205839816,18.47596379601,73.862442244477,169,243,297,130,130,0.515,opencv_hough_v1,candidate,2026-09-08T16:59:22.181076+00:00
040a48ae-4c3,mapillary_162169205839816,mapillary,162169205839816,18.47596379601,73.862442244477,169,540,353,124,124,0.475,opencv_hough_v1,candidate,2026-09-08T16:59:22.187582+00:00
555860ac-afb,mapillary_162169205839816,mapillary,162169205839816,18.47596379601,73.862442244477,169,310,257,152,152,0.561,opencv_hough_v1,candidate,2026-09-08T16:59:22.194926+00:00
a6c42d73-06e,mapillary_162169205839816,mapillary,162169205839816,18.47596379601,73.862442244477,169,782,423,238,238,0.433,opencv_hough_v1,candidate,2026-09-08T16:59:22.203619+00:00
ced9e8cc-ef3,mapillary_162169205839816,mapillary,162169205839816,18.47596379601,73.862442244477,169,36,262,162,162,0.458,opencv_hough_v1,candidate,2026-09-08T16:59:22.209801+00:00
ab22d81c-1d3,mapillary_162169205839816,mapillary,162169205839816,18.47596379601,73.862442244477,169,263,509,160,160,0.46,opencv_hough_v1,candidate,2026-09-08T16:59:22.215215+00:00
f811faf9-d34,mapillary_162169205839816,mapillary,162169205839816,18.47596379601,73.862442244477,169,618,579,130,130,0.476,opencv_hough_v1,candidate,2026-09-08T16:59:22.220762+00:00
f1fb4fd1-b70,mapillary_162169205839816,mapillary,162169205839816,18.47596379601,73.862442244477,169,575,635,128,128,0.467,opencv_hough_v1,candidate,2026-09-08T16:59:22.226503+00:00
139bb5e1-8de,mapillary_162169205839816,mapillary,162169205839816,18.47596379601,73.862442244477,169,591,573,118,118,0.463,opencv_hough_v1,candidate,2026-09-08T16:59:22.232287+00:00
2f223935-1a4,mapillary_162169205839816,mapillary,162169205839816,18.47596379601,73.862442244477,169,819,260,164,164,0.483,opencv_hough_v1,candidate,2026-09-08T16:59:22.237775+00:00
132e0e64-e89,mapillary_162169205839816,mapillary,162169205839816,18.47596379601,73.862442244477,169,541,649,144,119,0.472,opencv_hough_v1,candidate,2026-09-08T16:59:22.243161+00:00
c92ff538-55d,mapillary_162169205839816,mapillary,162169205839816,18.47596379601,73.862442244477,169,668,410,230,230,0.401,opencv_hough_v1,candidate,2026-09-08T16:59:22.248463+00:00
3924e8d1-aff,mapillary_162169205839816,mapillary,162169205839816,18.47596379601,73.862442244477,169,123,593,146,146,0.464,opencv_hough_v1,candidate,2026-09-08T16:59:22.254322+00:00
e4a75354-e2e,mapillary_162169205839816,mapillary,162169205839816,18.47596379601,73.862442244477,169,300,550,146,146,0.466,opencv_hough_v1,candidate,2026-09-08T16:59:22.261164+00:00
6dad726c-1ff,mapillary_162169205839816,mapillary,162169205839816,18.47596379601,73.862442244477,169,83,625,136,136,0.463,opencv_hough_v1,candidate,2026-09-08T16:59:22.268119+00:00
eca3dab3-6b3,mapillary_162169205839816,mapillary,162169205839816,18.47596379601,73.862442244477,169,477,635,122,122,0.452,opencv_hough_v1,candidate,2026-09-08T16:59:22.273606+00:00
1a3aff54-7e7,mapillary_162169205839816,mapillary,162169205839816,18.47596379601,73.862442244477,169,554,375,238,238,0.381,opencv_hough_v1,candidate,2026-09-08T16:59:22.280019+00:00
69c8d4e9-f6e,mapillary_162169205839816,mapillary,162169205839816,18.47596379601,73.862442244477,169,755,502,238,238,0.455,opencv_hough_v1,candidate,2026-09-08T16:59:22.286217+00:00
7e0a0a21-91f,mapillary_162169205839816,mapillary,162169205839816,18.47596379601,73.862442244477,169,59,336,172,172,0.477,opencv_hough_v1,candidate,2026-09-08T16:59:22.291615+00:00
b44bdd08-edd,mapillary_162169205839816,mapillary,162169205839816,18.47596379601,73.862442244477,169,111,558,132,132,0.476,opencv_hough_v1,candidate,2026-09-08T16:59:22.297160+00:00
08fbfd6e-23d,mapillary_162169205839816,mapillary,162169205839816,18.47596379601,73.862442244477,169,742,409,226,226,0.427,opencv_hough_v1,candidate,2026-09-08T16:59:22.302612+00:00
9ec4702c-331,mapillary_162169205839816,mapillary,162169205839816,18.47596379601,73.862442244477,169,786,537,222,222,0.478,opencv_hough_v1,candidate,2026-09-08T16:59:22.308255+00:00
290601b3-98c,mapillary_162169205839816,mapillary,162169205839816,18.47596379601,73.862442244477,169,0,414,204,204,0.433,opencv_hough_v1,candidate,2026-09-08T16:59:22.316210+00:00
a19af3fd-fd3,mapillary_162169205839816,mapillary,162169205839816,18.47596379601,73.862442244477,169,122,301,204,204,0.43,opencv_hough_v1,candidate,2026-09-08T16:59:22.322455+00:00
153cdb11-127,mapillary_162169205839816,mapillary,162169205839816,18.47596379601,73.862442244477,169,864,390,146,146,0.493,opencv_hough_v1,candidate,2026-09-08T16:59:22.329642+00:00
a88a2550-d72,mapillary_162169205839816,mapillary,162169205839816,18.47596379601,73.862442244477,169,390,517,130,130,0.477,opencv_hough_v1,candidate,2026-09-08T16:59:22.337340+00:00
1d10d0cb-d76,mapillary_162169205839816,mapillary,162169205839816,18.47596379601,73.862442244477,169,288,333,226,226,0.417,opencv_hough_v1,candidate,2026-09-08T16:59:22.343505+00:00
3c784888-b9e,mapillary_162169205839816,mapillary,162169205839816,18.47596379601,73.862442244477,169,0,596,146,146,0.469,opencv_hough_v1,candidate,2026-09-08T16:59:22.349323+00:00
334108ab-3dc,mapillary_162169205839816,mapillary,162169205839816,18.47596379601,73.862442244477,169,7,532,136,136,0.486,opencv_hough_v1,candidate,2026-09-08T16:59:22.355578+00:00
20d36926-8b3,mapillary_162169205839816,mapillary,162169205839816,18.47596379601,73.862442244477,169,627,306,202,202,0.397,opencv_hough_v1,candidate,2026-09-08T16:59:22.361350+00:00
680b144d-8cd,mapillary_162169205839816,mapillary,162169205839816,18.47596379601,73.862442244477,169,541,344,176,176,0.446,opencv_hough_v1,candidate,2026-09-08T16:59:22.366733+00:00
a05f9bc2-14b,mapillary_162169205839816,mapillary,162169205839816,18.47596379601,73.862442244477,169,784,266,162,162,0.484,opencv_hough_v1,candidate,2026-09-08T16:59:22.372853+00:00
0de32a21-f18,mapillary_162169205839816,mapillary,162169205839816,18.47596379601,73.862442244477,169,719,579,156,156,0.493,opencv_hough_v1,candidate,2026-09-08T16:59:22.379509+00:00
c631d31a-e2e,mapillary_162169205839816,mapillary,162169205839816,18.47596379601,73.862442244477,169,870,357,148,148,0.5,opencv_hough_v1,candidate,2026-09-08T16:59:22.385558+00:00
a6bdb948-cf8,mapillary_162169205839816,mapillary,162169205839816,18.47596379601,73.862442244477,169,5,381,140,140,0.518,opencv_hough_v1,candidate,2026-09-08T16:59:22.393447+00:00
be803328-4ad,mapillary_162169205839816,mapillary,162169205839816,18.47596379601,73.862442244477,169,277,271,122,122,0.545,opencv_hough_v1,candidate,2026-09-08T16:59:22.401887+00:00
fde2fb6a-c9c,mapillary_162169205839816,mapillary,162169205839816,18.47596379601,73.862442244477,169,141,645,228,123,0.368,opencv_hough_v1,candidate,2026-09-08T16:59:22.408688+00:00
ebba3a5c-c71,mapillary_162169205839816,mapillary,162169205839816,18.47596379601,73.862442244477,169,813,453,211,220,0.469,opencv_hough_v1,candidate,2026-09-08T16:59:22.414258+00:00
2914166f-d44,mapillary_162169205839816,mapillary,162169205839816,18.47596379601,73.862442244477,169,637,486,162,162,0.48,opencv_hough_v1,candidate,2026-09-08T16:59:22.420922+00:00
3d4d2975-f4d,mapillary_162169205839816,mapillary,162169205839816,18.47596379601,73.862442244477,169,813,617,152,151,0.534,opencv_hough_v1,candidate,2026-09-08T16:59:22.427288+00:00
1eb1ed4c-b54,mapillary_162169205839816,mapillary,162169205839816,18.47596379601,73.862442244477,169,680,642,110,110,0.46,opencv_hough_v1,candidate,2026-09-08T16:59:22.433427+00:00
de382aa3-f6f,mapillary_162169205839816,mapillary,162169205839816,18.47596379601,73.862442244477,169,657,346,238,238,0.378,opencv_hough_v1,candidate,2026-09-08T16:59:22.439637+00:00
0aada49b-e21,mapillary_162169205839816,mapillary,162169205839816,18.47596379601,73.862442244477,169,439,376,198,198,0.42,opencv_hough_v1,candidate,2026-09-08T16:59:22.445527+00:00
f8924ae2-a66,mapillary_162169205839816,mapillary,162169205839816,18.47596379601,73.862442244477,169,378,664,188,104,0.416,opencv_hough_v1,candidate,2026-09-08T16:59:22.451560+00:00
66c2929d-e73,mapillary_162169205839816,mapillary,162169205839816,18.47596379601,73.862442244477,169,224,337,172,172,0.46,opencv_hough_v1,candidate,2026-09-08T16:59:22.457028+00:00
c53d44a1-8b5,mapillary_162169205839816,mapillary,162169205839816,18.47596379601,73.862442244477,169,799,348,170,170,0.453,opencv_hough_v1,candidate,2026-09-08T16:59:22.462943+00:00
c3f2a960-c77,mapillary_162169205839816,mapillary,162169205839816,18.47596379601,73.862442244477,169,348,309,136,136,0.544,opencv_hough_v1,candidate,2026-09-08T16:59:22.469935+00:00
d21d4d91-13b,mapillary_162169205839816,mapillary,162169205839816,18.47596379601,73.862442244477,169,29,265,118,118,0.432,opencv_hough_v1,candidate,2026-09-08T16:59:22.476799+00:00
b1188a51-b18,mapillary_162169205839816,mapillary,162169205839816,18.47596379601,73.862442244477,169,652,313,214,214,0.385,opencv_hough_v1,candidate,2026-09-08T16:59:22.482285+00:00
8d4c775c-299,mapillary_162169205839816,mapillary,162169205839816,18.47596379601,73.862442244477,169,664,503,168,168,0.487,opencv_hough_v1,candidate,2026-09-08T16:59:22.488108+00:00
7a3c5e7a-c40,mapillary_162169205839816,mapillary,162169205839816,18.47596379601,73.862442244477,169,28,357,156,156,0.504,opencv_hough_v1,candidate,2026-09-08T16:59:22.494060+00:00
70aa5af2-c81,mapillary_162169205839816,mapillary,162169205839816,18.47596379601,73.862442244477,169,846,239,146,146,0.478,opencv_hough_v1,candidate,2026-09-08T16:59:22.499212+00:00
6c47e187-6d9,mapillary_162169205839816,mapillary,162169205839816,18.47596379601,73.862442244477,169,482,271,144,144,0.537,opencv_hough_v1,candidate,2026-09-08T16:59:22.504306+00:00
b4069287-8b9,mapillary_162169205839816,mapillary,162169205839816,18.47596379601,73.862442244477,169,32,227,136,136,0.429,opencv_hough_v1,candidate,2026-09-08T16:59:22.509692+00:00
ce127ac9-f2e,mapillary_162169205839816,mapillary,162169205839816,18.47596379601,73.862442244477,169,809,516,215,228,0.479,opencv_hough_v1,candidate,2026-09-08T16:59:22.514833+00:00
c1045174-62a,mapillary_162169205839816,mapillary,162169205839816,18.47596379601,73.862442244477,169,690,388,210,210,0.412,opencv_hough_v1,candidate,2026-09-08T16:59:22.520057+00:00
8f483536-dfa,mapillary_162169205839816,mapillary,162169205839816,18.47596379601,73.862442244477,169,98,483,144,144,0.493,opencv_hough_v1,candidate,2026-09-08T16:59:22.524667+00:00
a1a0b2be-690,mapillary_162169205839816,mapillary,162169205839816,18.47596379601,73.862442244477,169,719,450,238,238,0.427,opencv_hough_v1,candidate,2026-09-08T16:59:22.530810+00:00
9fed2ac8-271,mapillary_162169205839816,mapillary,162169205839816,18.47596379601,73.862442244477,169,206,633,220,135,0.375,opencv_hough_v1,candidate,2026-09-08T16:59:22.536914+00:00
fab72a87-069,mapillary_162169205839816,mapillary,162169205839816,18.47596379601,73.862442244477,169,475,173,204,204,0.533,opencv_hough_v1,candidate,2026-09-08T16:59:22.542144+00:00
ec3930a8-4bc,mapillary_162169205839816,mapillary,162169205839816,18.47596379601,73.862442244477,169,542,412,178,178,0.44,opencv_hough_v1,candidate,2026-09-08T16:59:22.547165+00:00
3665dd92-0e7,mapillary_162169205839816,mapillary,162169205839816,18.47596379601,73.862442244477,169,319,512,144,144,0.479,opencv_hough_v1,candidate,2026-09-08T16:59:22.552135+00:00
a448d098-d01,mapillary_162169205839816,mapillary,162169205839816,18.47596379601,73.862442244477,169,824,324,144,144,0.525,opencv_hough_v1,candidate,2026-09-08T16:59:22.556962+00:00
f55c3ec9-de9,mapillary_162169205839816,mapillary,162169205839816,18.47596379601,73.862442244477,169,81,586,124,124,0.462,opencv_hough_v1,candidate,2026-09-08T16:59:22.561796+00:00
db60cb8e-37f,mapillary_162169205839816,mapillary,162169205839816,18.47596379601,73.862442244477,169,81,259,152,152,0.466,opencv_hough_v1,candidate,2026-09-08T16:59:22.566647+00:00
8152f2b1-71e,mapillary_162169205839816,mapillary,162169205839816,18.47596379601,73.862442244477,169,251,571,140,140,0.464,opencv_hough_v1,candidate,2026-09-08T16:59:22.571840+00:00
73e50e7f-480,mapillary_162169205839816,mapillary,162169205839816,18.47596379601,73.862442244477,169,204,297,130,130,0.489,opencv_hough_v1,candidate,2026-09-08T16:59:22.576784+00:00
bcf173f2-8a6,mapillary_162169205839816,mapillary,162169205839816,18.47596379601,73.862442244477,169,525,304,110,110,0.52,opencv_hough_v1,candidate,2026-09-08T16:59:22.582719+00:00
7b443932-4ea,mapillary_162169205839816,mapillary,162169205839816,18.47596379601,73.862442244477,169,422,658,218,110,0.391,opencv_hough_v1,candidate,2026-09-08T16:59:22.588516+00:00
ad272999-81c,mapillary_162169205839816,mapillary,162169205839816,18.47596379601,73.862442244477,169,629,213,198,198,0.384,opencv_hough_v1,candidate,2026-09-08T16:59:22.593515+00:00
9084202f-ad9,mapillary_162169205839816,mapillary,162169205839816,18.47596379601,73.862442244477,169,515,650,120,118,0.454,opencv_hough_v1,candidate,2026-09-08T16:59:22.598393+00:00
cbde6047-7ab,mapillary_162169205839816,mapillary,162169205839816,18.47596379601,73.862442244477,169,719,553,106,106,0.471,opencv_hough_v1,candidate,2026-09-08T16:59:22.603299+00:00
3d6591fd-15c,mapillary_162169205839816,mapillary,162169205839816,18.47596379601,73.862442244477,169,336,657,210,111,0.393,opencv_hough_v1,candidate,2026-09-08T16:59:22.608143+00:00
15108295-711,mapillary_162169205839816,mapillary,162169205839816,18.47596379601,73.862442244477,169,0,456,162,162,0.465,opencv_hough_v1,candidate,2026-09-08T16:59:22.613203+00:00
f9cc62ae-ed6,mapillary_162169205839816,mapillary,162169205839816,18.47596379601,73.862442244477,169,743,398,156,156,0.451,opencv_hough_v1,candidate,2026-09-08T16:59:22.618303+00:00
848cb43e-d2f,mapillary_162169205839816,mapillary,162169205839816,18.47596379601,73.862442244477,169,32,623,136,136,0.465,opencv_hough_v1,candidate,2026-09-08T16:59:22.623806+00:00
5cda1512-f7b,mapillary_162169205839816,mapillary,162169205839816,18.47596379601,73.862442244477,169,60,561,112,112,0.461,opencv_hough_v1,candidate,2026-09-08T16:59:22.629074+00:00
0aaaa731-1ef,mapillary_162169205839816,mapillary,162169205839816,18.47596379601,73.862442244477,169,162,235,146,146,0.484,opencv_hough_v1,candidate,2026-09-08T16:59:22.634296+00:00
35888981-24d,mapillary_162169205839816,mapillary,162169205839816,18.47596379601,73.862442244477,169,691,577,124,124,0.485,opencv_hough_v1,candidate,2026-09-08T16:59:22.640624+00:00
6df33fb8-3da,mapillary_162169205839816,mapillary,162169205839816,18.47596379601,73.862442244477,169,438,551,114,114,0.456,opencv_hough_v1,candidate,2026-09-08T16:59:22.646694+00:00
66cebce6-9a0,mapillary_162169205839816,mapillary,162169205839816,18.47596379601,73.862442244477,169,0,403,164,164,0.474,opencv_hough_v1,candidate,2026-09-08T16:59:22.653052+00:00
878f0954-273,mapillary_162169205839816,mapillary,162169205839816,18.47596379601,73.862442244477,169,9,352,88,88,0.53,opencv_hough_v1,candidate,2026-09-08T16:59:22.658436+00:00
5f0c676b-0a2,mapillary_162169205839816,mapillary,162169205839816,18.47596379601,73.862442244477,169,282,240,124,124,0.534,opencv_hough_v1,candidate,2026-09-08T16:59:22.663391+00:00
b82c17a0-b0d,mapillary_162169205839816,mapillary,162169205839816,18.47596379601,73.862442244477,169,634,661,104,104,0.442,opencv_hough_v1,candidate,2026-09-08T16:59:22.668299+00:00
8d67da6f-b70,mapillary_162169205839816,mapillary,162169205839816,18.47596379601,73.862442244477,169,634,261,138,138,0.424,opencv_hough_v1,candidate,2026-09-08T16:59:22.673425+00:00
b43be4d1-759,mapillary_162169205839816,mapillary,162169205839816,18.47596379601,73.862442244477,169,0,314,202,202,0.476,opencv_hough_v1,candidate,2026-09-08T16:59:22.678495+00:00
7834d103-806,mapillary_162169205839816,mapillary,162169205839816,18.47596379601,73.862442244477,169,782,641,122,122,0.497,opencv_hough_v1,candidate,2026-09-08T16:59:22.683647+00:00
85ca26c9-817,mapillary_162169205839816,mapillary,162169205839816,18.47596379601,73.862442244477,169,323,630,94,94,0.412,opencv_hough_v1,candidate,2026-09-08T16:59:22.688559+00:00
978fec93-fc1,mapillary_162169205839816,mapillary,162169205839816,18.47596379601,73.862442244477,169,946,359,78,122,0.481,opencv_hough_v1,candidate,2026-09-08T16:59:22.695236+00:00
477e71dc-980,mapillary_162169205839816,mapillary,162169205839816,18.47596379601,73.862442244477,169,189,635,146,133,0.449,opencv_hough_v1,candidate,2026-09-08T16:59:22.701301+00:00
8aeb8c85-6e5,mapillary_162169205839816,mapillary,162169205839816,18.47596379601,73.862442244477,169,39,301,144,144,0.509,opencv_hough_v1,candidate,2026-09-08T16:59:22.705878+00:00
8fc16219-7bb,mapillary_162169205839816,mapillary,162169205839816,18.47596379601,73.862442244477,169,10,646,102,102,0.431,opencv_hough_v1,candidate,2026-09-08T16:59:22.711039+00:00
43f0cb52-d01,mapillary_162169205839816,mapillary,162169205839816,18.47596379601,73.862442244477,169,148,272,94,94,0.449,opencv_hough_v1,candidate,2026-09-08T16:59:22.716092+00:00
7bf106fd-b62,mapillary_162169205839816,mapillary,162169205839816,18.47596379601,73.862442244477,169,561,653,72,72,0.418,opencv_hough_v1,candidate,2026-09-08T16:59:22.720828+00:00
6cc7c6fb-418,mapillary_162169205839816,mapillary,162169205839816,18.47596379601,73.862442244477,169,465,306,130,130,0.494,opencv_hough_v1,candidate,2026-09-08T16:59:22.726231+00:00
e4163aae-7b4,mapillary_162169205839816,mapillary,162169205839816,18.47596379601,73.862442244477,169,0,617,108,108,0.442,opencv_hough_v1,candidate,2026-09-08T16:59:22.731069+00:00
4ab530b5-6dc,mapillary_162169205839816,mapillary,162169205839816,18.47596379601,73.862442244477,169,170,639,102,102,0.422,opencv_hough_v1,candidate,2026-09-08T16:59:22.736060+00:00
9e170c50-169,mapillary_162169205839816,mapillary,162169205839816,18.47596379601,73.862442244477,169,690,247,140,140,0.432,opencv_hough_v1,candidate,2026-09-08T16:59:22.740828+00:00
86fde69a-ba8,mapillary_162169205839816,mapillary,162169205839816,18.47596379601,73.862442244477,169,668,698,138,70,0.484,opencv_hough_v1,candidate,2026-09-08T16:59:22.745942+00:00
a45ef357-301,mapillary_162169205839816,mapillary,162169205839816,18.47596379601,73.862442244477,169,272,340,130,130,0.488,opencv_hough_v1,candidate,2026-09-08T16:59:22.752316+00:00
862d54bc-bd7,mapillary_162169205839816,mapillary,162169205839816,18.47596379601,73.862442244477,169,241,343,98,98,0.452,opencv_hough_v1,candidate,2026-09-08T16:59:22.758416+00:00
ff74d128-989,mapillary_162169205839816,mapillary,162169205839816,18.47596379601,73.862442244477,169,613,160,234,234,0.366,opencv_hough_v1,candidate,2026-09-08T16:59:22.763074+00:00
d2c06dfd-00c,mapillary_162169205839816,mapillary,162169205839816,18.47596379601,73.862442244477,169,120,292,148,148,0.486,opencv_hough_v1,candidate,2026-09-08T16:59:22.767940+00:00
25622692-d17,mapillary_162169205839816,mapillary,162169205839816,18.47596379601,73.862442244477,169,408,673,110,95,0.434,opencv_hough_v1,candidate,2026-09-08T16:59:22.772680+00:00
7befa3a9-cef,mapillary_162169205839816,mapillary,162169205839816,18.47596379601,73.862442244477,169,768,320,98,98,0.497,opencv_hough_v1,candidate,2026-09-08T16:59:22.777549+00:00
c2bcc628-ad1,mapillary_162169205839816,mapillary,162169205839816,18.47596379601,73.862442244477,169,0,543,132,132,0.481,opencv_hough_v1,candidate,2026-09-08T16:59:22.782318+00:00
1fbd1df8-5f6,mapillary_162169205839816,mapillary,162169205839816,18.47596379601,73.862442244477,169,390,260,104,104,0.558,opencv_hough_v1,candidate,2026-09-08T16:59:22.787422+00:00
e2a30730-60e,mapillary_162169205839816,mapillary,162169205839816,18.47596379601,73.862442244477,169,315,663,96,96,0.415,opencv_hough_v1,candidate,2026-09-08T16:59:22.792707+00:00
4038eb14-a62,mapillary_162169205839816,mapillary,162169205839816,18.47596379601,73.862442244477,169,663,155,236,236,0.371,opencv_hough_v1,candidate,2026-09-08T16:59:22.797857+00:00
aaf0d277-56b,mapillary_162169205839816,mapillary,162169205839816,18.47596379601,73.862442244477,169,613,365,156,156,0.449,opencv_hough_v1,candidate,2026-09-08T16:59:22.803911+00:00
79ce2713-218,mapillary_162169205839816,mapillary,162169205839816,18.47596379601,73.862442244477,169,59,245,136,136,0.446,opencv_hough_v1,candidate,2026-09-08T16:59:22.809460+00:00
cfda120f-c3d,mapillary_162169205839816,mapillary,162169205839816,18.47596379601,73.862442244477,169,25,659,128,109,0.453,opencv_hough_v1,candidate,2026-09-08T16:59:22.814174+00:00
531a0255-d14,mapillary_162169205839816,mapillary,162169205839816,18.47596379601,73.862442244477,169,532,243,120,120,0.581,opencv_hough_v1,candidate,2026-09-08T16:59:22.819123+00:00
9b8537db-e7d,mapillary_162169205839816,mapillary,162169205839816,18.47596379601,73.862442244477,169,182,308,114,114,0.466,opencv_hough_v1,candidate,2026-09-08T16:59:22.823945+00:00
15d77939-0f8,mapillary_162169205839816,mapillary,162169205839816,18.47596379601,73.862442244477,169,458,247,110,110,0.544,opencv_hough_v1,candidate,2026-09-08T16:59:22.829544+00:00
85969562-ffd,mapillary_162169205839816,mapillary,162169205839816,18.47596379601,73.862442244477,169,241,288,86,86,0.47,opencv_hough_v1,candidate,2026-09-08T16:59:22.834372+00:00
75e02f6e-86c,mapillary_162169205839816,mapillary,162169205839816,18.47596379601,73.862442244477,169,221,164,198,198,0.419,opencv_hough_v1,candidate,2026-09-08T16:59:22.840126+00:00
c6dd6b8d-126,mapillary_162169205839816,mapillary,162169205839816,18.47596379601,73.862442244477,169,146,668,96,96,0.417,opencv_hough_v1,candidate,2026-09-08T16:59:22.846933+00:00
ca51ed7c-ac8,mapillary_162169205839816,mapillary,162169205839816,18.47596379601,73.862442244477,169,755,687,96,81,0.457,opencv_hough_v1,candidate,2026-09-08T16:59:22.852247+00:00
b3185ddc-dbe,mapillary_162169205839816,mapillary,162169205839816,18.47596379601,73.862442244477,169,26,178,198,198,0.415,opencv_hough_v1,candidate,2026-09-08T16:59:22.857116+00:00
e0fe83f7-e56,mapillary_162169205839816,mapillary,162169205839816,18.47596379601,73.862442244477,169,52,667,190,101,0.412,opencv_hough_v1,candidate,2026-09-08T16:59:22.863938+00:00
075980e1-eb8,mapillary_162169205839816,mapillary,162169205839816,18.47596379601,73.862442244477,169,0,426,184,184,0.439,opencv_hough_v1,candidate,2026-09-08T16:59:22.870554+00:00
ecd13a35-04a,mapillary_162169205839816,mapillary,162169205839816,18.47596379601,73.862442244477,169,216,507,136,136,0.483,opencv_hough_v1,candidate,2026-09-08T16:59:22.875534+00:00
01097e59-18e,mapillary_162169205839816,mapillary,162169205839816,18.47596379601,73.862442244477,169,296,309,106,106,0.502,opencv_hough_v1,candidate,2026-09-08T16:59:22.880517+00:00
32f4a079-591,mapillary_162169205839816,mapillary,162169205839816,18.47596379601,73.862442244477,169,43,356,102,102,0.514,opencv_hough_v1,candidate,2026-09-08T16:59:22.885617+00:00
80e4763f-90c,mapillary_162169205839816,mapillary,162169205839816,18.47596379601,73.862442244477,169,718,672,94,94,0.448,opencv_hough_v1,candidate,2026-09-08T16:59:22.890297+00:00
7413aa5e-13d,mapillary_162169205839816,mapillary,162169205839816,18.47596379601,73.862442244477,169,114,664,202,104,0.394,opencv_hough_v1,candidate,2026-09-08T16:59:22.895799+00:00
b7b32812-a3e,mapillary_162169205839816,mapillary,162169205839816,18.47596379601,73.862442244477,169,802,672,190,96,0.468,opencv_hough_v1,candidate,2026-09-08T16:59:22.900913+00:00
3c20de5e-9b8,mapillary_162169205839816,mapillary,162169205839816,18.47596379601,73.862442244477,169,0,396,180,180,0.458,opencv_hough_v1,candidate,2026-09-08T16:59:22.905824+00:00
f94b2b2e-dec,mapillary_162169205839816,mapillary,162169205839816,18.47596379601,73.862442244477,169,498,680,118,88,0.448,opencv_hough_v1,candidate,2026-09-08T16:59:22.910808+00:00
7af12a89-358,mapillary_162169205839816,mapillary,162169205839816,18.47596379601,73.862442244477,169,835,511,164,164,0.553,opencv_hough_v1,candidate,2026-09-08T16:59:22.916743+00:00
33b8caf0-41c,mapillary_162169205839816,mapillary,162169205839816,18.47596379601,73.862442244477,169,300,204,148,148,0.509,opencv_hough_v1,candidate,2026-09-08T16:59:22.922687+00:00
d3b894f1-9b2,mapillary_162169205839816,mapillary,162169205839816,18.47596379601,73.862442244477,169,101,554,96,96,0.448,opencv_hough_v1,candidate,2026-09-08T16:59:22.927513+00:00
8686493e-6f3,mapillary_162169205839816,mapillary,162169205839816,18.47596379601,73.862442244477,169,357,671,88,88,0.409,opencv_hough_v1,candidate,2026-09-08T16:59:22.931970+00:00
df46d3d0-194,mapillary_162169205839816,mapillary,162169205839816,18.47596379601,73.862442244477,169,935,393,82,82,0.444,opencv_hough_v1,candidate,2026-09-08T16:59:22.936960+00:00
e8c227bc-487,mapillary_162169205839816,mapillary,162169205839816,18.47596379601,73.862442244477,169,366,262,78,78,0.508,opencv_hough_v1,candidate,2026-09-08T16:59:22.942330+00:00
24e15f05-937,mapillary_162169205839816,mapillary,162169205839816,18.47596379601,73.862442244477,169,691,689,76,76,0.424,opencv_hough_v1,candidate,2026-09-08T16:59:22.948403+00:00
a8d0700b-672,mapillary_162169205839816,mapillary,162169205839816,18.47596379601,73.862442244477,169,725,677,180,91,0.465,opencv_hough_v1,candidate,2026-09-08T16:59:22.953633+00:00
4ed0e106-e0c,mapillary_162169205839816,mapillary,162169205839816,18.47596379601,73.862442244477,169,927,388,97,154,0.48,opencv_hough_v1,candidate,2026-09-08T16:59:22.958631+00:00
bc25fca6-95a,mapillary_162169205839816,mapillary,162169205839816,18.47596379601,73.862442244477,169,656,374,138,138,0.452,opencv_hough_v1,candidate,2026-09-08T16:59:22.963699+00:00
1be080f4-52c,mapillary_162169205839816,mapillary,162169205839816,18.47596379601,73.862442244477,169,883,653,108,108,0.536,opencv_hough_v1,candidate,2026-09-08T16:59:22.969213+00:00
a2c240ba-3c2,mapillary_162169205839816,mapillary,162169205839816,18.47596379601,73.862442244477,169,470,672,96,96,0.421,opencv_hough_v1,candidate,2026-09-08T16:59:22.975703+00:00
a406c48f-3b2,mapillary_162169205839816,mapillary,162169205839816,18.47596379601,73.862442244477,169,915,428,98,98,0.436,opencv_hough_v1,candidate,2026-09-08T16:59:22.981314+00:00
d1740020-40f,mapillary_162169205839816,mapillary,162169205839816,18.47596379601,73.862442244477,169,201,282,106,106,0.47,opencv_hough_v1,candidate,2026-09-08T16:59:22.986108+00:00
4be0e3be-c1f,mapillary_162169205839816,mapillary,162169205839816,18.47596379601,73.862442244477,169,1,389,90,90,0.479,opencv_hough_v1,candidate,2026-09-08T16:59:22.990980+00:00
79b08f34-628,mapillary_162169205839816,mapillary,162169205839816,18.47596379601,73.862442244477,169,386,685,88,83,0.41,opencv_hough_v1,candidate,2026-09-08T16:59:22.996707+00:00
f794e0ec-63c,mapillary_162169205839816,mapillary,162169205839816,18.47596379601,73.862442244477,169,97,349,86,86,0.461,opencv_hough_v1,candidate,2026-09-08T16:59:23.002152+00:00
4141f2bb-708,mapillary_162169205839816,mapillary,162169205839816,18.47596379601,73.862442244477,169,0,548,194,194,0.428,opencv_hough_v1,candidate,2026-09-08T16:59:23.007634+00:00
87e66d3c-e06,mapillary_162169205839816,mapillary,162169205839816,18.47596379601,73.862442244477,169,454,165,186,186,0.57,opencv_hough_v1,candidate,2026-09-08T16:59:23.012924+00:00
be35b2c6-872,mapillary_162169205839816,mapillary,162169205839816,18.47596379601,73.862442244477,169,73,665,128,103,0.45,opencv_hough_v1,candidate,2026-09-08T16:59:23.017822+00:00
d0a4a21f-f3c,mapillary_162169205839816,mapillary,162169205839816,18.47596379601,73.862442244477,169,612,304,112,112,0.461,opencv_hough_v1,candidate,2026-09-08T16:59:23.022608+00:00
511ef2b3-3dc,mapillary_162169205839816,mapillary,162169205839816,18.47596379601,73.862442244477,169,814,331,98,98,0.472,opencv_hough_v1,candidate,2026-09-08T16:59:23.028095+00:00
32b4f4ef-38a,mapillary_162169205839816,mapillary,162169205839816,18.47596379601,73.862442244477,169,878,328,98,98,0.501,opencv_hough_v1,candidate,2026-09-08T16:59:23.034660+00:00
d5d06610-b51,mapillary_162169205839816,mapillary,162169205839816,18.47596379601,73.862442244477,169,509,519,82,82,0.435,opencv_hough_v1,candidate,2026-09-08T16:59:23.039921+00:00
c01b4385-845,mapillary_162169205839816,mapillary,162169205839816,18.47596379601,73.862442244477,169,333,690,154,78,0.447,opencv_hough_v1,candidate,2026-09-08T16:59:23.045023+00:00
5bf6541c-3e0,mapillary_162169205839816,mapillary,162169205839816,18.47596379601,73.862442244477,169,887,292,104,104,0.492,opencv_hough_v1,candidate,2026-09-08T16:59:23.050537+00:00
72d8437a-ea6,mapillary_162169205839816,mapillary,162169205839816,18.47596379601,73.862442244477,169,57,431,86,86,0.457,opencv_hough_v1,candidate,2026-09-08T16:59:23.055436+00:00
95c8fb3d-4a2,mapillary_162169205839816,mapillary,162169205839816,18.47596379601,73.862442244477,169,308,502,122,122,0.471,opencv_hough_v1,candidate,2026-09-08T16:59:23.060157+00:00
d05aa109-288,mapillary_162169205839816,mapillary,162169205839816,18.47596379601,73.862442244477,169,223,257,88,88,0.467,opencv_hough_v1,candidate,2026-09-08T16:59:23.064993+00:00
ce2889a1-a94,mapillary_162169205839816,mapillary,162169205839816,18.47596379601,73.862442244477,169,555,394,136,136,0.466,opencv_hough_v1,candidate,2026-09-08T16:59:23.070816+00:00
dee1ae48-2b5,mapillary_162169205839816,mapillary,162169205839816,18.47596379601,73.862442244477,169,710,507,112,112,0.502,opencv_hough_v1,candidate,2026-09-08T16:59:23.077962+00:00
8254a4a3-814,mapillary_162169205839816,mapillary,162169205839816,18.47596379601,73.862442244477,169,911,466,88,88,0.446,opencv_hough_v1,candidate,2026-09-08T16:59:23.083165+00:00
66bbcbfb-613,mapillary_162169205839816,mapillary,162169205839816,18.47596379601,73.862442244477,169,618,697,82,71,0.418,opencv_hough_v1,candidate,2026-09-08T16:59:23.088859+00:00
68f7d421-8ba,mapillary_162169205839816,mapillary,162169205839816,18.47596379601,73.862442244477,169,498,559,74,74,0.42,opencv_hough_v1,candidate,2026-09-08T16:59:23.094475+00:00
93250973-c14,mapillary_162169205839816,mapillary,162169205839816,18.47596379601,73.862442244477,169,442,258,82,82,0.537,opencv_hough_v1,candidate,2026-09-08T16:59:23.099278+00:00
1cf001e2-0f0,mapillary_162169205839816,mapillary,162169205839816,18.47596379601,73.862442244477,169,832,680,78,78,0.46,opencv_hough_v1,candidate,2026-09-08T16:59:23.104352+00:00
cd0e7af5-b65,mapillary_162169205839816,mapillary,162169205839816,18.47596379601,73.862442244477,169,557,294,94,94,0.529,opencv_hough_v1,candidate,2026-09-08T16:59:23.109121+00:00
b004ccf8-4ac,mapillary_162169205839816,mapillary,162169205839816,18.47596379601,73.862442244477,169,864,684,78,78,0.458,opencv_hough_v1,candidate,2026-09-08T16:59:23.114056+00:00
776a3171-109,mapillary_162169205839816,mapillary,162169205839816,18.47596379601,73.862442244477,169,827,155,197,228,0.477,opencv_hough_v1,candidate,2026-09-08T16:59:23.119045+00:00
28d41534-4cb,mapillary_162169205839816,mapillary,162169205839816,18.47596379601,73.862442244477,169,901,597,123,156,0.571,opencv_hough_v1,candidate,2026-09-08T16:59:23.123772+00:00
9fa74f8a-ed4,mapillary_162169205839816,mapillary,162169205839816,18.47596379601,73.862442244477,169,729,271,140,140,0.488,opencv_hough_v1,candidate,2026-09-08T16:59:23.128751+00:00
368d3487-de5,mapillary_162169205839816,mapillary,162169205839816,18.47596379601,73.862442244477,169,820,260,118,118,0.478,opencv_hough_v1,candidate,2026-09-08T16:59:23.133572+00:00
86999c8a-257,mapillary_162169205839816,mapillary,162169205839816,18.47596379601,73.862442244477,169,83,489,112,112,0.471,opencv_hough_v1,candidate,2026-09-08T16:59:23.138883+00:00
12a9ade6-7d3,mapillary_162169205839816,mapillary,162169205839816,18.47596379601,73.862442244477,169,760,542,78,78,0.478,opencv_hough_v1,candidate,2026-09-08T16:59:23.145517+00:00
d76c74bd-2e4,mapillary_162169205839816,mapillary,162169205839816,18.47596379601,73.862442244477,169,663,470,128,128,0.491,opencv_hough_v1,candidate,2026-09-08T16:59:23.151619+00:00
8ef8bd3b-99a,mapillary_162169205839816,mapillary,162169205839816,18.47596379601,73.862442244477,169,107,241,116,116,0.441,opencv_hough_v1,candidate,2026-09-08T16:59:23.156260+00:00
d16fba2d-a4b,mapillary_162169205839816,mapillary,162169205839816,18.47596379601,73.862442244477,169,23,521,96,96,0.449,opencv_hough_v1,candidate,2026-09-08T16:59:23.160990+00:00
60fb4ce7-5b0,mapillary_162169205839816,mapillary,162169205839816,18.47596379601,73.862442244477,169,0,513,96,96,0.437,opencv_hough_v1,candidate,2026-09-08T16:59:23.165828+00:00
824d555b-13c,mapillary_162169205839816,mapillary,162169205839816,18.47596379601,73.862442244477,169,0,595,88,88,0.429,opencv_hough_v1,candidate,2026-09-08T16:59:23.171130+00:00
cc8a5cd4-3c4,mapillary_162169205839816,mapillary,162169205839816,18.47596379601,73.862442244477,169,0,672,162,96,0.443,opencv_hough_v1,candidate,2026-09-08T16:59:23.175999+00:00
0c4aacdd-18c,mapillary_162169205839816,mapillary,162169205839816,18.47596379601,73.862442244477,169,323,361,88,88,0.452,opencv_hough_v1,candidate,2026-09-08T16:59:23.180894+00:00
1dc4e73c-8ee,mapillary_162169205839816,mapillary,162169205839816,18.47596379601,73.862442244477,169,203,372,136,136,0.478,opencv_hough_v1,candidate,2026-09-08T16:59:23.186444+00:00
8238d5d7-3d9,mapillary_162169205839816,mapillary,162169205839816,18.47596379601,73.862442244477,169,441,214,112,112,0.547,opencv_hough_v1,candidate,2026-09-08T16:59:23.191646+00:00
e0560e2d-542,mapillary_162169205839816,mapillary,162169205839816,18.47596379601,73.862442244477,169,120,326,82,82,0.467,opencv_hough_v1,candidate,2026-09-08T16:59:23.196414+00:00
e407d7ed-dc3,mapillary_162169205839816,mapillary,162169205839816,18.47596379601,73.862442244477,169,820,185,180,180,0.502,opencv_hough_v1,candidate,2026-09-08T16:59:23.202365+00:00
ceeb1cf0-e04,mapillary_162169205839816,mapillary,162169205839816,18.47596379601,73.862442244477,169,807,710,56,56,0.424,opencv_hough_v1,candidate,2026-09-08T16:59:23.207994+00:00
afb73cb4-14b,mapillary_162169205839816,mapillary,162169205839816,18.47596379601,73.862442244477,169,546,200,122,122,0.605,opencv_hough_v1,candidate,2026-09-08T16:59:23.212987+00:00
de365aa5-680,mapillary_162169205839816,mapillary,162169205839816,18.47596379601,73.862442244477,169,41,310,90,90,0.444,opencv_hough_v1,candidate,2026-09-08T16:59:23.218141+00:00
0b8f8f02-98a,mapillary_162169205839816,mapillary,162169205839816,18.47596379601,73.862442244477,169,48,694,136,74,0.456,opencv_hough_v1,candidate,2026-09-08T16:59:23.222819+00:00
ee4de67f-cbc,mapillary_162169205839816,mapillary,162169205839816,18.47596379601,73.862442244477,169,509,258,66,66,0.487,opencv_hough_v1,candidate,2026-09-08T16:59:23.227681+00:00
95456e4a-e3b,mapillary_162169205839816,mapillary,162169205839816,18.47596379601,73.862442244477,169,643,582,54,54,0.403,opencv_hough_v1,candidate,2026-09-08T16:59:23.232433+00:00
fcbb8922-36f,mapillary_162169205839816,mapillary,162169205839816,18.47596379601,73.862442244477,169,320,706,112,62,0.431,opencv_hough_v1,candidate,2026-09-08T16:59:23.237083+00:00
63e675cd-dd8,mapillary_162169205839816,mapillary,162169205839816,18.47596379601,73.862442244477,169,726,713,78,55,0.427,opencv_hough_v1,candidate,2026-09-08T16:59:23.241820+00:00
64d733c4-6ce,mapillary_162169205839816,mapillary,162169205839816,18.47596379601,73.862442244477,169,654,241,92,92,0.365,opencv_hough_v1,candidate,2026-09-08T16:59:23.246898+00:00
24059139-6a7,mapillary_162169205839816,mapillary,162169205839816,18.47596379601,73.862442244477,169,20,699,60,60,0.387,opencv_hough_v1,candidate,2026-09-08T16:59:23.253974+00:00
672eb8f7-ba6,mapillary_162169205839816,mapillary,162169205839816,18.47596379601,73.862442244477,169,0,401,88,88,0.444,opencv_hough_v1,candidate,2026-09-08T16:59:23.260062+00:00
43a9e45a-5e9,mapillary_162169205839816,mapillary,162169205839816,18.47596379601,73.862442244477,169,928,319,80,80,0.501,opencv_hough_v1,candidate,2026-09-08T16:59:23.265457+00:00
8527ecce-0b2,mapillary_162169205839816,mapillary,162169205839816,18.47596379601,73.862442244477,169,186,613,74,74,0.401,opencv_hough_v1,candidate,2026-09-08T16:59:23.271473+00:00
58a1cf67-91f,mapillary_162169205839816,mapillary,162169205839816,18.47596379601,73.862442244477,169,216,588,62,62,0.4,opencv_hough_v1,candidate,2026-09-08T16:59:23.276437+00:00
fa1edb44-0d5,mapillary_162169205839816,mapillary,162169205839816,18.47596379601,73.862442244477,169,389,191,136,136,0.539,opencv_hough_v1,candidate,2026-09-08T16:59:23.282141+00:00
a4e1f130-d81,mapillary_162169205839816,mapillary,162169205839816,18.47596379601,73.862442244477,169,869,701,132,67,0.511,opencv_hough_v1,candidate,2026-09-08T16:59:23.286957+00:00
b5b344d3-7db,mapillary_162169205839816,mapillary,162169205839816,18.47596379601,73.862442244477,169,14,326,78,78,0.526,opencv_hough_v1,candidate,2026-09-08T16:59:23.291903+00:00
afa55fae-066,mapillary_162169205839816,mapillary,162169205839816,18.47596379601,73.862442244477,169,817,521,120,120,0.563,opencv_hough_v1,candidate,2026-09-08T16:59:23.297039+00:00
5dbc2c3c-9a4,mapillary_162169205839816,mapillary,162169205839816,18.47596379601,73.862442244477,169,227,709,116,59,0.426,opencv_hough_v1,candidate,2026-09-08T16:59:23.302315+00:00
4be1b445-95a,mapillary_162169205839816,mapillary,162169205839816,18.47596379601,73.862442244477,169,240,677,98,91,0.408,opencv_hough_v1,candidate,2026-09-08T16:59:23.307601+00:00
304a2ec0-3bd,mapillary_162169205839816,mapillary,162169205839816,18.47596379601,73.862442244477,169,268,266,82,82,0.539,opencv_hough_v1,candidate,2026-09-08T16:59:23.312394+00:00
ebf8c428-268,mapillary_162169205839816,mapillary,162169205839816,18.47596379601,73.862442244477,169,16,243,108,108,0.39,opencv_hough_v1,candidate,2026-09-08T16:59:23.317359+00:00
c1d2f76a-819,mapillary_162169205839816,mapillary,162169205839816,18.47596379601,73.862442244477,169,957,368,50,50,0.393,opencv_hough_v1,candidate,2026-09-08T16:59:23.322446+00:00
fac3f4c1-1fc,mapillary_162169205839816,mapillary,162169205839816,18.47596379601,73.862442244477,169,960,476,50,50,0.393,opencv_hough_v1,candidate,2026-09-08T16:59:23.327492+00:00
c0aca13f-806,mapillary_162169205839816,mapillary,162169205839816,18.47596379601,73.862442244477,169,588,258,66,66,0.509,opencv_hough_v1,candidate,2026-09-08T16:59:23.331947+00:00
04cb325c-fbf,mapillary_162169205839816,mapillary,162169205839816,18.47596379601,73.862442244477,169,800,568,70,70,0.497,opencv_hough_v1,candidate,2026-09-08T16:59:23.336562+00:00
f330de5d-b28,mapillary_162169205839816,mapillary,162169205839816,18.47596379601,73.862442244477,169,622,286,46,46,0.471,opencv_hough_v1,candidate,2026-09-08T16:59:23.341996+00:00
3695c1d9-fa6,mapillary_162169205839816,mapillary,162169205839816,18.47596379601,73.862442244477,169,166,256,66,66,0.398,opencv_hough_v1,candidate,2026-09-08T16:59:23.346672+00:00
944bf09f-906,mapillary_162169205839816,mapillary,162169205839816,18.47596379601,73.862442244477,169,0,335,68,68,0.514,opencv_hough_v1,candidate,2026-09-08T16:59:23.351461+00:00
b3e7ef6d-491,mapillary_162169205839816,mapillary,162169205839816,18.47596379601,73.862442244477,169,467,717,70,51,0.393,opencv_hough_v1,candidate,2026-09-08T16:59:23.356798+00:00
5277ed32-b3e,mapillary_162169205839816,mapillary,162169205839816,18.47596379601,73.862442244477,169,894,462,62,62,0.414,opencv_hough_v1,candidate,2026-09-08T16:59:23.363056+00:00
c8156abb-9cb,mapillary_162169205839816,mapillary,162169205839816,18.47596379601,73.862442244477,169,690,467,50,50,0.38,opencv_hough_v1,candidate,2026-09-08T16:59:23.369009+00:00
3d373487-9e4,mapillary_162169205839816,mapillary,162169205839816,18.47596379601,73.862442244477,169,292,408,78,78,0.412,opencv_hough_v1,candidate,2026-09-08T16:59:23.373923+00:00
c149c1f6-ebe,mapillary_162169205839816,mapillary,162169205839816,18.47596379601,73.862442244477,169,499,303,54,54,0.455,opencv_hough_v1,candidate,2026-09-08T16:59:23.378803+00:00
f089ae90-196,mapillary_162169205839816,mapillary,162169205839816,18.47596379601,73.862442244477,169,821,725,84,43,0.453,opencv_hough_v1,candidate,2026-09-08T16:59:23.383711+00:00
5fe83065-899,mapillary_162169205839816,mapillary,162169205839816,18.47596379601,73.862442244477,169,0,557,80,80,0.432,opencv_hough_v1,candidate,2026-09-08T16:59:23.388612+00:00
b1e2b4ee-493,mapillary_162169205839816,mapillary,162169205839816,18.47596379601,73.862442244477,169,228,360,62,62,0.407,opencv_hough_v1,candidate,2026-09-08T16:59:23.394079+00:00
b6975c8b-976,mapillary_162169205839816,mapillary,162169205839816,18.47596379601,73.862442244477,169,766,278,54,54,0.353,opencv_hough_v1,candidate,2026-09-08T16:59:23.399446+00:00
6aa58c29-c8c,mapillary_162169205839816,mapillary,162169205839816,18.47596379601,73.862442244477,169,612,342,46,46,0.478,opencv_hough_v1,candidate,2026-09-08T16:59:23.404436+00:00
d4ecd5b0-70f,mapillary_162169205839816,mapillary,162169205839816,18.47596379601,73.862442244477,169,930,505,74,74,0.477,opencv_hough_v1,candidate,2026-09-08T16:59:23.409380+00:00
e42057f8-10d,mapillary_162169205839816,mapillary,162169205839816,18.47596379601,73.862442244477,169,225,653,52,52,0.368,opencv_hough_v1,candidate,2026-09-08T16:59:23.414213+00:00
1040981a-8d4,mapillary_162169205839816,mapillary,162169205839816,18.47596379601,73.862442244477,169,207,703,58,58,0.374,opencv_hough_v1,candidate,2026-09-08T16:59:23.420765+00:00
e34088fa-b68,mapillary_162169205839816,mapillary,162169205839816,18.47596379601,73.862442244477,169,771,365,56,56,0.406,opencv_hough_v1,candidate,2026-09-08T16:59:23.426572+00:00
21f592cf-8f4,mapillary_162169205839816,mapillary,162169205839816,18.47596379601,73.862442244477,169,403,376,54,54,0.436,opencv_hough_v1,candidate,2026-09-08T16:59:23.431563+00:00
7a167f46-f84,mapillary_162169205839816,mapillary,162169205839816,18.47596379601,73.862442244477,169,822,298,50,50,0.421,opencv_hough_v1,candidate,2026-09-08T16:59:23.436947+00:00
69a871cb-72d,mapillary_162169205839816,mapillary,162169205839816,18.47596379601,73.862442244477,169,114,224,78,78,0.412,opencv_hough_v1,candidate,2026-09-08T16:59:23.441855+00:00
ed4c3014-60f,mapillary_162169205839816,mapillary,162169205839816,18.47596379601,73.862442244477,169,28,297,58,58,0.403,opencv_hough_v1,candidate,2026-09-08T16:59:23.446579+00:00
da8c3239-4cc,mapillary_162169205839816,mapillary,162169205839816,18.47596379601,73.862442244477,169,10,680,42,42,0.373,opencv_hough_v1,candidate,2026-09-08T16:59:23.451738+00:00
9d26bd6a-74c,mapillary_162169205839816,mapillary,162169205839816,18.47596379601,73.862442244477,169,150,717,42,42,0.365,opencv_hough_v1,candidate,2026-09-08T16:59:23.456550+00:00
da74c239-ac2,mapillary_162169205839816,mapillary,162169205839816,18.47596379601,73.862442244477,169,398,229,58,58,0.419,opencv_hough_v1,candidate,2026-09-08T16:59:23.461470+00:00
bfcb0c46-5c2,mapillary_162169205839816,mapillary,162169205839816,18.47596379601,73.862442244477,169,0,703,58,58,0.387,opencv_hough_v1,candidate,2026-09-08T16:59:23.466620+00:00
9f0ec8e6-110,mapillary_310393700454417,mapillary,310393700454417,18.476261707965,73.862303710619,351,414,259,238,238,0.432,opencv_hough_v1,candidate,2026-09-08T16:59:23.972635+00:00
80ea98c0-f45,mapillary_310393700454417,mapillary,310393700454417,18.476261707965,73.862303710619,351,378,254,234,234,0.449,opencv_hough_v1,candidate,2026-09-08T16:59:23.979232+00:00
cd0d1b00-199,mapillary_310393700454417,mapillary,310393700454417,18.476261707965,73.862303710619,351,394,286,238,238,0.44,opencv_hough_v1,candidate,2026-09-08T16:59:23.985318+00:00
be80f465-2d5,mapillary_310393700454417,mapillary,310393700454417,18.476261707965,73.862303710619,351,483,289,214,214,0.435,opencv_hough_v1,candidate,2026-09-08T16:59:23.990895+00:00
6d305c35-eda,mapillary_310393700454417,mapillary,310393700454417,18.476261707965,73.862303710619,351,267,270,238,238,0.425,opencv_hough_v1,candidate,2026-09-08T16:59:24.002289+00:00
6c2f922d-e56,mapillary_310393700454417,mapillary,310393700454417,18.476261707965,73.862303710619,351,535,259,236,236,0.395,opencv_hough_v1,candidate,2026-09-08T16:59:24.008171+00:00
dfd04dfd-845,mapillary_310393700454417,mapillary,310393700454417,18.476261707965,73.862303710619,351,77,285,214,214,0.355,opencv_hough_v1,candidate,2026-09-08T16:59:24.015978+00:00
bce17d87-af0,mapillary_310393700454417,mapillary,310393700454417,18.476261707965,73.862303710619,351,596,326,228,228,0.44,opencv_hough_v1,candidate,2026-09-08T16:59:24.028310+00:00
c041a76c-593,mapillary_310393700454417,mapillary,310393700454417,18.476261707965,73.862303710619,351,353,266,210,210,0.477,opencv_hough_v1,candidate,2026-09-08T16:59:24.040203+00:00
d74fb5b7-dfa,mapillary_310393700454417,mapillary,310393700454417,18.476261707965,73.862303710619,351,468,262,206,206,0.446,opencv_hough_v1,candidate,2026-09-08T16:59:24.046379+00:00
a1a03e11-da0,mapillary_310393700454417,mapillary,310393700454417,18.476261707965,73.862303710619,351,631,321,236,236,0.417,opencv_hough_v1,candidate,2026-09-08T16:59:24.052704+00:00
fdb0bb7c-e72,mapillary_310393700454417,mapillary,310393700454417,18.476261707965,73.862303710619,351,568,370,238,238,0.44,opencv_hough_v1,candidate,2026-09-08T16:59:24.059067+00:00
335e6cb8-9eb,mapillary_310393700454417,mapillary,310393700454417,18.476261707965,73.862303710619,351,497,322,212,212,0.428,opencv_hough_v1,candidate,2026-09-08T16:59:24.065036+00:00
d6c6a1de-a88,mapillary_310393700454417,mapillary,310393700454417,18.476261707965,73.862303710619,351,37,291,234,234,0.372,opencv_hough_v1,candidate,2026-09-08T16:59:24.082514+00:00
0d2dad43-7ad,mapillary_310393700454417,mapillary,310393700454417,18.476261707965,73.862303710619,351,733,259,204,204,0.418,opencv_hough_v1,candidate,2026-09-08T16:59:24.088087+00:00
621f8a92-917,mapillary_310393700454417,mapillary,310393700454417,18.476261707965,73.862303710619,351,159,299,220,220,0.367,opencv_hough_v1,candidate,2026-09-08T16:59:24.093998+00:00
42f97847-381,mapillary_310393700454417,mapillary,310393700454417,18.476261707965,73.862303710619,351,265,320,210,210,0.47,opencv_hough_v1,candidate,2026-09-08T16:59:24.099702+00:00
b9d84da4-392,mapillary_310393700454417,mapillary,310393700454417,18.476261707965,73.862303710619,351,613,259,188,188,0.43,opencv_hough_v1,candidate,2026-09-08T16:59:24.105245+00:00
797463d3-1c5,mapillary_310393700454417,mapillary,310393700454417,18.476261707965,73.862303710619,351,700,272,202,202,0.412,opencv_hough_v1,candidate,2026-09-08T16:59:24.111184+00:00
58c12c07-793,mapillary_310393700454417,mapillary,310393700454417,18.476261707965,73.862303710619,351,775,282,198,198,0.444,opencv_hough_v1,candidate,2026-09-08T16:59:24.117270+00:00
bda1934a-51a,mapillary_310393700454417,mapillary,310393700454417,18.476261707965,73.862303710619,351,365,325,184,184,0.518,opencv_hough_v1,candidate,2026-09-08T16:59:24.124309+00:00
1341b026-1fb,mapillary_310393700454417,mapillary,310393700454417,18.476261707965,73.862303710619,351,584,288,196,196,0.434,opencv_hough_v1,candidate,2026-09-08T16:59:24.131613+00:00
645ab29b-4d2,mapillary_310393700454417,mapillary,310393700454417,18.476261707965,73.862303710619,351,314,242,186,186,0.492,opencv_hough_v1,candidate,2026-09-08T16:59:24.143187+00:00
21ed750a-9e3,mapillary_310393700454417,mapillary,310393700454417,18.476261707965,73.862303710619,351,602,399,228,228,0.454,opencv_hough_v1,candidate,2026-09-08T16:59:24.149019+00:00
1be49c55-395,mapillary_310393700454417,mapillary,310393700454417,18.476261707965,73.862303710619,351,654,368,238,238,0.415,opencv_hough_v1,candidate,2026-09-08T16:59:24.154794+00:00
8488231e-2cf,mapillary_310393700454417,mapillary,310393700454417,18.476261707965,73.862303710619,351,536,312,186,186,0.444,opencv_hough_v1,candidate,2026-09-08T16:59:24.160828+00:00
18f7a708-e67,mapillary_310393700454417,mapillary,310393700454417,18.476261707965,73.862303710619,351,257,290,186,186,0.456,opencv_hough_v1,candidate,2026-09-08T16:59:24.172702+00:00
1dce297c-b1e,mapillary_310393700454417,mapillary,310393700454417,18.476261707965,73.862303710619,351,518,256,178,178,0.448,opencv_hough_v1,candidate,2026-09-08T16:59:24.179857+00:00
514f5787-6a7,mapillary_310393700454417,mapillary,310393700454417,18.476261707965,73.862303710619,351,462,379,178,178,0.481,opencv_hough_v1,candidate,2026-09-08T16:59:24.186628+00:00
143c1f3d-d14,mapillary_310393700454417,mapillary,310393700454417,18.476261707965,73.862303710619,351,332,334,162,162,0.546,opencv_hough_v1,candidate,2026-09-08T16:59:24.192766+00:00
75bb094f-012,mapillary_310393700454417,mapillary,310393700454417,18.476261707965,73.862303710619,351,32,399,154,154,0.561,opencv_hough_v1,candidate,2026-09-08T16:59:24.198647+00:00
a76b2960-576,mapillary_310393700454417,mapillary,310393700454417,18.476261707965,73.862303710619,351,520,404,138,138,0.504,opencv_hough_v1,candidate,2026-09-08T16:59:24.203896+00:00
db3ae568-8ec,mapillary_310393700454417,mapillary,310393700454417,18.476261707965,73.862303710619,351,638,397,238,238,0.424,opencv_hough_v1,candidate,2026-09-08T16:59:24.212861+00:00
cb36a213-ba6,mapillary_310393700454417,mapillary,310393700454417,18.476261707965,73.862303710619,351,668,335,222,222,0.434,opencv_hough_v1,candidate,2026-09-08T16:59:24.218809+00:00
ce5bc8f1-d79,mapillary_310393700454417,mapillary,310393700454417,18.476261707965,73.862303710619,351,458,254,170,170,0.5,opencv_hough_v1,candidate,2026-09-08T16:59:24.225282+00:00
53dfb684-0e7,mapillary_310393700454417,mapillary,310393700454417,18.476261707965,73.862303710619,351,448,428,238,238,0.372,opencv_hough_v1,candidate,2026-09-08T16:59:24.231587+00:00
2e0060d6-7f5,mapillary_310393700454417,mapillary,310393700454417,18.476261707965,73.862303710619,351,685,367,236,236,0.41,opencv_hough_v1,candidate,2026-09-08T16:59:24.245260+00:00
c487247f-d84,mapillary_310393700454417,mapillary,310393700454417,18.476261707965,73.862303710619,351,585,264,172,172,0.426,opencv_hough_v1,candidate,2026-09-08T16:59:24.250981+00:00
f52c63a2-072,mapillary_310393700454417,mapillary,310393700454417,18.476261707965,73.862303710619,351,475,333,172,172,0.492,opencv_hough_v1,candidate,2026-09-08T16:59:24.258282+00:00
4b430a69-19f,mapillary_310393700454417,mapillary,310393700454417,18.476261707965,73.862303710619,351,350,267,168,168,0.502,opencv_hough_v1,candidate,2026-09-08T16:59:24.265073+00:00
77deec70-b76,mapillary_310393700454417,mapillary,310393700454417,18.476261707965,73.862303710619,351,0,283,202,202,0.391,opencv_hough_v1,candidate,2026-09-08T16:59:24.270937+00:00
6d0e2add-71f,mapillary_310393700454417,mapillary,310393700454417,18.476261707965,73.862303710619,351,619,379,184,184,0.516,opencv_hough_v1,candidate,2026-09-08T16:59:24.277302+00:00
a4aa1f6a-429,mapillary_310393700454417,mapillary,310393700454417,18.476261707965,73.862303710619,351,282,271,178,178,0.472,opencv_hough_v1,candidate,2026-09-08T16:59:24.283388+00:00
0a0a051f-838,mapillary_310393700454417,mapillary,310393700454417,18.476261707965,73.862303710619,351,434,380,144,144,0.554,opencv_hough_v1,candidate,2026-09-08T16:59:24.289511+00:00
371b1afb-205,mapillary_310393700454417,mapillary,310393700454417,18.476261707965,73.862303710619,351,586,427,236,236,0.422,opencv_hough_v1,candidate,2026-09-08T16:59:24.298049+00:00
8cd70036-0d4,mapillary_310393700454417,mapillary,310393700454417,18.476261707965,73.862303710619,351,1,395,140,140,0.576,opencv_hough_v1,candidate,2026-09-08T16:59:24.305299+00:00
9c3f6d90-df1,mapillary_310393700454417,mapillary,310393700454417,18.476261707965,73.862303710619,351,647,373,196,196,0.483,opencv_hough_v1,candidate,2026-09-08T16:59:24.311603+00:00
dd9c6a9d-b27,mapillary_310393700454417,mapillary,310393700454417,18.476261707965,73.862303710619,351,449,404,190,190,0.457,opencv_hough_v1,candidate,2026-09-08T16:59:24.318575+00:00
59701c86-57c,mapillary_310393700454417,mapillary,310393700454417,18.476261707965,73.862303710619,351,695,279,152,152,0.468,opencv_hough_v1,candidate,2026-09-08T16:59:24.324376+00:00
543788fc-cbf,mapillary_310393700454417,mapillary,310393700454417,18.476261707965,73.862303710619,351,327,419,204,204,0.465,opencv_hough_v1,candidate,2026-09-08T16:59:24.330812+00:00
3adc2e38-105,mapillary_310393700454417,mapillary,310393700454417,18.476261707965,73.862303710619,351,839,315,154,154,0.555,opencv_hough_v1,candidate,2026-09-08T16:59:24.337960+00:00
374defcd-1e6,mapillary_310393700454417,mapillary,310393700454417,18.476261707965,73.862303710619,351,19,256,194,194,0.362,opencv_hough_v1,candidate,2026-09-08T16:59:24.345135+00:00
47a86c81-f5d,mapillary_310393700454417,mapillary,310393700454417,18.476261707965,73.862303710619,351,766,234,190,190,0.429,opencv_hough_v1,candidate,2026-09-08T16:59:24.351639+00:00
8664bf3e-0a6,mapillary_310393700454417,mapillary,310393700454417,18.476261707965,73.862303710619,351,746,311,168,168,0.433,opencv_hough_v1,candidate,2026-09-08T16:59:24.359954+00:00
bc489ce0-7ce,mapillary_310393700454417,mapillary,310393700454417,18.476261707965,73.862303710619,351,445,256,140,140,0.546,opencv_hough_v1,candidate,2026-09-08T16:59:24.367867+00:00
4f803d7d-574,mapillary_310393700454417,mapillary,310393700454417,18.476261707965,73.862303710619,351,255,327,168,168,0.477,opencv_hough_v1,candidate,2026-09-08T16:59:24.374119+00:00
f5cdc4b4-09f,mapillary_310393700454417,mapillary,310393700454417,18.476261707965,73.862303710619,351,655,296,156,156,0.481,opencv_hough_v1,candidate,2026-09-08T16:59:24.380290+00:00
0f711e98-c4e,mapillary_310393700454417,mapillary,310393700454417,18.476261707965,73.862303710619,351,20,331,178,178,0.472,opencv_hough_v1,candidate,2026-09-08T16:59:24.393770+00:00
317f922a-994,mapillary_310393700454417,mapillary,310393700454417,18.476261707965,73.862303710619,351,869,289,155,184,0.572,opencv_hough_v1,candidate,2026-09-08T16:59:24.400151+00:00
caee880a-6d4,mapillary_310393700454417,mapillary,310393700454417,18.476261707965,73.862303710619,351,114,352,160,160,0.44,opencv_hough_v1,candidate,2026-09-08T16:59:24.407136+00:00
9ac9d98c-075,mapillary_310393700454417,mapillary,310393700454417,18.476261707965,73.862303710619,351,517,262,124,124,0.501,opencv_hough_v1,candidate,2026-09-08T16:59:24.413245+00:00
1310f168-bfe,mapillary_310393700454417,mapillary,310393700454417,18.476261707965,73.862303710619,351,558,262,162,162,0.423,opencv_hough_v1,candidate,2026-09-08T16:59:24.420508+00:00
86fb9c18-47b,mapillary_310393700454417,mapillary,310393700454417,18.476261707965,73.862303710619,351,421,338,122,122,0.56,opencv_hough_v1,candidate,2026-09-08T16:59:24.428649+00:00
219a15bc-fa6,mapillary_310393700454417,mapillary,310393700454417,18.476261707965,73.862303710619,351,219,259,156,156,0.381,opencv_hough_v1,candidate,2026-09-08T16:59:24.435096+00:00
a46c8868-6f6,mapillary_310393700454417,mapillary,310393700454417,18.476261707965,73.862303710619,351,375,412,238,238,0.397,opencv_hough_v1,candidate,2026-09-08T16:59:24.441250+00:00
0bb7b482-777,mapillary_310393700454417,mapillary,310393700454417,18.476261707965,73.862303710619,351,526,225,186,186,0.423,opencv_hough_v1,candidate,2026-09-08T16:59:24.447323+00:00
8fde3062-1c3,mapillary_310393700454417,mapillary,310393700454417,18.476261707965,73.862303710619,351,273,409,230,230,0.442,opencv_hough_v1,candidate,2026-09-08T16:59:24.453013+00:00
d83f4e0e-118,mapillary_310393700454417,mapillary,310393700454417,18.476261707965,73.862303710619,351,132,382,160,160,0.483,opencv_hough_v1,candidate,2026-09-08T16:59:24.458801+00:00
5e4d7562-2d3,mapillary_310393700454417,mapillary,310393700454417,18.476261707965,73.862303710619,351,357,324,120,120,0.553,opencv_hough_v1,candidate,2026-09-08T16:59:24.464448+00:00
f06c2abd-65b,mapillary_310393700454417,mapillary,310393700454417,18.476261707965,73.862303710619,351,58,251,170,170,0.352,opencv_hough_v1,candidate,2026-09-08T16:59:24.475586+00:00
3a274316-535,mapillary_310393700454417,mapillary,310393700454417,18.476261707965,73.862303710619,351,598,373,146,146,0.539,opencv_hough_v1,candidate,2026-09-08T16:59:24.481575+00:00
9faa05a5-19a,mapillary_310393700454417,mapillary,310393700454417,18.476261707965,73.862303710619,351,808,354,214,214,0.414,opencv_hough_v1,candidate,2026-09-08T16:59:24.487496+00:00
1e89d36b-c80,mapillary_310393700454417,mapillary,310393700454417,18.476261707965,73.862303710619,351,634,247,146,146,0.456,opencv_hough_v1,candidate,2026-09-08T16:59:24.493590+00:00
0118519e-dce,mapillary_310393700454417,mapillary,310393700454417,18.476261707965,73.862303710619,351,360,426,206,206,0.44,opencv_hough_v1,candidate,2026-09-08T16:59:24.501324+00:00
624f704b-1c1,mapillary_310393700454417,mapillary,310393700454417,18.476261707965,73.862303710619,351,897,256,127,170,0.582,opencv_hough_v1,candidate,2026-09-08T16:59:24.507691+00:00
256a5aff-dfe,mapillary_310393700454417,mapillary,310393700454417,18.476261707965,73.862303710619,351,844,295,130,130,0.559,opencv_hough_v1,candidate,2026-09-08T16:59:24.513556+00:00
6a44bba8-07e,mapillary_310393700454417,mapillary,310393700454417,18.476261707965,73.862303710619,351,558,312,124,124,0.432,opencv_hough_v1,candidate,2026-09-08T16:59:24.519031+00:00
bef624d5-90c,mapillary_310393700454417,mapillary,310393700454417,18.476261707965,73.862303710619,351,416,450,238,238,0.36,opencv_hough_v1,candidate,2026-09-08T16:59:24.525070+00:00
171fe9d0-965,mapillary_310393700454417,mapillary,310393700454417,18.476261707965,73.862303710619,351,721,253,152,152,0.431,opencv_hough_v1,candidate,2026-09-08T16:59:24.531765+00:00
0fca453f-6dc,mapillary_310393700454417,mapillary,310393700454417,18.476261707965,73.862303710619,351,103,406,122,122,0.5,opencv_hough_v1,candidate,2026-09-08T16:59:24.537958+00:00
569ce74b-806,mapillary_310393700454417,mapillary,310393700454417,18.476261707965,73.862303710619,351,871,279,148,148,0.6,opencv_hough_v1,candidate,2026-09-08T16:59:24.543776+00:00
74f344fe-7b3,mapillary_310393700454417,mapillary,310393700454417,18.476261707965,73.862303710619,351,850,260,138,138,0.568,opencv_hough_v1,candidate,2026-09-08T16:59:24.549544+00:00
9ab194d9-547,mapillary_310393700454417,mapillary,310393700454417,18.476261707965,73.862303710619,351,0,324,230,230,0.431,opencv_hough_v1,candidate,2026-09-08T16:59:24.555730+00:00
02878f62-481,mapillary_310393700454417,mapillary,310393700454417,18.476261707965,73.862303710619,351,623,436,226,226,0.436,opencv_hough_v1,candidate,2026-09-08T16:59:24.561723+00:00
62fa49ff-110,mapillary_310393700454417,mapillary,310393700454417,18.476261707965,73.862303710619,351,170,368,138,138,0.459,opencv_hough_v1,candidate,2026-09-08T16:59:24.567675+00:00
ff79e7d3-748,mapillary_310393700454417,mapillary,310393700454417,18.476261707965,73.862303710619,351,468,368,138,138,0.541,opencv_hough_v1,candidate,2026-09-08T16:59:24.573366+00:00
7248c174-e6d,mapillary_310393700454417,mapillary,310393700454417,18.476261707965,73.862303710619,351,748,370,222,222,0.403,opencv_hough_v1,candidate,2026-09-08T16:59:24.579111+00:00
9bd366b5-898,mapillary_310393700454417,mapillary,310393700454417,18.476261707965,73.862303710619,351,660,524,218,218,0.361,opencv_hough_v1,candidate,2026-09-08T16:59:24.585198+00:00
e90b1e3e-a59,mapillary_310393700454417,mapillary,310393700454417,18.476261707965,73.862303710619,351,259,304,124,124,0.404,opencv_hough_v1,candidate,2026-09-08T16:59:24.590720+00:00
45bf7431-89f,mapillary_310393700454417,mapillary,310393700454417,18.476261707965,73.862303710619,351,360,410,118,118,0.553,opencv_hough_v1,candidate,2026-09-08T16:59:24.596298+00:00
54403d97-402,mapillary_310393700454417,mapillary,310393700454417,18.476261707965,73.862303710619,351,685,261,138,138,0.484,opencv_hough_v1,candidate,2026-09-08T16:59:24.602315+00:00
884c59a8-f7c,mapillary_310393700454417,mapillary,310393700454417,18.476261707965,73.862303710619,351,589,425,188,188,0.491,opencv_hough_v1,candidate,2026-09-08T16:59:24.608017+00:00
bfb3374a-c93,mapillary_310393700454417,mapillary,310393700454417,18.476261707965,73.862303710619,351,0,273,172,172,0.394,opencv_hough_v1,candidate,2026-09-08T16:59:24.613777+00:00
32521f2f-411,mapillary_310393700454417,mapillary,310393700454417,18.476261707965,73.862303710619,351,765,257,132,132,0.424,opencv_hough_v1,candidate,2026-09-08T16:59:24.619627+00:00
98701861-b70,mapillary_310393700454417,mapillary,310393700454417,18.476261707965,73.862303710619,351,21,440,122,122,0.568,opencv_hough_v1,candidate,2026-09-08T16:59:24.625243+00:00
381740a0-a54,mapillary_310393700454417,mapillary,310393700454417,18.476261707965,73.862303710619,351,256,374,122,122,0.486,opencv_hough_v1,candidate,2026-09-08T16:59:24.632488+00:00
297725f4-384,mapillary_310393700454417,mapillary,310393700454417,18.476261707965,73.862303710619,351,379,470,222,222,0.373,opencv_hough_v1,candidate,2026-09-08T16:59:24.639076+00:00
f79122e1-e8b,mapillary_310393700454417,mapillary,310393700454417,18.476261707965,73.862303710619,351,142,423,212,212,0.466,opencv_hough_v1,candidate,2026-09-08T16:59:24.644978+00:00
338fa1d8-573,mapillary_310393700454417,mapillary,310393700454417,18.476261707965,73.862303710619,351,469,485,188,188,0.397,opencv_hough_v1,candidate,2026-09-08T16:59:24.651612+00:00
864f6c8b-e66,mapillary_310393700454417,mapillary,310393700454417,18.476261707965,73.862303710619,351,510,467,186,186,0.412,opencv_hough_v1,candidate,2026-09-08T16:59:24.658011+00:00
017cef2f-fb3,mapillary_310393700454417,mapillary,310393700454417,18.476261707965,73.862303710619,351,16,374,114,114,0.551,opencv_hough_v1,candidate,2026-09-08T16:59:24.663891+00:00
dcabdad0-4d8,mapillary_310393700454417,mapillary,310393700454417,18.476261707965,73.862303710619,351,887,389,137,184,0.424,opencv_hough_v1,candidate,2026-09-08T16:59:24.669730+00:00
f229b460-286,mapillary_310393700454417,mapillary,310393700454417,18.476261707965,73.862303710619,351,418,267,114,114,0.474,opencv_hough_v1,candidate,2026-09-08T16:59:24.675680+00:00
2e96d0a1-18b,mapillary_310393700454417,mapillary,310393700454417,18.476261707965,73.862303710619,351,39,468,238,238,0.429,opencv_hough_v1,candidate,2026-09-08T16:59:24.681925+00:00
4d4c3d19-121,mapillary_310393700454417,mapillary,310393700454417,18.476261707965,73.862303710619,351,741,164,212,212,0.374,opencv_hough_v1,candidate,2026-09-08T16:59:24.688856+00:00
57298c6e-cad,mapillary_310393700454417,mapillary,310393700454417,18.476261707965,73.862303710619,351,611,258,124,124,0.423,opencv_hough_v1,candidate,2026-09-08T16:59:24.695036+00:00
860ce684-d7a,mapillary_310393700454417,mapillary,310393700454417,18.476261707965,73.862303710619,351,572,402,112,112,0.49,opencv_hough_v1,candidate,2026-09-08T16:59:24.700771+00:00
5dc4996d-4ef,mapillary_310393700454417,mapillary,310393700454417,18.476261707965,73.862303710619,351,814,403,210,218,0.369,opencv_hough_v1,candidate,2026-09-08T16:59:24.706523+00:00
a86131e8-8e5,mapillary_310393700454417,mapillary,310393700454417,18.476261707965,73.862303710619,351,530,457,144,144,0.496,opencv_hough_v1,candidate,2026-09-08T16:59:24.712794+00:00
704de5ca-5d8,mapillary_310393700454417,mapillary,310393700454417,18.476261707965,73.862303710619,351,210,402,118,118,0.466,opencv_hough_v1,candidate,2026-09-08T16:59:24.718440+00:00
806e8c40-e1b,mapillary_310393700454417,mapillary,310393700454417,18.476261707965,73.862303710619,351,597,503,148,148,0.466,opencv_hough_v1,candidate,2026-09-08T16:59:24.724153+00:00
786d7a8d-d7f,mapillary_310393700454417,mapillary,310393700454417,18.476261707965,73.862303710619,351,243,433,236,236,0.424,opencv_hough_v1,candidate,2026-09-08T16:59:24.730033+00:00
3765b90b-8d7,mapillary_310393700454417,mapillary,310393700454417,18.476261707965,73.862303710619,351,730,410,198,198,0.436,opencv_hough_v1,candidate,2026-09-08T16:59:24.736076+00:00
37ed058e-35b,mapillary_310393700454417,mapillary,310393700454417,18.476261707965,73.862303710619,351,893,345,131,132,0.626,opencv_hough_v1,candidate,2026-09-08T16:59:24.744363+00:00
ee05274d-6a0,mapillary_310393700454417,mapillary,310393700454417,18.476261707965,73.862303710619,351,706,351,104,104,0.476,opencv_hough_v1,candidate,2026-09-08T16:59:24.750354+00:00
7a701a95-d5c,mapillary_310393700454417,mapillary,310393700454417,18.476261707965,73.862303710619,351,433,397,88,88,0.52,opencv_hough_v1,candidate,2026-09-08T16:59:24.755950+00:00
11539cae-be9,mapillary_310393700454417,mapillary,310393700454417,18.476261707965,73.862303710619,351,598,519,214,214,0.373,opencv_hough_v1,candidate,2026-09-08T16:59:24.761823+00:00
8f6a244d-733,mapillary_310393700454417,mapillary,310393700454417,18.476261707965,73.862303710619,351,745,351,112,112,0.43,opencv_hough_v1,candidate,2026-09-08T16:59:24.773566+00:00
fd56f0b2-0b9,mapillary_310393700454417,mapillary,310393700454417,18.476261707965,73.862303710619,351,581,467,140,140,0.506,opencv_hough_v1,candidate,2026-09-08T16:59:24.779253+00:00
6a7de9c6-6a9,mapillary_310393700454417,mapillary,310393700454417,18.476261707965,73.862303710619,351,7,261,124,124,0.377,opencv_hough_v1,candidate,2026-09-08T16:59:24.784789+00:00
fb0ff53d-e2f,mapillary_310393700454417,mapillary,310393700454417,18.476261707965,73.862303710619,351,626,356,122,122,0.516,opencv_hough_v1,candidate,2026-09-08T16:59:24.790160+00:00
03760500-0f3,mapillary_310393700454417,mapillary,310393700454417,18.476261707965,73.862303710619,351,341,443,236,236,0.384,opencv_hough_v1,candidate,2026-09-08T16:59:24.798049+00:00
3bd41732-380,mapillary_310393700454417,mapillary,310393700454417,18.476261707965,73.862303710619,351,868,404,146,146,0.443,opencv_hough_v1,candidate,2026-09-08T16:59:24.805189+00:00
cc12dcdb-027,mapillary_310393700454417,mapillary,310393700454417,18.476261707965,73.862303710619,351,266,259,120,120,0.404,opencv_hough_v1,candidate,2026-09-08T16:59:24.810848+00:00
0f6f0c76-0a0,mapillary_310393700454417,mapillary,310393700454417,18.476261707965,73.862303710619,351,12,472,196,196,0.487,opencv_hough_v1,candidate,2026-09-08T16:59:24.816872+00:00
803af19c-1a9,mapillary_310393700454417,mapillary,310393700454417,18.476261707965,73.862303710619,351,324,187,152,152,0.567,opencv_hough_v1,candidate,2026-09-08T16:59:24.822493+00:00
7ab7ec96-960,mapillary_310393700454417,mapillary,310393700454417,18.476261707965,73.862303710619,351,853,371,102,102,0.508,opencv_hough_v1,candidate,2026-09-08T16:59:24.828038+00:00
147771e3-890,mapillary_310393700454417,mapillary,310393700454417,18.476261707965,73.862303710619,351,130,444,238,238,0.429,opencv_hough_v1,candidate,2026-09-08T16:59:24.834283+00:00
53853f07-db0,mapillary_310393700454417,mapillary,310393700454417,18.476261707965,73.862303710619,351,583,529,112,112,0.458,opencv_hough_v1,candidate,2026-09-08T16:59:24.840466+00:00
e1bf0305-31b,mapillary_310393700454417,mapillary,310393700454417,18.476261707965,73.862303710619,351,910,252,114,226,0.53,opencv_hough_v1,candidate,2026-09-08T16:59:24.845862+00:00
c8c6fa60-9ea,mapillary_310393700454417,mapillary,310393700454417,18.476261707965,73.862303710619,351,736,230,138,138,0.433,opencv_hough_v1,candidate,2026-09-08T16:59:24.853047+00:00
f6f91b61-2f8,mapillary_310393700454417,mapillary,310393700454417,18.476261707965,73.862303710619,351,122,440,120,120,0.551,opencv_hough_v1,candidate,2026-09-08T16:59:24.859539+00:00
07012589-aa5,mapillary_310393700454417,mapillary,310393700454417,18.476261707965,73.862303710619,351,436,429,94,94,0.506,opencv_hough_v1,candidate,2026-09-08T16:59:24.865499+00:00
1af904ba-1f9,mapillary_310393700454417,mapillary,310393700454417,18.476261707965,73.862303710619,351,184,425,180,180,0.505,opencv_hough_v1,candidate,2026-09-08T16:59:24.871199+00:00
235f0407-040,mapillary_310393700454417,mapillary,310393700454417,18.476261707965,73.862303710619,351,643,555,180,180,0.414,opencv_hough_v1,candidate,2026-09-08T16:59:24.876757+00:00
33bc0eac-519,mapillary_310393700454417,mapillary,310393700454417,18.476261707965,73.862303710619,351,631,229,124,124,0.431,opencv_hough_v1,candidate,2026-09-08T16:59:24.882879+00:00
629a60db-238,mapillary_310393700454417,mapillary,310393700454417,18.476261707965,73.862303710619,351,324,414,82,82,0.521,opencv_hough_v1,candidate,2026-09-08T16:59:24.888494+00:00
ea5ea0a4-1b1,mapillary_310393700454417,mapillary,310393700454417,18.476261707965,73.862303710619,351,0,476,98,98,0.528,opencv_hough_v1,candidate,2026-09-08T16:59:24.894459+00:00
dd96658b-ec1,mapillary_310393700454417,mapillary,310393700454417,18.476261707965,73.862303710619,351,89,449,204,204,0.471,opencv_hough_v1,candidate,2026-09-08T16:59:24.900557+00:00
986e1d04-557,mapillary_310393700454417,mapillary,310393700454417,18.476261707965,73.862303710619,351,124,440,188,188,0.494,opencv_hough_v1,candidate,2026-09-08T16:59:24.906504+00:00
c8580c08-479,mapillary_310393700454417,mapillary,310393700454417,18.476261707965,73.862303710619,351,907,293,117,188,0.584,opencv_hough_v1,candidate,2026-09-08T16:59:24.913669+00:00
2afdcc6b-9ef,mapillary_310393700454417,mapillary,310393700454417,18.476261707965,73.862303710619,351,582,231,118,118,0.396,opencv_hough_v1,candidate,2026-09-08T16:59:24.919757+00:00
0bded08f-cdd,mapillary_310393700454417,mapillary,310393700454417,18.476261707965,73.862303710619,351,902,270,82,82,0.522,opencv_hough_v1,candidate,2026-09-08T16:59:24.925548+00:00
a215a112-e12,mapillary_310393700454417,mapillary,310393700454417,18.476261707965,73.862303710619,351,443,449,176,176,0.435,opencv_hough_v1,candidate,2026-09-08T16:59:24.931399+00:00
8ca7ed23-583,mapillary_310393700454417,mapillary,310393700454417,18.476261707965,73.862303710619,351,260,441,148,148,0.555,opencv_hough_v1,candidate,2026-09-08T16:59:24.937246+00:00
56fdb494-c56,mapillary_310393700454417,mapillary,310393700454417,18.476261707965,73.862303710619,351,782,377,96,96,0.395,opencv_hough_v1,candidate,2026-09-08T16:59:24.943143+00:00
4341435c-f06,mapillary_310393700454417,mapillary,310393700454417,18.476261707965,73.862303710619,351,607,435,90,90,0.48,opencv_hough_v1,candidate,2026-09-08T16:59:24.948881+00:00
e6c04cee-476,mapillary_310393700454417,mapillary,310393700454417,18.476261707965,73.862303710619,351,280,459,228,228,0.411,opencv_hough_v1,candidate,2026-09-08T16:59:24.955319+00:00
3304766b-aa5,mapillary_310393700454417,mapillary,310393700454417,18.476261707965,73.862303710619,351,94,401,80,80,0.444,opencv_hough_v1,candidate,2026-09-08T16:59:24.963222+00:00
3215fd28-2ec,mapillary_310393700454417,mapillary,310393700454417,18.476261707965,73.862303710619,351,97,467,76,76,0.509,opencv_hough_v1,candidate,2026-09-08T16:59:24.968643+00:00
247f1746-273,mapillary_310393700454417,mapillary,310393700454417,18.476261707965,73.862303710619,351,356,215,148,148,0.548,opencv_hough_v1,candidate,2026-09-08T16:59:24.974528+00:00
abe4056b-802,mapillary_310393700454417,mapillary,310393700454417,18.476261707965,73.862303710619,351,836,198,132,132,0.459,opencv_hough_v1,candidate,2026-09-08T16:59:24.980303+00:00
f80ab46c-cf8,mapillary_310393700454417,mapillary,310393700454417,18.476261707965,73.862303710619,351,408,412,82,82,0.504,opencv_hough_v1,candidate,2026-09-08T16:59:24.985519+00:00
a00a3346-728,mapillary_310393700454417,mapillary,310393700454417,18.476261707965,73.862303710619,351,507,265,80,80,0.583,opencv_hough_v1,candidate,2026-09-08T16:59:24.990930+00:00
bb1b76a9-998,mapillary_310393700454417,mapillary,310393700454417,18.476261707965,73.862303710619,351,809,364,102,102,0.425,opencv_hough_v1,candidate,2026-09-08T16:59:24.996787+00:00
c71f644e-56a,mapillary_310393700454417,mapillary,310393700454417,18.476261707965,73.862303710619,351,467,447,88,88,0.473,opencv_hough_v1,candidate,2026-09-08T16:59:25.002361+00:00
ebf5ad94-2f2,mapillary_310393700454417,mapillary,310393700454417,18.476261707965,73.862303710619,351,537,460,88,88,0.42,opencv_hough_v1,candidate,2026-09-08T16:59:25.010059+00:00
9d0491d9-43f,mapillary_310393700454417,mapillary,310393700454417,18.476261707965,73.862303710619,351,851,273,82,82,0.492,opencv_hough_v1,candidate,2026-09-08T16:59:25.016320+00:00
0dc14cad-47a,mapillary_310393700454417,mapillary,310393700454417,18.476261707965,73.862303710619,351,214,252,120,120,0.354,opencv_hough_v1,candidate,2026-09-08T16:59:25.021860+00:00
a780f4e1-d65,mapillary_310393700454417,mapillary,310393700454417,18.476261707965,73.862303710619,351,259,346,98,98,0.389,opencv_hough_v1,candidate,2026-09-08T16:59:25.027278+00:00
84a64196-efb,mapillary_310393700454417,mapillary,310393700454417,18.476261707965,73.862303710619,351,283,427,104,104,0.55,opencv_hough_v1,candidate,2026-09-08T16:59:25.032696+00:00
70e109a6-850,mapillary_310393700454417,mapillary,310393700454417,18.476261707965,73.862303710619,351,930,264,86,86,0.508,opencv_hough_v1,candidate,2026-09-08T16:59:25.038240+00:00
a10af592-a1b,mapillary_310393700454417,mapillary,310393700454417,18.476261707965,73.862303710619,351,0,399,130,130,0.573,opencv_hough_v1,candidate,2026-09-08T16:59:25.043718+00:00
dd67cf27-575,mapillary_310393700454417,mapillary,310393700454417,18.476261707965,73.862303710619,351,0,272,140,140,0.407,opencv_hough_v1,candidate,2026-09-08T16:59:25.049897+00:00
9228ad6e-6bf,mapillary_310393700454417,mapillary,310393700454417,18.476261707965,73.862303710619,351,262,421,82,82,0.45,opencv_hough_v1,candidate,2026-09-08T16:59:25.055578+00:00
b8693688-716,mapillary_310393700454417,mapillary,310393700454417,18.476261707965,73.862303710619,351,700,250,80,80,0.435,opencv_hough_v1,candidate,2026-09-08T16:59:25.062942+00:00
a9b96fad-d6f,mapillary_310393700454417,mapillary,310393700454417,18.476261707965,73.862303710619,351,700,178,164,164,0.41,opencv_hough_v1,candidate,2026-09-08T16:59:25.070709+00:00
362070df-0d7,mapillary_310393700454417,mapillary,310393700454417,18.476261707965,73.862303710619,351,72,481,128,128,0.544,opencv_hough_v1,candidate,2026-09-08T16:59:25.076534+00:00
4459c6f2-07d,mapillary_310393700454417,mapillary,310393700454417,18.476261707965,73.862303710619,351,330,418,122,122,0.577,opencv_hough_v1,candidate,2026-09-08T16:59:25.082021+00:00
8692c18b-18f,mapillary_310393700454417,mapillary,310393700454417,18.476261707965,73.862303710619,351,330,255,90,90,0.515,opencv_hough_v1,candidate,2026-09-08T16:59:25.087560+00:00
f0dbb0c3-263,mapillary_310393700454417,mapillary,310393700454417,18.476261707965,73.862303710619,351,153,443,120,120,0.532,opencv_hough_v1,candidate,2026-09-08T16:59:25.093257+00:00
6be72b9d-a80,mapillary_310393700454417,mapillary,310393700454417,18.476261707965,73.862303710619,351,890,388,88,88,0.518,opencv_hough_v1,candidate,2026-09-08T16:59:25.098939+00:00
cc8e7261-5be,mapillary_310393700454417,mapillary,310393700454417,18.476261707965,73.862303710619,351,0,510,190,190,0.464,opencv_hough_v1,candidate,2026-09-08T16:59:25.104719+00:00
fb12dddd-8d5,mapillary_310393700454417,mapillary,310393700454417,18.476261707965,73.862303710619,351,581,461,72,72,0.414,opencv_hough_v1,candidate,2026-09-08T16:59:25.110095+00:00
9cf8e4b7-ef2,mapillary_310393700454417,mapillary,310393700454417,18.476261707965,73.862303710619,351,592,180,168,168,0.403,opencv_hough_v1,candidate,2026-09-08T16:59:25.117540+00:00
8bef3131-20c,mapillary_310393700454417,mapillary,310393700454417,18.476261707965,73.862303710619,351,954,359,70,124,0.631,opencv_hough_v1,candidate,2026-09-08T16:59:25.124028+00:00
ad9f0450-3ef,mapillary_310393700454417,mapillary,310393700454417,18.476261707965,73.862303710619,351,0,358,86,86,0.427,opencv_hough_v1,candidate,2026-09-08T16:59:25.129827+00:00
ded45d68-4fc,mapillary_310393700454417,mapillary,310393700454417,18.476261707965,73.862303710619,351,341,477,152,152,0.497,opencv_hough_v1,candidate,2026-09-08T16:59:25.135855+00:00
0b991221-92c,mapillary_310393700454417,mapillary,310393700454417,18.476261707965,73.862303710619,351,882,217,104,104,0.44,opencv_hough_v1,candidate,2026-09-08T16:59:25.141645+00:00
6895ff9c-0e8,mapillary_310393700454417,mapillary,310393700454417,18.476261707965,73.862303710619,351,452,264,62,62,0.413,opencv_hough_v1,candidate,2026-09-08T16:59:25.147169+00:00
508a0b75-0e2,mapillary_310393700454417,mapillary,310393700454417,18.476261707965,73.862303710619,351,537,205,122,122,0.487,opencv_hough_v1,candidate,2026-09-08T16:59:25.152995+00:00
0f4d14e5-913,mapillary_310393700454417,mapillary,310393700454417,18.476261707965,73.862303710619,351,0,438,120,120,0.531,opencv_hough_v1,candidate,2026-09-08T16:59:25.158717+00:00
9d4113fa-831,mapillary_310393700454417,mapillary,310393700454417,18.476261707965,73.862303710619,351,71,489,72,72,0.468,opencv_hough_v1,candidate,2026-09-08T16:59:25.164515+00:00
49e2edab-874,mapillary_310393700454417,mapillary,310393700454417,18.476261707965,73.862303710619,351,408,289,64,64,0.429,opencv_hough_v1,candidate,2026-09-08T16:59:25.171263+00:00
151fb1ab-8a6,mapillary_310393700454417,mapillary,310393700454417,18.476261707965,73.862303710619,351,706,516,162,162,0.438,opencv_hough_v1,candidate,2026-09-08T16:59:25.177366+00:00
7e2165af-83d,mapillary_310393700454417,mapillary,310393700454417,18.476261707965,73.862303710619,351,620,382,74,74,0.46,opencv_hough_v1,candidate,2026-09-08T16:59:25.183121+00:00
1b6f17e8-86c,mapillary_310393700454417,mapillary,310393700454417,18.476261707965,73.862303710619,351,265,457,72,72,0.497,opencv_hough_v1,candidate,2026-09-08T16:59:25.188540+00:00
bfc881b1-3c7,mapillary_310393700454417,mapillary,310393700454417,18.476261707965,73.862303710619,351,685,371,66,66,0.484,opencv_hough_v1,candidate,2026-09-08T16:59:25.200026+00:00
4acb7255-eb4,mapillary_310393700454417,mapillary,310393700454417,18.476261707965,73.862303710619,351,441,519,156,156,0.406,opencv_hough_v1,candidate,2026-09-08T16:59:25.205715+00:00
e97751aa-511,mapillary_310393700454417,mapillary,310393700454417,18.476261707965,73.862303710619,351,0,299,104,104,0.36,opencv_hough_v1,candidate,2026-09-08T16:59:25.211117+00:00
910bcb3a-18e,mapillary_310393700454417,mapillary,310393700454417,18.476261707965,73.862303710619,351,12,459,70,70,0.53,opencv_hough_v1,candidate,2026-09-08T16:59:25.223654+00:00
8a105dc8-76d,mapillary_310393700454417,mapillary,310393700454417,18.476261707965,73.862303710619,351,541,414,64,64,0.465,opencv_hough_v1,candidate,2026-09-08T16:59:25.229432+00:00
ee8a492d-3cf,mapillary_310393700454417,mapillary,310393700454417,18.476261707965,73.862303710619,351,598,570,90,90,0.372,opencv_hough_v1,candidate,2026-09-08T16:59:25.234643+00:00
fa476f8a-00a,mapillary_310393700454417,mapillary,310393700454417,18.476261707965,73.862303710619,351,289,214,116,116,0.525,opencv_hough_v1,candidate,2026-09-08T16:59:25.241321+00:00
04a0adfc-e61,mapillary_310393700454417,mapillary,310393700454417,18.476261707965,73.862303710619,351,438,211,106,106,0.47,opencv_hough_v1,candidate,2026-09-08T16:59:25.248648+00:00
758c1867-d55,mapillary_310393700454417,mapillary,310393700454417,18.476261707965,73.862303710619,351,916,403,98,98,0.51,opencv_hough_v1,candidate,2026-09-08T16:59:25.254850+00:00
e37e8793-9a5,mapillary_310393700454417,mapillary,310393700454417,18.476261707965,73.862303710619,351,534,249,78,78,0.519,opencv_hough_v1,candidate,2026-09-08T16:59:25.260687+00:00
431852f6-79b,mapillary_310393700454417,mapillary,310393700454417,18.476261707965,73.862303710619,351,418,454,74,74,0.481,opencv_hough_v1,candidate,2026-09-08T16:59:25.266360+00:00
809a5e83-d00,mapillary_310393700454417,mapillary,310393700454417,18.476261707965,73.862303710619,351,61,413,72,72,0.554,opencv_hough_v1,candidate,2026-09-08T16:59:25.273208+00:00
8ac1cbca-1fd,mapillary_310393700454417,mapillary,310393700454417,18.476261707965,73.862303710619,351,324,296,70,70,0.382,opencv_hough_v1,candidate,2026-09-08T16:59:25.279541+00:00
bfbf12d6-ad8,mapillary_310393700454417,mapillary,310393700454417,18.476261707965,73.862303710619,351,221,460,58,58,0.4,opencv_hough_v1,candidate,2026-09-08T16:59:25.285021+00:00
d54d1f82-a25,mapillary_310393700454417,mapillary,310393700454417,18.476261707965,73.862303710619,351,744,276,58,58,0.5,opencv_hough_v1,candidate,2026-09-08T16:59:25.290536+00:00
d2b5663e-658,mapillary_310393700454417,mapillary,310393700454417,18.476261707965,73.862303710619,351,903,481,121,172,0.372,opencv_hough_v1,candidate,2026-09-08T16:59:25.296181+00:00
a9ab349c-a4a,mapillary_310393700454417,mapillary,310393700454417,18.476261707965,73.862303710619,351,912,206,104,104,0.415,opencv_hough_v1,candidate,2026-09-08T16:59:25.301723+00:00
c76d27ef-8ad,mapillary_310393700454417,mapillary,310393700454417,18.476261707965,73.862303710619,351,16,343,98,98,0.446,opencv_hough_v1,candidate,2026-09-08T16:59:25.307847+00:00
6787c806-f26,mapillary_310393700454417,mapillary,310393700454417,18.476261707965,73.862303710619,351,788,421,72,72,0.396,opencv_hough_v1,candidate,2026-09-08T16:59:25.313491+00:00
f7e1b8c5-d07,mapillary_310393700454417,mapillary,310393700454417,18.476261707965,73.862303710619,351,5,284,66,66,0.357,opencv_hough_v1,candidate,2026-09-08T16:59:25.319607+00:00
d95fe3fd-8a1,mapillary_310393700454417,mapillary,310393700454417,18.476261707965,73.862303710619,351,255,401,64,64,0.445,opencv_hough_v1,candidate,2026-09-08T16:59:25.326645+00:00
f2bf6b37-5e5,mapillary_310393700454417,mapillary,310393700454417,18.476261707965,73.862303710619,351,365,413,66,66,0.478,opencv_hough_v1,candidate,2026-09-08T16:59:25.332746+00:00
551fbb49-089,mapillary_310393700454417,mapillary,310393700454417,18.476261707965,73.862303710619,351,330,464,66,66,0.559,opencv_hough_v1,candidate,2026-09-08T16:59:25.338432+00:00
04052349-846,mapillary_310393700454417,mapillary,310393700454417,18.476261707965,73.862303710619,351,696,596,146,146,0.437,opencv_hough_v1,candidate,2026-09-08T16:59:25.344931+00:00
956283b1-43a,mapillary_310393700454417,mapillary,310393700454417,18.476261707965,73.862303710619,351,900,464,124,150,0.378,opencv_hough_v1,candidate,2026-09-08T16:59:25.350956+00:00
f5c9d6cc-15b,mapillary_310393700454417,mapillary,310393700454417,18.476261707965,73.862303710619,351,134,498,66,66,0.553,opencv_hough_v1,candidate,2026-09-08T16:59:25.356933+00:00
16784785-ecb,mapillary_310393700454417,mapillary,310393700454417,18.476261707965,73.862303710619,351,45,510,62,62,0.461,opencv_hough_v1,candidate,2026-09-08T16:59:25.363164+00:00
9883b3b5-fc0,mapillary_310393700454417,mapillary,310393700454417,18.476261707965,73.862303710619,351,0,302,128,128,0.389,opencv_hough_v1,candidate,2026-09-08T16:59:25.370605+00:00
b96d1b88-66b,mapillary_310393700454417,mapillary,310393700454417,18.476261707965,73.862303710619,351,900,559,104,104,0.42,opencv_hough_v1,candidate,2026-09-08T16:59:25.376387+00:00
c1ba2de3-40e,mapillary_310393700454417,mapillary,310393700454417,18.476261707965,73.862303710619,351,669,526,94,94,0.388,opencv_hough_v1,candidate,2026-09-08T16:59:25.383860+00:00
cca51628-3bd,mapillary_310393700454417,mapillary,310393700454417,18.476261707965,73.862303710619,351,488,256,54,54,0.509,opencv_hough_v1,candidate,2026-09-08T16:59:25.390227+00:00
873ad08b-375,mapillary_310393700454417,mapillary,310393700454417,18.476261707965,73.862303710619,351,2,530,42,42,0.496,opencv_hough_v1,candidate,2026-09-08T16:59:25.396263+00:00
c947417f-5ca,mapillary_310393700454417,mapillary,310393700454417,18.476261707965,73.862303710619,351,28,520,104,104,0.48,opencv_hough_v1,candidate,2026-09-08T16:59:25.402057+00:00
d2b6a8e1-f8b,mapillary_310393700454417,mapillary,310393700454417,18.476261707965,73.862303710619,351,833,261,70,70,0.38,opencv_hough_v1,candidate,2026-09-08T16:59:25.407566+00:00
07565d9c-7b3,mapillary_310393700454417,mapillary,310393700454417,18.476261707965,73.862303710619,351,888,265,56,56,0.483,opencv_hough_v1,candidate,2026-09-08T16:59:25.413372+00:00
b9aae5df-dfb,mapillary_310393700454417,mapillary,310393700454417,18.476261707965,73.862303710619,351,702,214,90,90,0.382,opencv_hough_v1,candidate,2026-09-08T16:59:25.418780+00:00
b28a8423-9ba,mapillary_310393700454417,mapillary,310393700454417,18.476261707965,73.862303710619,351,942,610,80,80,0.473,opencv_hough_v1,candidate,2026-09-08T16:59:25.424691+00:00
0aa945c7-8c8,mapillary_310393700454417,mapillary,310393700454417,18.476261707965,73.862303710619,351,822,411,70,70,0.405,opencv_hough_v1,candidate,2026-09-08T16:59:25.437890+00:00
344219cc-161,mapillary_310393700454417,mapillary,310393700454417,18.476261707965,73.862303710619,351,664,207,104,104,0.399,opencv_hough_v1,candidate,2026-09-08T16:59:25.444452+00:00
d32ecfb7-c58,mapillary_310393700454417,mapillary,310393700454417,18.476261707965,73.862303710619,351,647,643,100,100,0.407,opencv_hough_v1,candidate,2026-09-08T16:59:25.451374+00:00
6cd8f841-66c,mapillary_310393700454417,mapillary,310393700454417,18.476261707965,73.862303710619,351,682,556,106,106,0.449,opencv_hough_v1,candidate,2026-09-08T16:59:25.457240+00:00
ff40d647-ab8,mapillary_310393700454417,mapillary,310393700454417,18.476261707965,73.862303710619,351,0,349,94,94,0.356,opencv_hough_v1,candidate,2026-09-08T16:59:25.463511+00:00
7c70fa2d-2f5,mapillary_310393700454417,mapillary,310393700454417,18.476261707965,73.862303710619,351,967,257,57,74,0.501,opencv_hough_v1,candidate,2026-09-08T16:59:25.474257+00:00
18149ce6-94e,mapillary_310393700454417,mapillary,310393700454417,18.476261707965,73.862303710619,351,772,211,94,94,0.354,opencv_hough_v1,candidate,2026-09-08T16:59:25.493573+00:00
30311724-953,mapillary_310393700454417,mapillary,310393700454417,18.476261707965,73.862303710619,351,745,531,68,68,0.354,opencv_hough_v1,candidate,2026-09-08T16:59:25.506554+00:00
15b4f720-36a,mapillary_310393700454417,mapillary,310393700454417,18.476261707965,73.862303710619,351,944,572,80,82,0.408,opencv_hough_v1,candidate,2026-09-08T16:59:25.513594+00:00
8cc1f236-f03,mapillary_310393700454417,mapillary,310393700454417,18.476261707965,73.862303710619,351,928,640,96,118,0.44,opencv_hough_v1,candidate,2026-09-08T16:59:25.520411+00:00
47d202ca-399,mapillary_310393700454417,mapillary,310393700454417,18.476261707965,73.862303710619,351,861,434,48,48,0.409,opencv_hough_v1,candidate,2026-09-08T16:59:25.527214+00:00
432b298e-7af,mapillary_310393700454417,mapillary,310393700454417,18.476261707965,73.862303710619,351,182,234,66,66,0.377,opencv_hough_v1,candidate,2026-09-08T16:59:25.533567+00:00
cdcb3c00-ee9,mapillary_310393700454417,mapillary,310393700454417,18.476261707965,73.862303710619,351,799,601,60,60,0.354,opencv_hough_v1,candidate,2026-09-08T16:59:25.541589+00:00
3ceeeed2-134,mapillary_310393700454417,mapillary,310393700454417,18.476261707965,73.862303710619,351,649,702,100,66,0.429,opencv_hough_v1,candidate,2026-09-08T16:59:25.548960+00:00
82c8bc7f-fe2,mapillary_310393700454417,mapillary,310393700454417,18.476261707965,73.862303710619,351,501,218,80,80,0.538,opencv_hough_v1,candidate,2026-09-08T16:59:25.558994+00:00
16c2cd01-6d3,mapillary_310393700454417,mapillary,310393700454417,18.476261707965,73.862303710619,351,37,229,62,62,0.353,opencv_hough_v1,candidate,2026-09-08T16:59:25.566989+00:00
75c9dbd7-942,mapillary_310393700454417,mapillary,310393700454417,18.476261707965,73.862303710619,351,15,407,52,52,0.522,opencv_hough_v1,candidate,2026-09-08T16:59:25.582438+00:00
c7126e5b-51b,mapillary_310393700454417,mapillary,310393700454417,18.476261707965,73.862303710619,351,2,551,88,88,0.464,opencv_hough_v1,candidate,2026-09-08T16:59:25.589892+00:00
fcdf3806-9fd,mapillary_310393700454417,mapillary,310393700454417,18.476261707965,73.862303710619,351,918,647,62,62,0.41,opencv_hough_v1,candidate,2026-09-08T16:59:25.597377+00:00
a3b57211-093,mapillary_310393700454417,mapillary,310393700454417,18.476261707965,73.862303710619,351,755,488,68,68,0.507,opencv_hough_v1,candidate,2026-09-08T16:59:25.619896+00:00
8de3fc69-cd7,mapillary_310393700454417,mapillary,310393700454417,18.476261707965,73.862303710619,351,23,535,56,56,0.442,opencv_hough_v1,candidate,2026-09-08T16:59:25.629441+00:00
